contents_id	contents_name	uniq_events	uniq_users
225	理科	8	5
40c48dab939a482f04dcecde07e27de6	No.8_2017年度　追試験　英語【筆記】 第５問	9	1
838e8afb1ca34354ac209f53d90c3a43	The Golden Goose Book	172	10
416849da96fb73bee793e2bf65ae43ac	11_立体の中を動く球	708	33
e7e69cdf28f8ce6b69b4e1853ee21bab	形容詞副詞副詞名詞級英並べ替え本文から2025 1115	96	6
05128e44e27c36bdba71221bfccf735d	30_１年数学「連立方程式」週末課題No.29	117	12
9627c45df543c816a3ddf2d8ea686a99	西京高入試過去問2022解答解説	7	1
cb8da6767461f2812ae4290eac7cbc42	青チャート数III 第3章 微分法 (問＆解答)	47	4
cbb6a3b884f4f88b3a8e3d44c636cbd8	0512 西京力テスト	216	35
dc5689792e08eb2e219dce49e64c885b	15_正の数負の数(魔方陣・部分分数分解)解答例	83	11
d94e18a8adb4cc0f623f7a83b1ac75b4	The Only True Mother Goose Melodies	67	6
10a5ab2db37feedfdeaab192ead4ac0e	0507_08 メネラウスの定理・チェバの定理	118	11
79f69230354b71206fb723c571cce58b	4_四則混合・展開 解答例	140	12
959a557f5f6beb411fd954f3f34b21c3	No.7(0530)	2	1
131	テスト2025 1-C	11	5
287e03db1d99e0ec2edb90d079e142f3	0515図形と相似「etime  平行四辺形の中の三角形」解答	22	3
f9be311e65d81a9ad8150a60844bb94c	The Three Jovial Huntsmen	75	6
ebb71045453f38676c40deb9864f811d	0530円の性質「2円の共通外接円」解答	37	6
3c333aadfc3ee8ecb8d77ee31197d96a	250918 ３年8章Blineテスト　模範解答	58	16
b2ab001909a8a6f04b51920306046ce5	0620三平方の定理「３辺がわかる三角形の面積を求める」	408	25
46515dcd99ea50dd0671bc6840830404	R7夏休みの演習課題（中３）模範解答	10847	40
cf05968255451bdefe3c5bc64d550517	03_3章Bラインテスト 模範解答	195	32
ab452534c5ce28c4fbb0e102d4a4fb2e	【3B】4編 2章 1 消費者としてできること～権利と責任～	22	4
358aee4cc897452c00244351e4d91f69	250826 夏休み明けテスト　詳しい解説	633	32
bc7316929fe1545bf0b98d114ee3ecb8	0529 ５章・６章テスト勉強用	55	5
fa1e9c965314ccd7810fb5ea838303e5	01_1章Bラインテスト解説	230	17
1145a30ff80745b56fb0cecf65305017	コース表示用テストPDF_BR	106	27
77c493ec14246d748db3ee8fce0092db	Scene 1-2 本文	930	39
6403675579f6114559c90de0014cd3d6	1年生サマサテ課題2	324	20
89a4779d3836ea432f7ea074e522a17e	26_１年数学「式の計算・連立方程式」週末課題No.26	12	5
ddeebdeefdb7e7e7a697e1c3e3d8ef54	P2	5	2
1bd36c9ae813f304363ae6ac7f48068e	12_さまざまな問題	5649	116
c8c41c4a18675a74e01c8a20e8a0f662	0521解答例 図形の調べ方「証明練習１」	172	23
224e5e49814ca908e58c02e28a0462c1	1031平方根（循環小数）解答例	279	40
3fc2c60b5782f641f76bcefc39fb2392	[サクシード数Ⅱ]第4章 三角関数	651	31
a4d2f0d23dcc84ce983ff9157f8b7f88	Stories Pictures Tell. Book 7	20	1
9dc372713683fd865d366d5d9ee810ba	8_比例.反比例の利用（速さ,歯車）	1487	117
d2ddea18f00665ce8623e36bd4e3c7c5	（旧）改・未来へひろがる数学3_入試問題	46	5
8c1b6fa97c4288a4514365198566c6fa	0717確率演習（座標平面上  辺上を動く点）	1345	40
daca41214b39c5dc66674d09081940f0	10_0428正の数・負の数(指数) 解答	282	30
add217938e07bb1fd8796e0315b88c10	No.13(0709)タッチペン	8869	39
7edfd52220e2032e7281061c82401195	R7 No.12(1006)	31	5
b73ce398c39f506af761d2277d853a92	4章 変化と対応（R7用 未来へひろがる数学1）	1465	25
9b04d152845ec0a378394003c96da594	7章 三平方の定理（R7用 未来へひろがる数学3）	1668	20
e945de21a1bb5714a0bc8a897ed32e9f	19_１年数学「空間図形」週末課題No19	614	22
852c44ddce7e0c7e4c64d86147300831	【17】 2014年度　本試験　英語【筆記】 第４問　Ａ	89	4
84c2d4860a0fc27bcf854c444fb8b400	1107展開因数分解演習解答例	177	36
167434fa6219316417cd4160c0c5e7d2	36_２年数学「関数」週末課題No.36	449	29
d494020ff8ec181ef98ed97ac3f25453	演習問題②（解法３）	1594	2
d2b15c75c0c389b49c2efbea79cdc946	R7 No.24(0309)	3725	29
0950ca92a4dcf426067cfd2246bb5ff3	新課程版サクシード数B 総合問題 (問＆解答)	67	4
2e65f2f2fdaf6c699b223c61b1b5ab89	No.11(0704)	2	1
ca8a2d76a5bcc212226417361a5f0740	26_１年数学「式の計算・連立方程式」週末課題No.26解答例 	39	8
c45147dee729311ef5b5c3003946c48f	サクセスコーチ英語３年【2025】_解答	3805	25
19de10adbaa1b2ee13f77f679fa1483a	4_工夫して解く方程式	1448	42
7b66e8931c93da8c88a0a8b6dec62f9e	R7 1年前期期末　リスニングテストスクリプト	117	14
7b66b4fd401a271a1c7224027ce111bc	0707 MES 7-2025	2	1
279	サクシード数Ⅰ（新課程版）	2	1
510	Lesson03	4	2
6883966fd8f918a4aa29be29d2c386fb	解答[STEP中1]算数の復習	313	22
fb508ef074ee78a0e58c68be06d8a2eb	A Child\'s Garden of Verses	11	4
e60e81c4cbe5171cd654662d9887aec2	07_１年数学「文字の式」週末課題No.7	27	7
f499d34bd87b42948b3960b8f6b82e74	250908 ３年7章Blineテスト　詳しい解説	976	33
fb2fcd534b0ff3bbed73cc51df620323	Simple Simon	404	14
b74084f67608d5d35079175712568095	Unit 10 Bline（模範解答）	466	34
1b9f38268c50805669fd8caf8f3cc84a	14_空間図形演習	4844	116
28b60a16b55fd531047c0c958ce14b95	R7_夏休みの課題説明	435	32
74791edf1f8e8b8289a5067737630874	32_後期中間数学S	459	31
352407221afb776e3143e8a1a0577885	[STEP中1]第2章 文字と式 学習のポイント	229	25
5481b2f34a74e427a2818014b8e103b0	25_２年数学「平方根」週末課題No.25	321	19
6cf821bc98b2d343170185bb3de84cc4	42_後期期末テスト数S	366	26
fc221309746013ac554571fbd180e1c8	5章 平面図形（R7用 未来へひろがる数学1）	2545	33
6c9882bbac1c7093bd25041881277658	春休み明けテスト模範解答	74	15
f63f65b503e22cb970527f23c9ad7db1	サクシード数 A 第1章 場合の数と確率 (問＆解答)	745	11
39ae2ed11b14a4ccb41d35e9d1ba5d11	1022_平方根「さまざまな面積の正方形(導入)」解答例	74	18
41bcfd9ab658ebaac1661f58080aad6b	R7 1年後期期末　定期テスト解答用紙	143	22
8d8f733a7c2a2ea60df6439a28a2b9a3	0205二次関数10「円と放物線」解答例	810	85
069654d5ce089c13f642d19f09a3d1c0	[STEP中2]第5章 三角形と四角形	6270	69
8b313cbf30999888de32da1ec83ff503	R7 No.13(1027)	7543	32
4e0d67e54ad6626e957d15b08ae128a6	ログパレテスト用_20250523	19	2
243	模範解答	7	3
51f3eb940fd73a19119534c063967bff	No.24(1219)	28942	117
b056eb1587586b71e2da9acfe4fbd19e	No.8(0613)解答	2	1
0ab922ba3e948387b4b2a85fcb83d194	27_１年数学「3学年共通問題」週末課題No.27解答例	271	20
ac1ad983e08ad3304a97e147f522747e	0707三平方の定理「正四角錐の内接球の表面積と体積・正八面体の内接球」模範解答	77	10
f7e0b956540676a129760a3eae309294	R7 No.10(0707)	4164	37
415e1af7ea95f89f4e375162b21ae38c	No.14(0716)タッチペン	29840	106
38db3aed920cf82ab059bfccbd02be6a	数学広場3年_力をつけよう	4	2
475d66314dc56a0df8fb8f7c5dbbaf78	99_テスト前演習（発展）	5988	55
35309226eb45ec366ca86a4329a2b7c3	12_図形の調べ方Bライン	290	24
074177d3eb6371e32c16c55a3b8f706b	R7_3年夏休みの演習課題（解答）	6	2
952c3ff98a6acdc36497d839e31aa57c	No.13(0912) 解答	101	24
49ad23d1ec9fa4bd8d77d02681df5cfa	0612三平方の定理「演習」	752	12
c4d2ce3f3ebb5393a77c33c0cd95dc93	1211二次方程式「二次方程式の利用3」（動点・座標問題）	1015	40
494ba9ff03bdad881378a6fd4092a6c7	22_２年数学「式の展開と因数分解」週末課題No.22	315	40
633	冬季休業	7	5
323	青チャート数Ｂ（新課程版）	1	1
980a875ff6ef9c2d75e74307cbf5d205	1006後期数Ｓ「01 平方完成」模範解答	119	21
2517756c5a9be6ac007fe9bb7fb92611	R7_NH2_補充リーディングワークシートこたえ6－10	163	16
59dfa2df42d9e3d41f5b02bfc32229dd	1024A_1114BC 後期数Ｓ「06 等周問題6」	16405	106
4c22bd444899d3b6047a10b20a2f26db	The Young Captives	221	6
ee8fe9093fbbb687bef15a38facc44d2	0708三平方の定理「いろいろな問題」模範解答	2	1
b181eaa49f5924e16c772dcb718fcd0f	1203, 1204 No.27 7MES	3836	114
e58aea67b01fa747687f038dfde066f6	12_2年数学週末課題「図形の性質と証明」No.12	72	12
a01610228fe998f515a72dd730294d87	Stories Pictures Tell. Book 5	29	1
70afbf2259b4449d8ae1429e054df1b1	R7 No.24(0309)	4786	35
b2f627fff19fda463cb386442eac2b3d	【解答編】Sirius21国語発展Vol.1	3749	37
3e60e09c222f206c725385f53d7e567c	R7 前期期末テスト模範解答	387	36
3fb451ca2e89b3a13095b059d8705b15	5/30-２つ目テストPDF（田仲）	4	1
f718499c1c8cef6730f9fd03c8125cab	7章 三平方の定理（R7用 未来へひろがる数学3）	22	3
9ef2ed4b7fd2c810847ffa5fa85bce38	15_式の展開と因数分解Bライン（40分）解答例	570	88
229754d7799160502a143a72f6789927	Unit 3 Bline（模範解答）0623	42	9
4c2e5eaae9152079b9e95845750bb9ab	1212二次方程式「二次方程式の利用4」（各種方程式）	1799	38
fddd7938a71db5f81fcc621673ab67b7	R7 1年前期中間テスト模範解答	494	24
5a4b25aaed25c2ee1b74de72dc03c14e	0423図形と相似「正三角形の分割問題」発展演習	5931	41
a226e450e214f350856e2980b6e55ac9	14_確率・箱ひげ図Bライン	401	14
6aca97005c68f1206823815f66102863	02_１年数学「正負の数」週末課題0425解答例	194	16
bd470ca955d9497bbcb808e59952fffc	学年末1「テストに選ばれなかった問題たち」解答例	189	32
c8862fc1a32725712838863fb1a260b9	21_前期期末テスト数学 模範解答	150	34
5be278a9e02bed9248a4674ff62fea2c	Unit4 授業スライド	276	11
1e0a84051e6a4a7381473328f43c4884	3章自己評価シート（まとめ例）	536	46
c8cbd669cfb2f016574e9d147092b5bb	0611三平方の定理「導入課題」	3810	39
335d3d1cd7ef05ec77714a215134914c	No.22(1205)解答	24	9
99296ad1eb8cd89661d163ddea3f16f1	0121二次関数1「定義域・値域」	1474	42
52b738b303d90a884137546353e09ebb	09WH1024解答	3	1
eefc9e10ebdc4a2333b42b2dbb8f27b6	No.8(0613)解答	2	1
bad5f33780c42f2588878a9d07405083	06_１年数学「正負の数,文字の式」週末課題No.6	54	15
c4819d06b0ca810d38506453cfaae9d8	【課題説明】R8春休みの課題説明	199	35
4e62e752ae53fb6a6eebd0f6146aa702	0626三平方の定理「共通接線」	11722	39
b571ecea16a9824023ee1af16897a582	Ruth Fielding in the Great Northwest; Or, The Indian Girl Star of the Movies	12	3
b23975176653284f1f7356ba5539cfcb	[STEP中3]第5章 相似 学習のポイント	65	5
ed4227734ed75d343320b6a5fd16ce57	11_テスト前トレーニング2	2112	25
90599c8fdd2f6e7a03ad173e2f535751	2025 2年前期中間テスト模範解答	2	1
45f31d16b1058d586fc3be7207b58053	Little Mary	252	13
39cd7b469beae7c617c73e0d008195ef	R7_NH2_補充リーディングワークシート自習課題５０分用1-5	12818	35
1dba5eed8838571e1c80af145184e515	R7 No.11(0922)	6100	40
92c8c96e4c37100777c7190b76d28233	数学広場3年_学びをふりかえろう	25	6
533fa796b43291fc61a9e812a50c3fb6	1210二次方程式「二次方程式の利用2」（整数・容積）	1339	38
17c276c8e723eb46aef576537e9d56d0	0428_一次関数の利用「動点問題」解答例	76	17
16738419b15b05e74e1ecb164430bfa8	解答[新課程版サクシード数III]第5章 積分法	59	2
c42f891cebbc81aa59f8f183243ac2b9	2年1章自己評価シート（まとめ例）	254	23
490	第6章場合の数と確率	4	1
73	教科書3-B[数学]	4	2
80	テスト	11	6
621c090c3a61c6809130675a63897a0f	【19冬】 2014年度　追試験　英語【筆記】 第４問　Ａ	124	4
7ffd85d93a3e4de5c490d304ccd9f864	前期中間模範	381	37
e58cc5ca94270acaceed13bc82dfedf7	America\'s Black and White Book: One Hundred Pictured Reasons Why We Are At War	250	11
d7fd118e6f226a71b5f1ffe10efd0a78	0613図形の性質と証明（直角三角形の合同1）解答例	209	22
9cf742e94f29f454ac42ff68f37d5cc4	【7冬】 2017年度　本試験　英語【筆記】 第６問	2225	98
0d27688c61c5a172e8e45956cd70cba2	260224  ３年後期期末テスト(数Ｓ)　模範解答	137	22
6c340f25839e6acdc73414517203f5f0	科学実験Library	8	1
72007983849f4fcb0ad565439834756b	★ELEMENT U5 Scene34	598	38
0415740eaa4d9decbc8da001d3fd805f	【3C】4編 2章 1 消費者としてできること～権利と責任～_OCR	4	2
68d309812548887400e375eaa036d2f1	012_３年数学「三平方の定理」週末課題No.012生徒解答	2	1
ec5aa0b7846082a2415f0902f0da88f2	0520円の性質「基本理解度チェック」	19	5
36a1694bce9815b7e38a9dad05ad42e0	My Flower-pot	264	10
62889e73828c756c961c5a6d6c01a463	009_３年数学「円の性質」週末課題No.009生徒解答	248	12
18997733ec258a9fcaf239cc55d53363	0423図形と相似「正三角形の分割問題」発展演習	1865	15
6c29793a140a811d0c45ce03c1c93a28	No.7(0530)	2	1
331cc28f8747a032890d0429b5a5f0e5	Initial+Password+Manual+(for+facultystaff+with+an+SPS-ID)	1	1
ad82140cafe816c41a9c9974e9240b7a	ELEMENTI L3 S34	2598	39
75fc093c0ee742f6dddaa13fff98f104	ELEMENTⅡ L1 S34	4568	72
c793b3be8f18731f2a4c627fb3c6c63d	学年末2「二重根号」 	4693	74
a7f0d2b95c60161b3f3c82f764b1d1c9	6_三元一次・置き換え2	2430	100
82aa4b0af34c2313a562076992e50aa3	6章 空間図形（R7用 未来へひろがる数学1）	1426	22
4db0f8b0fc895da263fd77fc8aecabe4	1007 式の展開と因数分解「因数分解演習①」_解答	336	30
320722549d1751cf3f247855f937b982	R7 No.２ (0421)	6338	43
6cd9313ed34ef58bad3fdd504355e72c	2025bookroll001 the great wall黄色マーカーを引こう	999	39
625	数学広場2	2	1
7380ad8a673226ae47fce7bff88e9c33	0425図形と相似「中点連結定理」解答	655	34
093f65e080a295f8076b1c5722a46aa2	[STEP中1]第1章 正の数と負の数	43932	44
149e9677a5989fd342ae44213df68868	6章 空間図形（R7用 未来へひろがる数学1）	1501	29
d7b76edf790923bf7177f7ebba5978df	0122二次関数2「定義域・値域の習熟を図る」解答例	928	84
b99d193b66a6542917d2b7bee52c2574	研究大会（別解３）	624	6
a3545bd79d31f9a72d3a78690adf73fc	0613図形の性質と証明（直角三角形の合同1）解答例	112	17
3e1953b572576cc82887d4100a29a02c	0206二次関数11「放物線と四角形の習熟を図る」	2829	115
6a2feef8ed6a9fe76d6b3f30f02150b4	A Picture-book of Merry Tales	433	15
5caf41d62364d5b41a893adc1a9dd5d4	The Tale of Johnny Town-Mouse	96	6
d1fe173d08e959397adf34b1d77e88d7	（旧）改・未来へひろがる数学2	16392	42
3a029f04d76d32e79367c4b3255dda4d	The Adventures of Samuel and Selina	60	5
491442df5f88c6aa018e86dac21d3606	Ruth Fielding in Moving Pictures; Or, Helping the Dormitory Fund	13	4
40008b9a5380fcacce3976bf7c08af5b	00_春テスト 解答	100	23
892c91e0a653ba19df81a90f89d99bcd	ELEMENT I L2S12	3801	61
fd5ac6ce504b74460b93610f39e481f7	R7 No.18(1215)	9986	41
1aa057313c28fa4a40c5bc084b11d276	20_２年数学「式の展開と因数分解」週末課題No.20(解答)	299	38
4671aeaf49c792689533b00664a5c3ef	The Trial of William Tinkling	44	3
294	テスト関連	3	2
784	春季課題	5	2
5505712229fb1eb500efadddc0353264	1203特別講座(最大公約数)解答例 	113	18
ea159dc9788ffac311592613b7f71fbb	0708三平方の定理「いろいろな問題」	2563	38
53e3a7161e428b65688f14b84d61c610	0507_08 メネラウスの定理・チェバの定理	2221	41
801272ee79cfde7fa5960571fee36b9b	011_３年数学「三平方の定理」週末課題No.011	11	5
0cd6a652ed1f7811192db1f700c8f0e7	R7_NH2_補充リーディングワークシートこたえ1－5	323	30
217e342fc01668b10cb1188d40d3370e	03_R7夏休み明けテスト解答	156	34
ea8fcd92d59581717e06eb187f10666d	06_１年数学「正負の数,文字の式」週末課題No.6	33	7
02f657d55eaf1c4840ce8d66fcdaf90c	【16】 2015年度　追試験　英語【筆記】 第５問	91	4
4e46e93a054f94c059e1fa4701f5a892	34_１年数学「データの活用」週末課題No.34 解答例	66	14
ba3866600c3540f67c1e9575e213be0a	No.6(0523)解答	2	1
ddd9dda6bfaf0bb1525a8a27c3ee6131	新課程版サクシード数III 第1章 関数 (問＆解答)	427	6
4e2545f819e67f0615003dd7e04a6087	An Alphabet of Celebrities	715	12
3fe78a8acf5fda99de95303940a2420c	Familiar Animals	918	33
cc9657884708170e160c8372d92f3535	西京2014フロスト解答例	6	2
465	長期休業課題	9	5
cd0dce8fca267bf1fb86cf43e18d5598	S_ログパレテスト用_20250523	147	2
731c83db8d2ff01bdc000083fd3c3740	A Child\'s Garden of Verses	1715	69
95f6870ff3dcd442254e334a9033d349	[STEP中1]第6章 空間図形 学習のポイント	1182	58
3f5ee243547dee91fbd053c1c4a845aa	22_２年数学「式の展開と因数分解」週末課題No.22	218	38
e6acf4b0f69f6f6e60e9a815938aa1ff	【12】 2016年度　追試験　英語【筆記】 第５問	291	11
7f5fc754c7af0a6370c9bf91314e79f4	10_演習	803	39
7f6caf1f0ba788cd7953d817724c2b6e	解答[青チャート数III] 総合演習第1部	7	1
39d352b0395ba768e18f042c6e2a8621	夏休み明けテスト復習問題	476	6
07563a3fe3bbe7e3ba84431ad9d055af	【解答編】Sirius21国語発展Vol.3	3022	28
442cde81694ca09a626eeddefd1b74ca	No.09(0611)タッチペン	6128	35
34609bdc08a07ace4e1526bbb1777673	2年2章自己評価シート（まとめ例）	231	24
99be9f83741d1275639df2c1e4d0072f	24_２年数学「因数分解復習」週末課題No.24	97	14
53f0d7c537d99b3824f0f99d62ea2428	夏休み課題英文解説つき	807	36
f770b62bc8f42a0b66751fe636fc6eb0	ESP32-C3-DEVKIT-RUST-1	1	1
f75526659f31040afeb61cb7133e4e6d	250908 ３年7章Blineテスト　問題用紙	537	14
163	中3 教科書（R7用）2-B	6	2
473	夏季休業	17	6
261	問題集1-34[数学]外進	2	1
9fe4e15b3924b1a78221734d0c063ae7	1_データの傾向や特徴	242	31
08f90c1a417155361a5c4b8d297e0d78	0617図形の性質と証明（外心・内心の証明）	4316	78
8a3363abe792db2d8761d6403605aeb7	Cole\'s Funny Picture Book No. 1	540	15
fa2431bf9d65058fe34e9713e32d60e6	14_不等式の利用	3192	118
5e02b868a91671f9140a41f3946f33cb	1215二次方程式「二次方程式の利用5」（解と係数の関係1）解答例	709	55
ccd2e3eaa5c991ac880991328c8f1463	1007 式の展開と因数分解「因数分解演習①」_解答	355	37
854d6fae5ee42911677c739ee1734486	4章 図形の調べ方（R7用 未来へひろがる数学2）	600	16
6da9003b743b65f4c0ccd295cc484e57	8章 標本調査とデータの活用（R7用 未来へひろがる数学3）	426	29
71560ce98c8250ce57a6a970c9991a5f	EEQ2019part1 a-e1202シート5	8	3
810dfbbebb17302018ae903e9cb7a483	31_２年数学「3学年共通課題」週末課題No.31	204	17
9246444d94f081e3549803b928260f56	7_食塩水(難問)	2904	38
0c0a7566915f4f24853fc4192689aa7e	Unit2 授業スライド	2154	31
320	サクシード数Ｂ（新課程版）	6	4
630	冬季休業	6	3
59	令和7年度版STEP演習[中2]	2	1
159	中3 教科書（R7用）2-A	3	2
82965d4ed8150294d4330ace00821d77	Wonderful Balloon Ascents; Or, The Conquest of the Skies	266	6
fdf1bc5669e8ff5ba45d02fded729feb	0917標本調査とデータの活用「推定」	3135	40
402b0702500cd47ff36e689465afd783	後期期末解答	300	31
ce758408f6ef98d7c7a7b786eca7b3a8	家庭科_3栄養素の種類と働き_300dpi	15	2
d9d4f495e875a2e075a1a4a6e1b9770f	[STEP中3]第5章 相似	3738	28
052335232b11864986bb2fa20fa38748	0611三平方の定理「導入課題」	3468	36
a00e5eb0973d24649a4a920fc53d9564	解答[STEP中1]学年末問題	263	24
4baf54f36935058bcc696fcef3f4689b	025_３年数学「難関入試問題に挑戦」週末課題No.025	206	40
059fdcd96baeb75112f09fa1dcc740cc	Unit3 授業スライド	2000	33
2952351097998ac1240cb2ab7333a3d2	0626三平方の定理「共通接線」模範解答	16	2
846c260d715e5b854ffad5f70a516c88	14_0508正の数・負の数(仮平均)模範解答	39	12
a486cd07e4ac3d270571622f4f316ec5	青チャート数III 第2章 極限 (問＆解答)	247	6
375c71349b295fbe2dcdca9206f20a06	11_前期中間テスト数学	536	20
6271faadeedd7626d661856b7a004e27	模範解答　Unit 5 Bline	91	15
537d9b6c927223c796cac288cced29df	２文字の式　自己評価シート	206	22
1be883eec3231f9fe43c35bd1b4b3bb5	【3冬】 2018年度　追試験　英語【筆記】 第４問　Ａ	1925	72
336	問題集2-567[数学]文標準1	7	4
44c4c17332cace2124a1a836d9fc4b6f	0501図形と相似「基本理解度チェック　解答用紙」	19	3
a3eb043e7bf775de87763e9f8121c953	0702 三平方の定理「円柱に内接する球」模範解答	200	19
fae0b27c451c728867a567e8c1bb4e53	0502_１次関数「直線と図形に関する問題」「線分と交わる直線の傾き」解答例	190	16
82cadb0649a3af4968404c9f6031b233	0613図形の性質と証明（直角三角形の合同1）	720	36
4ecb679fd35dcfd0f0894c399590be1a	R7 1年後期中間 Listening script	62	16
735143e9ff8c47def504f1ba0442df98	No.20(1114)解答	82	23
a1f0cf94512f963e5ed4edd9af70e2cc	33_１年数学「データの活用」週末課題No.33	70	13
db8e1af0cb3aca1ae2d0018624204529	3章 二次方程式（R7用 未来へひろがる数学3）	1254	26
5fd0b37cd7dbbb00f97ba6ce92bf5add	サクセスコーチ英語２年【2025】_解答	6355	36
7750ca3559e5b8e1f44210283368fc16	0502_１次関数「直線と図形に関する問題」「線分と交わる直線の傾き」	831	39
ef72d53990bc4805684c9b61fa64a102	No.17 0930 7MES	6	1
ec1f850d934f440cfa8e4a18d2cf5463	[青チャート数Ⅰ]総合演習第1部	77	3
d3d80b656929a5bc0fa34381bf42fbdd	0911標本調査とデータの活用「導入課題」模範解答	14	3
b5a1fc2085986034e448d2ccc5bb9703	12_図形の調べ方Bライン解答例	184	26
88ef51f0bf911e452e8dbb1d807a81ab	解答[STEP中3]第3章 2次方程式	4319	61
3e6260b81898beacda3d16db379ed329	0630図形の性質と証明（等積変形）	2319	39
f76a89f0cb91bc419542ce9fa43902dc	0502図形と相似「etime  アーチを作る」	4057	38
de73998802680548b916f1947ffbad76	8_方程式の利用（割合）	1250	43
1ff8a7b5dc7a7d1f0ed65aaa29c04b1e	4章 変化と対応（R7用 未来へひろがる数学1）	3259	35
fba9d88164f3e2d9109ee770223212a0	7_食塩水(難問)	2763	34
9824f9c1543628a85bb51d2dd6fcf8a3	No.3_2018年度　追試験　英語【筆記】 第４問　Ａ	9	1
88a199611ac2b85bd3f76e8ee7e55650	11_テスト前トレーニング2	3103	31
f74909ace68e51891440e4da0b65a70c	0422図形と相似「内角の二等分線」発展演習解答	363	13
477b02d99dd6c00c5ba852bb9a9e1f6c	23_２年数学「式の展開と因数分解」「平方根」週末課題No.23	226	18
2321994d85d661d792223f647000c65f	250702_Lunch_Yamauchi	13	5
8cb22bdd0b7ba1ab13d742e22eed8da2	No.2(0425)解答	35	9
1373b284bc381890049e92d324f56de0	02_2章Bラインテスト	795	24
1aa3d9c6ce672447e1e5d0f1b5207e85	解答[チャート式数C]第4章 式と曲線	34	3
b710915795b9e9c02cf10d6d2bdb688c	11_テスト前トレーニング2 解答	469	21
999600eb275cc7196161261972daa59b	0708三平方の定理「いろいろな問題」	260	20
da0b566359c3862f20b5072c3d49bd0f	1222二次方程式「二次方程式の利用10」（４次方程式）	1409	39
65fc9fb4897a89789352e211ca2d398f	015_３年数学「三平方の定理」週末課題No.015	269	17
41	STEP中2	6	4
d5ff135377d39f1de7372c95c74dd962	冬休み課題　その２（高校入試問題）	3548	40
96da2f590cd7246bbde0051047b0d6f7	数学広場1年_力をつけよう	217	21
d806ca13ca3449af72a1ea5aedbed26a	前期期末解答	341	35
f2e84d98d6dc0c7acd56b40509355666	1219二次方程式「二次方程式の利用9」（連立二元二次方程式）	742	40
aa486f25175cbdc3854151288a645c19	06_１年数学「正負の数,文字の式」週末課題No.6解答例	155	7
9bb6dee73b8b0ca97466ccb24fff3139	0627 三平方の定理「円の性質」	8025	35
d7619beb6eb189509885fbc192d2874b	【10】 2016年度　本試験　英語【筆記】 第５問	2891	102
109f91266ef89cc3690079b28abfe9a3	★ELEMENTⅡ L8_①②	3870	58
cd4bb35c75ba84b4f39e547b1416fd35	0626三平方の定理「共通接線」	721	22
e19347e1c3ca0c0b97de5fb3b690855a	Christmas Roses	505	32
04025959b191f8f9de3f924f0940515f	02_2年数学週末課題「関数」No.0２	148	20
36660e59856b4de58a219bcf4e27eba3	1章 式の展開と因数分解（R7用 未来へひろがる数学3）	1233	27
8e98d81f8217304975ccb23337bb5761	No.1(0418)解答	1232	38
cec6f62cfb44b1be110b7bf70c8362d8	11_一次関数Bライン補習	136	11
0fd7e4f42a8b4b4ef33394d35212b13e	R7 春課題A 解答例（２年生になる前の確認編）	3664	111
3b712de48137572f3849aabd5666a4e3	Death and Burial of Poor Cock Robin	66	5
08c5433a60135c32e34f46a71175850c	02_１年数学「正負の数」週末課題0425解答例	312	29
72da7fd6d1302c0a159f6436d01e9eb0	0507_08 メネラウスの定理・チェバの定理(追加問題)	26	7
24ec8468b67314c2013d215b77034476	020_３年数学「難関入試問題に挑戦」週末課題No.020	288	42
97e48472142cfdd1cd5d5b5ca6831cf4	R7 No.22(0209)	5795	29
20c86a628232a67e7bd46f76fba7ce12	sn-article	33	2
b2eb7349035754953b57a32e2841bda5	No.1(0418)解答	637	39
244edd7e85dc81602b7615cd705545f5	99_テスト前演習（発展）	804	24
9a86d531e19ec6f5937ad1373bb118bd	6_データの活用レポート【見本】	274	34
1cd138d0499a68f4bb72bee04bbec2d7	0910箱ひげ図演習（入試問題より）解答例	147	14
69d1fc78dbda242c43ad6590368912d4	4_工夫して解く方程式	2510	40
766ebcd59621e305170616ba3d3dac32	12_0501正の数・負の数(四則計算基礎演習)	297	28
1896a3bf730516dd643ba67b4c447d36	Negro life in New York\'s Harlem	43	4
9ed9328611fe3f45b3cce8ffe386ee97	0710三平方の定理「中線定理」	1529	36
7a68443f5c80d181c42967cd71612af1	99_方程式(確認テスト) 解答	767	114
1c65cef3dfd1e00c0b03923a1c591db4	The Devil\'s picture-books	81	6
42e7aaa88b48137a16a1acd04ed91125	No.3(0509)	826	17
8d55a249e6baa5c06772297520da2051	新課程版サクシード数C 第1章 平面ベクトル (問＆解答)	262	19
92a0e7a415d64ebafcb16a8ca817cde4	【3】 2018年度　追試験　英語【筆記】 第４問　Ａ	3504	112
bfbb56bee68d99affaa64f189045d5f2	07WH1017解答	1	1
c559da2ba967eb820766939a658022c8	The Silent Partner	26	3
83f2550373f2f19492aa30fbd5b57512	0529 ５章・６章テスト勉強用　詳しい解説	233	15
5f0f5e5f33945135b874349cfbed4fb9	No.6(0523)解答	2	1
7ae11af20803185120e83d3ce4fb4ed7	1016A_21BC_後期数Ｓ「02 整数問題」模範解答	307	17
b4288d9c0ec0a1841b3b3728321e7088	12_0501正の数・負の数(四則計算基礎演習）解答	390	39
d395771085aab05244a4fb8fd91bf4ee	数学広場3年_力をつけよう	81	6
4462bf0ddbe0d0da40e1e828ebebeb11	３方程式・不等式自己評価シート	737	24
a36b0dcd1e6384abc0e1867860ad3ee3	14_テスト前演習	7305	98
058d6f2fbe951a5a56d96b1f1a6bca1c	[サクシード数A]第2章 図形の性質	286	18
dfa92d8f817e5b08fcaafb50d03763cf	008_３年数学「円の性質」週末課題No.008	52	10
52c670999cdef4b09eb656850da777c4	32_１年数学「データの活用」週末課題No.32解答例	308	21
46	問題集3-A[数学]	4	3
17	2025年度中学1年A組[英語]	5	2
a1d0c6e83f027327d8461063f4ac58a6	[STEP中2]第3章 1次関数	2915	39
4f8bc5ac1dc2b49434efe9e72f183de8	1212二次方程式「二次方程式の利用4」（各種方程式）	1970	39
e48e13207341b6bffb7fb1622282247b	Tommy Tatters	158	9
c3535febaff29fcb7c0d20cbe94391c7	011_３年数学「三平方の定理」週末課題No.011	2	1
a9a1d5317a33ae8cef33961c34144f84	03-2_1年数学GW中の課題0502	3764	42
82161242827b703e6acf9c726942a1e4	1章 正の数・負の数（R7用 未来へひろがる数学1）	26632	44
18a010d2a9813e91907ce88cd9143fdf	R7 No.22(0209)	5641	31
f6d9e459b9fbf6dd26c4f7d621adec1d	複数コース登録PDF_いつも確かめよう ミシン（下糸と上糸の準備 縫う）_OCR_フリガナ削除	4	1
81c2f886f91e18fe16d6f4e865877cb6	0902三平方の定理「正四面体と円柱」模範解答	241	23
333222170ab9edca4785c39f55221fe7	青チャート数B 第3章 数学と社会生活 (問＆解答)	54	1
cd3afef9b8b89558cd56638c3631868a	0701 三平方の定理「関数」 	352	22
33e8075e9970de0cfea955afd4644bb2	003_３年数学「相似」週末課題No.003生徒解答	219	16
1271a7029c9df08643b631b02cf9e116	12_作図とおうぎ形の計量（復習）	7900	110
79a49b3e3762632813f9e35f4ba53d6c	The Real Mother Goose	3132	91
bd853b475d59821e100d3d24303d7747	10_係数と解・2元1次の整数解	4389	115
e1e32e235eee1f970470a3a6658dfdd5	02WH解答	209	22
158f3069a435b314a80bdcb024f8e422	01WH 解答	172	32
9996535e07258a7bbfd8b132435c5962	The Courtship, Marriage, and Pic-Nic Dinner of Cock Robin & Jenny Wren	52	4
5b8add2a5d98b1a652ea7fd72d942dac	0418 図形と相似「平行線と比」	5070	39
47810f956e3d8fb8a32fb276448b464d	大人になれなかった弟たちに	72	3
470	長期休業課題	9	5
319	サクシード数Ⅱ（新課程版）	4	2
160	中3 数学広場 2-A	2	1
60e1deb043af37db5ea4ce9ae8d2c9ea	3-2_等比数列	11	1
370bfb31abd222b582245b977ea5f25a	250908 ３年7章Blineテスト　詳しい解説	972	40
464d828b85b0bed98e80ade0a5c43b0f	12_前期中間テスト数S 模範解答	121	22
1728efbda81692282ba642aafd57be3a	サンプルPDF2	72	8
c7af0926b294e47e52e46cfebe173f20	３章　問題集(STEP)チェックシート	101	13
14ea0d5b0cf49525d1866cb1e95ada5d	0626図形の性質と証明（平行四辺形になる条件）	1916	34
645098b086d2f9e1e0e939c27f9f2d6f	青チャート数Ⅱ 第2章 複素数と方程式 (問＆解答)	69	3
d1a69640d53a32a9fb13e93d1c8f3104	02_2章Bラインテスト	1476	24
d7322ed717dedf1eb4e6e52a37ea7bcd	7_食塩水	3587	40
42a0e188f5033bc65bf8d78622277c4e	00_春テスト	161	26
b6e32320fa6bc5a588b90183b95dc028	0702 三平方の定理「円柱に内接する球」	6303	38
98afdcc1ebd85daa0f1749c5e56b9d8c	11_立体の中を動く球　解答例	40	4
e9b73bccd1762555582b513ff9d02492	青チャート数A 総合演習第2部  (問＆解答)	34	1
42d6c7d61481d1c21bd1635f59edae05	0530円の性質「2円の共通外接円」解答	125	9
801c14f07f9724229175b8ef8b4585a8	Harrison\'s Amusing Picture and Poetry Book	51	3
aafd8346a677af9db717afeadf6b62ec	No.35 0126, 0127	4813	117
cfa0860e83a4c3a763a7e62d825349f7	4章 関数y=ax2（R7用 未来へひろがる数学3）	1479	27
5c572eca050594c7bc3c36e7e8ab9550	No.5(0516)解答	56	12
69a5b5995110b36a9a347898d97a610e	Footsteps on the Road to Learning; Or, The Alphabet in Rhyme	37	6
8a057268a74a5f1201285aa667585e15	1016A_21BC_後期数Ｓ「02 整数問題」模範解答	167	14
013d407166ec4fa56eb1e1f8cbe183b9	00_春テスト	91	20
3cfbdf468f0a03187f6cee51a25e5e9a	R7_NH2_補充リーディングワークシートこたえ6－10	40	7
ff1418e8cc993fe8abcfe3ce2003e5c5	11_前期中間テスト数学 解説	863	34
ab24cd2b811ee48a416fc7a833d736a9	0108二次方程式「二次方程式の利用12」（様々な利用・対称式）解答例	394	32
1714726c817af50457d810aae9d27a2e	01_1章Bラインテスト	170	15
595	中2 教科書（R7用）1-B	6	4
387	3章演習プリント 2025 1-B	22	12
b06b5541a62ed438f956b662b4e1ec28	夏休み課題英文解説つき	591	32
f106b7f99d2cb30c3db1c3cc0fde9ccb	解答[STEP中1]第5章 平面図形	12704	84
eca89c0554ce99eaf250504971789ede	1222二次方程式「二次方程式の利用10」（４次方程式）解答例 	697	69
916d3891a243c10fede49f9c276f1a20	進学サテライト英語1205	29	3
c45008212f7bdf6eab6050c2a564435a	0612三平方の定理「演習」模範解答	431	38
3eb71f6293a2a31f3569e10af6552658	My Dog Tray	529	21
e0688d13958a19e087e123148555e4b4	250826 夏休み明けテスト　問題用紙	168	11
dff8e9c2ac33381546d96deea9922999	20251010週末課題「ベネッセ対策Ｂ」模範解答	1033	92
44f683a84163b3523afe57c2e008bc8c	[STEP中1]第1章 正の数と負の数 学習のポイント	538	31
0afa92fc0f8a9cf051bf2961b06ac56b	5-2_作図トレーニング 2 (問題・解答)	487	40
312351bff07989769097660a56395065	解答[STEP中3]第1章 式の計算	6852	65
c5d9256689c43036581f781c61f26e50	1008 式の展開と因数分解「因数分解演習①」_解答	247	28
dca5672ff3444c7e997aa9a2c4eb2094	99_宮部教頭先生特別課題_解答例	96	14
3837a451cd0abc5ce4069304c5442c87	No.13(0709)タッチペン	11819	38
cdd96eedd7f695f4d61802f8105ba2b0	解答[サクシード数A]第1章 場合の数と確率	1255	19
7989edad14ebcd3adfacc7344dc6b739	14_2年数学週末課題「図形の性質と証明」No.14	53	8
6244b2ba957c48bc64582cf2bcec3d04	0910箱ひげ図演習（入試問題より）	323	21
dc09c97fd73d7a324bdbfe7c79525f64	7_食塩水(難問) 解答例	548	37
a82d922b133be19c1171534e6594f754	[STEP中1]第7章 データの活用	15010	92
8fecb20817b3847419bb3de39a609afe	0507_１次関数「回転体の体積」解答例	247	12
286674e3082feb7e5afb92777e48821f	The Story of Little Black Mingo	29	2
05b8caaf6ba6f4bdb68675ab8b893bda	1010 式の展開と因数分解「因数分解演習③」_解答	5	1
577ef1154f3240ad5b9b413aa7346a1e	3章 二次方程式（R7用 未来へひろがる数学3）	5	2
31b91e3a8737fd8dd3d4b0c8c679049b	冬休みの課題説明	486	37
81dc9bdb52d04dc20036dbd8313ed055	The Circus Procession	354	9
8e987cf1b2f1f6ffa6a43066798b4b7f	夏休み明けテスト復習問題_answer	12	2
086af6e4641abb18caafc151b9aa95c8	R7 1年後期期末　定期テスト解答用紙	419	39
309a8e73b2cdb95fc1affa8845504e87	【18】 2014年度　本試験　英語【筆記】 第５問	64	4
6855456e2fe46a9d49d3d3af4f57443d	02_2年数学週末課題「関数」No.0２	238	19
578	多読	1	1
211	第4章図形の調べ方	2	1
8d7628dd7a710c8638dbd22d4421ee46	Unit 7 Bline（模範解答）	253	22
d8330f857a17c53d217014ee776bfd50	010_３年数学「三平方の定理」週末課題No.010生徒解答	284	17
d40e0a2a2f466a90ee2630fc925e7af9	33_２年数学「二次方程式」週末課題No.33	272	22
7f1de29e6da19d22b51c68001e7e0e54	00_春テスト	2	1
8597a6cfa74defcbde3047c891d78f90	Dame Duck\'s First Lecture on Education	218	7
4500e4037738e13c0c18db508e18d483	1107展開因数分解演習	129	13
d9731321ef4e063ebbee79298fa36f56	No.10(0704)解答	551	16
2a2717956118b4d223ceca17ce3865e2	11/10_動作確認用（1016新規：写真・画像アップロード機能）	164	3
c4fa7aecedac73641320d24d5bf3bf38	14_空間図形演習 解答例	78	23
fec8d47d412bcbeece3d9128ae855a7a	0516図形と相似「etime  補助線の利用（切断１）」解答	24	3
272e11700558e27be60f7489d2d782e7	R7 1年前期期末　リスニングテストスクリプト	106	15
f60bb6bb4c96d4df93c51bd69dcc15a0	6/5クイズCSV[STEP中1]第2章 文字と式	130	3
cfa5301358b9fcbe7aa45b1ceea088c6	8_利用（周の長さ・薬師算）解答例	194	18
207	テスト	4	2
105	週末課題解答例	7	4
c0e19ce0dbabbc0d17a4f8d4324cc8e3	0126二次関数3「接線の式」	1114	40
5e751896e527c862bf67251a474b3819	解答[青チャート数Ⅰ]第3章 2次関数	3864	48
8eefcfdf5990e441f0fb6f3fad709e21	サンプルPDF	245	8
170c944978496731ba71f34c25826a34	[STEP中1]第2章 文字と式	8676	41
65699726a3c601b9f31bf04019c8593c	青チャート数Ⅱ 第5章 指数関数と対数関数 (問＆解答)	75	4
7fec306d1e665bc9c748b5d2b99a6e97	16_正の数負の数(部分分数分解 2)解答例	40	9
18d8042386b79e2c279fd162df0205c8	No.2(0425)解答	48	11
884ce4bb65d328ecb03c598409e2b168	The History of Insects	85	4
077e29b11be80ab57e1a2ecabb7da330	春休み明けテスト模範解答	192	31
00a03ec6533ca7f5c644d198d815329c	EEQ2019part1 a-e1202シート4	17	6
84b20b1f5a0d103f5710bb67a043cd78	0717確率演習（座標平面上  辺上を動く点）	1678	40
554	3年2章平方根	2	1
346	問題集2-567[数学]文発展	7	4
103303dd56a731e377d01f6a37badae3	R7 春課題B 解答例（入試問題編）	6139	102
d282ef263719ab842e05382dc235f69e	The Story of a Pumpkin Pie	223	12
14678db82874f1456031fcc05a3afaf6	西京高入試過去問2022解答解説	85	5
42a3964579017f3cb42b26605b9ae8ef	01_前期中間数学解答例	79	12
7647966b7343c29048673252e490f736	001_３年数学「関数」週末課題No.001	165	14
8cb94e7a9661ea20b1293c589216d396	図形と計量発展演習プリント（愛宕嶺）	349	8
78b9cab19959e4af8ff46156ee460c74	7_食塩水 解答例	267	27
9e6a921fbc428b5638b3986e365d4f21	1014 式の展開と因数分解「因数分解演習④」 演習	3638	41
8248a99e81e752cb9b41da3fc43fbe7f	Holiday Romance	252	16
e515df0d202ae52fcebb14295743063b	250408 ３年春休み明けテスト　問題用紙　兼　詳しい解説	2	1
129	問題集1-B[数学]	61	22
350	サクシード数Ｂ（新課程版）	7	3
542	5章演習プリント 2025 1-C	3	2
26ff6f4ca1cfca4861eb91876f706746	17_二次方程式Bライン	2241	61
389bc7bb1e1c2a5e7e147703232a88f6	10_0428正の数・負の数(指数) 	5033	43
64f07f012a35c83d7c556ba0b69ef64e	2年1章自己評価シート（まとめ例）	95	12
cf9a242b70f45317ffd281241fa66502	Household Stories by the Brothers Grimm	235	7
1f72e258ff730035f2a1fb6637f562c2	解答[新課程版サクシード数III]総合問題	12	2
4f6ffe13a5d75b2d6a3923922b3922e5	0422図形と相似「内角の二等分線」発展演習	87	5
fd272fe04b7d4e68effd01bddcc6bb34	0128二次関数4「式・交点・三角形の面積」	4350	117
7ef605fc8dba5425d6965fbd4c8fbe1f	No.0(0417)	10935	43
70fc5f043205720a49d973d280eb83e7	14WH1212解答	44	6
2b7b82a7ec6de40781fd6ef338b41892	10WH1031解答	25	4
d10ec7c16cbe9de8fbb1c42787c3ec26	Tom Slade : Boy Scout of the Moving Pictures	76	2
7de32147a4f1055bed9e4faf3485a84d	11WH1107解答	9	3
13e5ebb0fa112fe1b31a1067962d74a7	5_A=B=C・置き換え解答例	326	35
39059724f73a9969845dfe4146c5660e	1章 式の展開と因数分解（R7用 未来へひろがる数学3）	2477	35
73c03186765e199c116224b68adc5fa0	1112平方根（無理数係数）	2098	38
ea204361fe7f024b130143eb3e189a18	012_３年数学「三平方の定理」週末課題No.012生徒解答	25	5
b4d168b48157c623fbd095b4a565b5bb	科学実験Library	63	4
fcac695db02687ffb7955b66a43fe6e6	R7 No.21(0202)	8906	33
a6d5ab67798f3a675dc50c1d5b6c03d4	99_テスト前演習（発展） 解答	834	41
ec5decca5ed3d6b8079e2e7e7bacc9f2	01_2年数学週末課題「数列」No.01	279	22
379a7ba015d8bf1c70b8add2c287c6fa	ELEMENTⅡ L4Summary	242	31
895daa408f494ad58006c47a30f51c1f	22_１年数学「空間図形」週末課題No.22	181	28
e034fb6b66aacc1d48f445ddfb08da98	The Buckle My Shoe Picture Book	38	3
325995af77a0e8b06d1204a171010b3a	250616 ３年6章Blineテスト　問題用紙	952	31
d63fbf8c3173730f82b150c5ef38b8ff	12_図形の調べ方Bライン解答例	120	21
a0a080f42e6f13b3a2df133f073095dd	250413 How to use Bookroll	3023	150
e721a54a8cf18c8543d44782d9ef681f	2章自己評価シート（まとめ例）	484	21
a42a596fc71e17828440030074d15e74	Punky Dunk and the Mouse	183	4
1d7f7abc18fcb43975065399b0d1e48e	数学広場1年_力をつけよう	32	8
68264bdb65b97eeae6788aa3348e553c	0501_１次関数「グラフの読み取り」解答例	57	13
59f51fd6937412b7e56ded1ea2470c25	No.10(0704)	8346	41
8b4066554730ddfaa0266346bdc1b202	A Story Garden for Little Children	829	30
ef8446f35513a8d6aa2308357a268a7e	[STEP中2]学年末問題	241	13
eaa52f3366768bca401dca9ea5b181dd	【20】 2014年度　追試験　英語【筆記】 第５問	81	4
770c0e7e2af0db73409aa2431aa8f33e	26_１年数学「式の計算・連立方程式」週末課題No.26解答例 	53	7
b9d487a30398d42ecff55c228ed5652b	Book of 50 Pictures	496	20
3b9be7e15b46c42911f39a4a9e861022	11_演習2-1	1867	119
6eb6e75fddec0218351dc5c0c8464104	Old Christmas: from the Sketch Book of Washington Irving	59	2
beed13602b9b0e6ecb5b568ff5058f07	0421図形と相似「内角の二等分線」解答	108	14
2dace78f80bc92e6d7493423d729448e	0502図形と相似「etime  アーチを作る」解答	35	7
582967e09f1b30ca2539968da0a174fa	28_２年数学「二次方程式」週末課題No.28	367	30
8038da89e49ac5eabb489cfc6cea9fc1	[STEP中2]1年の復習	706	67
87	数S Wednesday	3	2
25	STEP中2	14	5
74	教科書3-C[数学]	2	1
816b112c6105b3ebd537828a39af4818	No.3(0509)	428	11
8c9a14ffebb7677d033ffce847991293	13_座標平面上での最短経路	33458	114
da9e6a4a4aeca98588e4dd77ceb37695	023_３年数学「難関入試問題に挑戦」週末課題No.023生徒解答	1105	61
da6ea77475918a3d83c7e49223d453cc	1114平方根（根号を含む計算2）解答例	400	47
2715518c875999308842e3455eda2fe3	The 3 Little Kittens	175	7
93db85ed909c13838ff95ccfa94cebd9	250408 ３年春休み明けテスト　解答用紙	246	30
3bbfdde8842a5c44a0323518eec97cbe	0602円の性質「ヘロンの公式」	2753	37
fb60d411a5c5b72b2e7d3527cfc84fd0	The Moving Picture Girls at Oak Farm	59	2
5a99158e0c52f9e7d290906c9d08268d	0903三平方の定理「立方体の切断」模範解答	188	17
7a006957be65e608e863301eb98e1808	250918 ３年8章Blineテスト　模範解答	10	4
662	MES February	4	2
209	Lesson02	2	1
560	6章演習プリント 2025 1-B	6	3
c09f9caf5e08836d4673ccdd69bb041e	【3冬】 2018年度　追試験　英語【筆記】 第４問　Ａ	2417	102
ffd52f3c7e12435a724a8f30fddadd9c	01_１年数学「正負の数」週末課題 解答例	1305	45
6c1da886822c67822bcf3679d04369fa	Pictures of German Life in the XVth, XVIth, and XVIIth Centuries, Vol. I.	138	9
489d0396e6826eb0c1e611d82ca8b215	11_1章Bラインテスト模範解答	6	2
a081cab429ff7a3b96e0a07319f1049e	1009 式の展開と因数分解「因数分解演習②」	1251	40
bd686fd640be98efaae0091fa301e613	3章 一次関数（R7用 未来へひろがる数学2）	1777	29
955cb567b6e38f4c6b3f28cc857fc38c	08_１年数学「文字と式」週末課題No.8解答例	65	6
96f2b50b5d3613adf9c27049b2a888c7	[青チャート数A]第2章 確率	143	4
33ef701c8059391708f1c3ddbe9f1f81	解答[新課程版サクシード数III]第6章 積分法の応用	3	2
6a182a16e66268d7ce85fcfe945df787	R7 No.21(0202)	8996	40
bf2fb7d1825a1df3ca308ad0bf48591e	8_比例.反比例の利用解答例	257	37
2df45244f09369e16ea3f9117ca45157	The Tale of Ginger and Pickles	115	5
e5e63da79fcd2bebbd7cb8bf1c1d0274	A Little Present for a Good Child	4923	84
38ef4b66cb25e92abe4d594acb841471	21_発展演習1,2模範解答	26	7
89d4402dc03d3b7318bbac10203034ab	5章自己評価シート（まとめ例）	467	44
c5dc3e08849bec07e33ca353de62ea04	0711　Unit 4 Bline（模範解答）	202	15
67c6a1e7ce56d3d6fa748ab6d9af3fd7	[STEP中3]第5章 相似 学習のポイント	157	7
13168e6a2e6c84b4b7de9390c0ef5ec5	08_１年数学「文字と式」週末課題No.8	17	5
0c1c995b77ea7312f887ddd9f9d35de5	14_テスト前演習 解説	1397	75
cb79f8fa58b91d3af6c9c991f63962d3	新課程版サクシード数Ⅱ 第5章 指数関数と対数関数 (問＆解答)	120	9
17e62166fc8586dfa4d1bc0e1742c08b	[STEP中2]第3章 1次関数	2602	34
15231a7ce4ba789d13b722cc5c955834	12_前期中間テスト数S	164	13
e06f967fb0d355592be4e7674fa31d26	Unit3 授業スライド	1700	29
85fc37b18c57097425b52fc7afbb6969	0512図形と相似「etime  外角の二等分線の定理」	6963	39
6fec24eac8f18ed793f5eaad3dd7977c	R7 No.13(1027)	5	1
77305c2f862ad1d353f55bf38e5a5183	R8 春休みの演習課題（近畿公立過去問）	16709	111
d6ef5f7fa914c19931a55bb262ec879c	Children\'s Hour with Red Riding Hood and Other Stories	520	12
9f62b8625f914a002496335037e9ad97	[STEP中3]第2章 平方根	6960	68
dcda54e29207294d8e7e1b537338b1c0	夏明けテスト解答	175	30
1819932ff5cf474f4f19e7c7024640c2	新課程版サクシード数III 第2章 極限 (問＆解答)	1264	7
a8baa56554f96369ab93e4f3bb068c22	No.0(0417)	10766	43
0cd60efb5578cd967c3c23894f305800	Unit5 授業スライド	1742	28
8f85517967795eeef66c225f7883bdcb	数学広場1年_学びをふりかえろう	32	9
0aa1883c6411f7873cb83dacb17b0afc	5章 図形の性質と証明（R7用 未来へひろがる数学2）	685	16
bcbe3365e6ac95ea2c0343a2395834dd	5章 図形と相似（R7用 未来へひろがる数学3）	250	8
5cbdfd0dfa22a3fca7266376887f549b	8_利用（周の長さ・薬師算）解答例	191	19
ffeed84c7cb1ae7bf4ec4bd78275bb98	Denslow\'s Mother Goose	117	6
437d7d1d97917cd627a34a6a0fb41136	[STEP中3]第6章 円 学習のポイント	50	4
f8eb278a8bce873ef365b45e939da38a	【2冬】 2018年度　本試験　英語【筆記】 第６問	2150	72
073b00ab99487b74b63c9a6d2b962ddc	05WH0912解答	1	1
89f0fd5c927d466d6ec9a21b9ac34ffa	0417 図形と相似「相似の証明」解答	95	18
8d420fa35754d1f1c19969c88780314d	250606 ３年前期中間テスト(数学)解答用紙	2	1
c7b90b0fc23725f299b47c5224e6ec0d	11_立体の中を動く球　解答例	14	1
905056c1ac1dad141560467e0a99e1cf	The Fox Jumps Over the Parson\'s Gate	91	5
efb76cff97aaf057654ef2f38cd77d73	07_１年数学「文字の式」週末課題No.7解答例	76	6
4588e674d3f0faf985047d4c3f13ed0d	Jack and Jill and Old Dame Gill	105	7
4cf33e18ede11b79827bc78b7f2075ae	16_平方根Bライン解答例	113	19
38087d90fe0083a5d17fef54ed2b3220	図形と計量発展演習プリント（愛宕嶺）	195	11
beb22fb694d513edcf5533cf006dfeae	04_１年数学「正負の数」週末課題No.4	276	9
eae27d77ca20db309e056e3d2dcd7d69	1章 式の計算（R7用 未来へひろがる数学2）	141	17
274	サクシード数Ⅰ（新課程版）	2	1
466	夏季休業	6	3
7da18d0326a9f46a4817e19c805819ae	1208, 1209 No.28 7MES	5028	119
7302e3f5e7c072aea8801faf8a492be0	3_いろいろな方程式 解答例	126	14
f15d337c70078947cfe1b5d6f0ed3f13	0627 三平方の定理「円の性質」	409	19
8a146f1a3da4700cbf03cdc55e2daae6	01_1章Bラインテスト模範解答	30	11
52c409f1571f500e28f490a302a12540	Unit 7 Bline（模範解答）	211	24
ae1d2c2d957a01dcb3f3b39685cdb4fa	解答[青チャート数B]第1章 数列	971	15
d6baf65e0b240ce177cf70da146c8dc8	7章 三平方の定理（R7用 未来へひろがる数学3）	10	5
dccab9bd9e0b69c49302025efdf19702	25_２年数学「平方根」週末課題No.25	117	15
019d385eb67632a7e958e23f24bd07d7	0423図形と相似「正三角形の分割問題」発展演習解答	174	17
8832ae39136fb470b3fbbf9f47b4570d	1022_平方根「さまざまな面積の正方形(導入)」解答例	155	30
1ea97de85eb634d580161c603422437f	07_後期中間数学Sテスト解答例	487	38
b8c37e33defde51cf91e1e03e51657da	6_関係を表す式	665	36
feab05aa91085b7a8012516bc3533958	Johnny Crow\'s Garden	1297	30
9f8684e630c4c30cad7b1f0935cd62ab	No.15(1010)平面図形 解答	110	29
8d6a06b2f1208b59454a9a749928b0c0	30_２年数学「二次方程式」週末課題No.30	144	15
03cf87174debaccd689c90c34577b82f	P3	624	25
6f67057b6a3671fe882f6d4f27d547be	2年1章自己評価シート（まとめ例）	139	15
a4666cd9e1ab0e4abf05a0fb232f4ad3	模範解答　Unit 5 Bline	67	9
b6f0479ae87d244975439c6124592772	0430_1次関数「直線で囲まれた三角形の面積・面積を二等分する直線の式」	3030	41
5c50b4df4b176845cd235b6a510c6903	ELEMENTⅡ L3 S12	6012	50
55b1927fdafef39c48e5b73b5d61ea60	Little Sarah	79	9
7371364b3d72ac9a3ed8638e6f0be2c9	1029C_30B_1113A後期数Ｓ「04 約束記号問題」	5119	39
07042ac7d03d3b9911a00da43ce0079a	No.07(0528)タッチペン	7441	40
4607f7fff0dce694258e1c637512aa9d	6_R8公立入試	3013	116
c0a271bc0ecb776a094786474322cb82	The National Nursery Book	63	2
03255088ed63354a54e0e5ed957e9008	R7 2年西京力テスト6月解答例	2	1
b628386c9b92481fab68fbf284bd6a64	解答[サクシード数A]準備	32	5
a9eb812238f753132652ae09963a05e9	The Children\'s Book of Celebrated Pictures	41	2
6788076842014c83cedadbe6b0ba0314	[青チャート数Ⅱ]総合演習第2部	79	1
9a11883317fde3aef2e2432a58c86779	10_比例.反比例の利用（格子点、平行四辺形となる点、変域から式を求める）	7108	117
3683af9d6f6c06acee72992f2977f67e	[STEP中1]第7章 データの活用 学習のポイント	251	27
df0aab058ce179e4f7ab135ed4e641a9	Landscape and Song	35	3
8c26d2fad09dc76f3ff36b6ea752b0e1	12_さまざまな問題解答例	622	48
8d5e957f297893487bd98fa830fa6413	No.1(0418)	9822	41
d47268e9db2e9aa3827bba3afb7ff94a	0617図形の性質と証明（外心・内心の証明）解答例	234	20
65	2025年度中学2年A組[英語]	3	2
34	STEP中1	33	14
96	問題集	2	1
845f3cb43a07259b2e4724dfa5c5c0d1	No.22(1205)	28371	117
d0010a6f34908640a4a6da2389772a78	No.18(1031)	19956	110
819c9fbfb075d62a16393b9fe4fcbaa5	0602円の性質「ヘロンの公式」解答	399	34
3fd60983292458bf7dee75f12d5e9e05	250926 ３年前期期末テスト(数S)模範解答	171	29
fc528592c3858f90196fbfacc814f235	３章　問題集(STEP)チェックシート	82	15
23c97e9cb93576e45d2feaf00d0e8502	0623三平方の定理「基本理解度チェック　解答用紙」	51	9
2bd235c31c97855b7ef2dc8b414779af	21_前期期末テスト数学 解説	1713	95
a0833c8a1817526ac555f8d67727caf6	The Story of the Three Little Pigs	1129	23
ea96efc03b9a050d895110db8c4af057	41_後期期末テスト数学	562	19
f40ee694989b3e2161be989e7b9907fc	13_演習 解答	1130	87
5487315b1286f907165907aa8fc96619	No.4(0509)解答	23	5
a284df1155ec3e67286080500df36a9a	The Goop Directory of Juvenile Offenders Famous for their Misdeeds and Serving as a Salutary Example for all Virtuous Children	168	3
248e844336797ec98478f85e7626de4a	0423図形と相似「正三角形の分割問題」発展演習解答	248	11
75806e8a1c04cad241934a374c1359c0	1219後期数Ｓ「二次関数（復習）」	1034	34
def7924e3199be5e18060bb3e1d547a7	8_立体の体積・表面積	1576	93
ad71c82b22f4f65b9398f76d8be4c615	007_３年数学「相似」週末課題No.007	7	3
c164bbc9d6c72a52c599bbb43d8db8e1	テストPDF（0613田仲）1B	3	1
8f1d43620bc6bb580df6e80b0dc05c48	Captain Boldheart & the Latin-Grammar Master	128	6
dc0439caeb74ffc2795571af07a7eab1	28_２年数学「二次方程式」週末課題No.28	281	22
273448411df1962cba1db6c05b3213c9	R7 2年西京力テスト6月解答例	25	7
1177967c7957072da3dc1db4ceb30e7a	19_文字の値に関する問題	2804	113
3cef96dcc9b8035d23f69e30bb19218a	005_３年数学「相似」週末課題No.005生徒解答	70	8
f83630579d055dc5843ae693e7cdafe0	7/7 所有者確認用_7/7 P4_OCR処理確認用_P4	20	3
f2b5e92f61b6de923b063588ee6e7c48	図形と計量発展演習プリント（愛宕嶺）	292	15
818f4654ed39a1c147d1e51a00ffb4cb	A Collection of Beatrix Potter Stories	1009	41
dfb84a11f431c62436cfb760e30a34fe	04_4章Bラインテスト 模範解答	428	55
4f4adcbf8c6f66dcfc8a3282ac2bf10a	03_１年数学「正負の数」週末課題	178	20
532b81fa223a1b1ec74139a5b8151d12	後期中間問題	916	23
2f29b6e3abc6ebdefb55456ea6ca5dc8	More E. K. Means	393	6
5e76bef6e019b2541ff53db39f407a98	0526円の性質「図形の性質の証明(作図)」解答	77	7
5463b514e21fbd3fec3772fba142a46e	1223二次方程式「二次方程式の利用11」（関数）	5	1
0966289037ad9846c5e994be2a91bafa	No.9(0627)解答	624	13
2b45e8d6abf59038a975faeeb6dc0782	1016A_21BC_後期数Ｓ「02_4 整数問題」	1183	23
07cdfd23373b17c6b337251c22b7ea57	1章 式の展開と因数分解（R7用 未来へひろがる数学3）	2514	32
58aaee7ae94b52697ad3b9275d46ec7f	03_前期期末数学	417	39
359f38463d487e9e29bd20e24f0c050a	Unit2 授業スライド	2212	30
3e33b970f21d2fc65096871ea0d2c6e4	1222, 1223 No.31 7MES	2796	118
81c650caac28cdefce4de5ddc18befa0	02_前期中間数学Sテスト解答例	289	36
e8e0dd181e4ee545195120626098bfba	演習問題①（解法３）	1258	7
a495eebbfa243b79c5b9b224c482d0c2	西京力1023模範解答	209	29
e702e51da2c0f5be4dd354bb3e295d37	The Moving Picture Boys on the War Front	97	3
907edb0aa6986220dbffb79a788596ee	西京2014フロスト解答例	2	1
256	問題集1-12[数学]内進	5	3
444	週末・長期休暇課題	3	2
154	2025年度高校2年34組[数学]	1	1
0c048b3a434e49e655c1247efb389cec	Millions of cats	1162	22
98bd65207ee83bfd17ebb0db971eddf9	R7_NH2_補充リーディングワークシート自習課題５０分用6-10	2	1
640258597cbc50037072712f964cf5d8	15_式の展開と因数分解Bライン（40分）	1274	64
820e694038fadbf9b60b834215b46fdb	1125, 26 7MES	5703	120
f11bec1411101c743f64df596773d0b2	1024A_1114BC 後期数Ｓ「06 等周問題」模範解答	118	8
1f4477bad7af3616c1f933a02bfabe4e	0527 図形の調べ方（星形の角度ほか）	13	1
3d779cae2d46cf6a8a99a35ba4167977	Told in the twilight	311	9
4a533591763dfa743a13affab1a85793	No.19(1107) 解答	82	22
03c6b06952c750899bb03d998e631860	数学広場2年_力をつけよう	68	6
8df707a948fac1b4a0f97aa554886ec8	16_正の数負の数(部分分数分解 2)	1637	36
aa97d584861474f4097cf13ccb5325da	研究大会①（別解２）	1331	12
a1afc58c6ca9540d057299ec3016d726	99_宮部教頭先生特別課題	1241	26
a75a52f7209c01df2598a77ebc4de539	学年末5「平面図形・確率」解答例 	330	49
b53477c2821c1bf0da5d40e57b870d35	0707三平方の定理「正四角錐の内接球の表面積と体積・正八面体の内接球」模範解答	164	19
a6197a578fe7778e8d49a95ac425bcfc	1209二次方程式「二次方程式の利用1」（他の解・面積）	1381	40
452	青チャート数Ⅰ（新課程版）	1	1
142	数学広場1-B	4	2
019f8b946a256d9357eadc5ace2c8678	No.15(1010)平面図形	14535	122
e71e5cd119bbc5797164fb0cd7fd94a4	12_１年数学「方程式」週末課題No.12解答例	306	31
03fa2f7502f5f6b9169e67d17cbf51bb	0903三平方の定理「立方体の切断」模範解答	223	18
32b3ee0272954b956a7d1f86f76afa21	1016A_21BC_後期数Ｓ「02_4 整数問題」	1396	23
fd95ec8df5dbeea25aa8e6c808bad583	R7 No.24(0309)	3550	29
add7a048049671970976f3e18f21ade3	解答[チャート式数C]第1章 平面上のベクトル	11	1
2eb5657d37f474e4c4cf01e4882b8962	No.15(1001)ベネッセ	18158	122
b9141aff1412dc76340b3822d9ea6c72	２文字の式　自己評価シート	256	22
339a18def9898dd60a634b2ad8fbbd58	サマサテBenesse編1	1351	33
b052e2e0c0ad1b2d5036bd56e27d061c	5_データの活用(公立入試)	3775	116
7a98af17e63a0ac09ce2e96d03992fbc	9_おうぎ形の計量 解答	2	1
883e881bb4d22a7add958f2d6b052c9f	0527円の性質「内接円・外接円」	3976	39
34ffeb359a192eb8174b6854643cc046	1208二次方程式「式の整理・置き換え他」	1808	40
e0c7ccc47b2613c82d1073a4214deecc	28_１年数学「式の値・連立方程式」自宅学習課題No.28 解答例	321	30
54fda78aa8a09b4d77b5aaec57b75028	No.18 1014, 15, 16 7MES	4530	119
301	問題集2-34[数学]理基礎	2	2
468	Summer MES	7	4
673271cc47c1a4e77f57e239ed4d28a7	2章自己評価シート（まとめ例）	350	22
fd06b8ea02fe5b1c2496fe1700e9d16c	Gems of Poetry, for Girls and Boys	35	3
af5d5ef24881f3c3049a7b9bfe74d58b	大人になれなかった弟たちに　本文_嶌本テスト（後で削除）	79	1
e82c4b19b8151ddc25d4d93baf7b908f	01_ソート順確認	1	1
2a34abd6ebbd7fcf5a4421229c946c0a	0624三平方の定理「複数の円の関係」	1815	38
5a142a55461d5fef016acfb927fee0bd	11_前期中間テスト数学 模範解答	91	16
11b9842e0a271ff252c1903e7132cd68	0417 図形と相似「相似の証明」	12254	43
da94cbeff56cfda50785df477941308b	3_部分分数の和	5967	96
58238e9ae2dd305d79c2ebc8c1883422	00_春テスト 解答	65	19
3875115bacc48cca24ac51ee4b0e7975	010_３年数学「三平方の定理」週末課題No.010生徒解答	261	17
8303a79b1e19a194f1875981be5bdb6f	[STEP中1]第3章 1次方程式 学習のポイント	12	2
5bf8aaef51c6e0d363cbe554acaf3f20	26_１年数学「式の計算・連立方程式」週末課題No.26解答例	36	6
f7cade80b7cc92b991cf4d2806d6bd78	Stories Pictures Tell. Book 2	69	4
7fc63ff01769c4fa7d9279e97e307829	20251127 数学Ⅰ後期中間テスト　問題用紙	847	58
fc192b0c0d270dbf41870a63a8c76c2f	0910箱ひげ図演習（店選び）	3866	119
cd10c7f376188a4a2ca3e8fea2c03aeb	13_図形の性質と証明（確認テスト）解答例 	145	18
df877f3865752637daa540ea9cbc474f	Unit1 授業スライド	4863	37
9719a00ed0c5709d80dfef33795dcef3	250918 ３年8章Blineテスト　模範解答	52	14
1068c6e4c8051cfd4e9ea8072e3189e2	03_１年数学「正負の数」週末課題	350	19
354ac345fd8c6d7ef634d9a8e3d47b83	10_演習解答例	146	13
7e83722522e8aeb7512b7075311316b7	【19】 2014年度　追試験　英語【筆記】 第４問　Ａ	70	4
970af30e481057c48f87e101b61e6994	11_1章Bラインテスト解説	171	9
66808e327dc79d135ba18e051673d906	No.2(0425)解答	48	15
432aca3a1e345e339f35a30c8f65edce	R7 No.２ (0421)	6285	44
c61f571dbd2fb949d3fe5ae1608dd48b	0919 式の展開と因数分解「展開演習①」	3062	40
515ab26c135e92ed8bf3a594d67e4ade	01_前期中間数学解説	593	33
9d949c3d8baa0f9df6f22c4661946a61	【1冬】 2018年度　本試験　英語【筆記】 第４問　Ａ	4057	118
bf5cd8b2509011b9502a72296edc14a0	6_等式の変形解答例	95	13
d15426b9c324676610fbb01360473ed8	西京2014フロスト解答例	149	24
748d6b6ed8e13f857ceaa6cfbdca14b8	1009 式の展開と因数分解「因数分解演習②」解答	365	30
97250eb3250c1fa40a321076d5be217d	R7_2年_【解答】冬休みの演習課題（演習）	16657	119
0829424ffa0d3a2547b6c9622c77de03	The Pinafore Picture Book	39	3
0a0a0c8aaa00ade50f74a3f0ca981ed7	My First Picture Book	57	5
37bc2f75bf1bcfe8450a1a41c200364c	No.1(0418)解答	2315	34
26dd0dbc6e3f4c8043749885523d6a25	0519図形と相似「etime  空間内の線分の長さ(切断2)」	4164	40
cae82d4350cc23aca7fc9ae38dab38ab	22_１年数学「空間図形」週末課題No.22解答例	393	30
28f7241796510e838db4a1384ae1279d	17_二次方程式Bライン確認テスト	207	39
93d65641ff3f1586614cf2c1ad240b6c	0528円の性質「方べきの定理」	928	17
8430b32b5bac908e765df8813d4405c5	1223二次方程式「二次方程式の利用11」（関数）	2	1
d96409bf894217686ba124d7356686c9	6章 円の性質（R7用 未来へひろがる数学3）	2	1
d54e99a6c03704e95e6965532dec148b	0616図形の性質と証明（直角三角形の合同2）	2140	40
758874998f5bd0c393da094e1967a72b	01WH 解答	119	31
7876acb66640bad41f1e1371ef30c180	3編 2章 いつも確かめよう ミシン縫い	50	4
1afa34a7f984eeabdbb0a7d494132ee5	001_３年数学「関数」週末課題No.001生徒解答	231	15
c2aee86157b4a40b78132f1e71a9e6f1	11_一次関数Bライン解答例	81	18
63154d5661f774fb7d2d11701d466aa2	【4冬】 2018年度　追試験　英語【筆記】 第５問	1955	99
83451e7ef8755c2a8f464093c808f529	0302, 0303 7MES	4464	120
220c77af02f8ad8561b150d93000ddff	0902三平方の定理「正四面体と円柱」模範解答	161	18
0f840be9b8db4d3fbd5ba2ce59211f55	解答[STEP中3]第6章 円	1149	20
991de292e76f74f3c285b3f6d57958d5	11_一次関数Bライン補習解答例	43	9
66121d1f782d29b62a286909165517bc	9_回転体の体積	46335	118
d43ab110ab2489d6b9b2caa394bf920f	250605 ３年前期中間テスト(数S)詳しい解答つき問題用紙	781	35
76cf99d3614e23eabab16fb27e944bf9	The Tale of the Pie and the Patty Pan	78	5
3b24156ad560a696116454056bc88ab4	0126二次関数3「接線の式」解答例	1695	94
5c936263f3428a40227908d5a3847c0b	解答[STEP中3]第6章 円	3917	19
49182f81e6a13cf5eaa496d51fea6406	解答[STEP中1]算数の復習	856	45
1343777b8ead1cef5a79b78a1a48d805	サクシード数Ⅰ 第4章 図形と計量 (問＆解答)	1	1
4ba3c163cd1efd4c14e3a415fa0a3010	11_2年数学週末課題「規則性」No.11	70	11
e3796ae838835da0b6f6ea37bcf8bcb7	数学広場3年_学びをいかそう	131	8
72e6d3238361fe70f22fb0ac624a7072	P4	5	2
acf922154627f6788918f03c42b123cd	コース表示用テストPDF	9	5
2130eb640e0a272898a51da41363542d	Unit7 授業スライド	1485	29
82b8a3434904411a9fdc43ca87cee70c	0528円の性質「方べきの定理」	9367	38
3a61ed715ee66c48bacf237fa7bb5289	250929 ３年前期期末テスト(数学)問題用紙	236	19
83e8ef518174e1eb6be4a0778d050c9d	0602円の性質「ヘロンの公式」解答	203	20
6f2688a5fce7d48c8d19762b88c32c3b	BRAdminコース表示用テストPDF	2	1
7716d0fc31636914783865d34f6cdfd5	35_２年数学「関数」週末課題No.35	145	16
e7b24b112a44fdd9ee93bdf998c6ca0e	002_３年数学「相似」週末課題No.002生徒解答	342	16
a4d3af69a34ee0822adcbfc50bf1ded5	3_部分分数の和解答例	13	5
d6723e7cd6735df68d1ce4c704c29a04	An Alphabet of Old Friends	368	11
4625d8e31dad7d1c4c83399a6eb62f0c	[青チャート数III] 総合演習第1部	27	1
868b7df964b1af24c8c0a9e43a330c6a	解答[青チャート数A]総合演習第1部	10	1
d6c651ddcd97183b2e40bc464231c962	教材アップロード確認	38	4
bba6bca05fecde04c682328e44b974b7	8 2年2章 連立方程式自己評価シート	626	57
99c5e07b4d5de9d18c350cdf64c5aa3d	03_2年数学週末課題「一次関数」No.03	157	20
47a658229eb2368a99f1d032c8848542	Favorite Fairy Tales	158	11
8b16ebc056e613024c057be590b542eb	03_2年数学週末課題「一次関数」No.03	220	18
418	済	2	1
661	7章演習プリント2025 1-A	4	2
108	演習課題	17	7
c930eecd01935feef55942cc445f708f	0530円の性質「2円の共通外接円」	1229	17
ad972f10e0800b49d76fed33a21f6698	0423_一次関数「連立方程式の解と2直線 3直線が三角形をつくらない」	1974	36
015e31933548461020e2ba448e85995e	冬休み課題　その１（チャート数ⅠA）	407	29
af8d9c4e238c63fb074b44eb6aed80ae	英語HW(Dec.16)解答	17	5
539fd53b59e3bb12d203f45a912eeaf2	1章 式の展開と因数分解（R7用 未来へひろがる数学3）	18	3
8b4224068a41c5d37f5e2d54f3995089	ひらがな読みテスト	1444	19
f7efa4f864ae9b88d43527f4b14f750f	★ELEMENTⅡ L8	6074	59
277281aada22045c03945dcb2ca6f2ec	0602 Unit 2 B-line Test 模範解答	134	20
a1140a3d0df1c81e24ae954d935e8926	0513図形と相似「etime  三角形の重心」解答	64	7
33	STEP中2	10	6
91	問題集	12	4
8217bb4e7fa0541e0f5e04fea764ab91	021_３年数学「難関入試問題に挑戦」週末課題No.021	170	33
4ffce04d92a4d6cb21c1494cdfcd6dc1	0519図形と相似「etime  空間内の線分の長さ(切断2)」	1161	29
288cc0ff022877bd3df94bc9360b9c5d	No.5(0516)	7706	40
7503cfacd12053d309b6bed5c89de212	11_前期中間テスト数学 解説	915	32
8ce6790cc6a94e65f17f908f462fae85	Heart-Histories and Life-Pictures	154	8
5d6646aad9bcc0be55b2c82f69750387	0623三平方の定理「基本理解度チェック」	125	10
185c29dc24325934ee377cfda20e414c	0509図形と相似「etime  平行線と線分の比」	7648	37
c6e19e830859f2cb9f7c8f8cacb8d2a6	10_0428正の数・負の数(指数) 解答	213	29
7f16109f1619fd7a733daf5a84c708c1	[STEP中1]第5章 平面図形	22608	116
2ac2406e835bd49c70469acae337d292	Old nurse\'s book of rhymes, jingles and ditties	27	4
3341f6f048384ec73a7ba2e77d2db48b	【6冬】 2017年度　本試験　英語【筆記】 第５問	1838	97
9a85c12a21b76392747906fc7b2aff92	1202教材名変更クイズ名確認_1111_1016_BookRollアップデート動作確認用PDF	230	5
367	青チャート数Ⅱ（新課程版）	1	1
4f5a97cf06cf69028997db51d8726d28	23_１年数学「空間図形」週末課題No.23解答例	89	9
b1563a78ec59337587f6ab6397699afc	A Visit From Saint Nicholas	278	15
7d2a383e54274888b4b73b97e1aaa491	R7 1年後期中間　定期テスト解答用紙	317	38
6d4f95bf53bba28f148641c8561dbf98	No.40 0304, 05 7MES	4690	121
555d6702c950ecb729a966504af0a635	7章 三平方の定理（R7用 未来へひろがる数学3）	332	16
52dbb0686f8bd0c0c757acf716e28ec0	ELEMENTⅡ L3 S12 Writing Practice	16	1
3f088ebeda03513be71d34d214291986	4_工夫して解く方程式 解答例	132	16
eed5af6add95a9a6f1252739b1ad8c24	0425図形と相似「中点連結定理」	6926	38
2cad8fa47bbef282badbb8de5374b894	0620三平方の定理「３辺がわかる三角形の面積を求める」	3397	37
882735cbdfd9f810814d17892ae50023	251128 ３年後期中間テスト(数S)問題用紙	403	20
243be2818a23c980ad664f30f48e5d19	1212～(愛宕嶺)２次方程式の解の存在範囲(解の配置)	59	12
7f2be1b45d278ac18804b79207a24c53	R8 春休みの演習課題（AI先生）【解答】	8905	84
b0f2ad44d26e1a6f244201fe0fd864d1	【問題編】Sirius21国語発展Vol.1	11262	41
86e78499eeb33fb9cac16b7555b50767	新課程版サクシード数III 第4章 微分法の応用 (問＆解答)	5	1
37e7897f62e8d91b1ce60515829ca282	1010 式の展開と因数分解「因数分解演習③」	2	1
c0c7c76d30bd3dcaefc96f40275bdc0a	[STEP中3]第5章 相似	1757	25
d1dc3a8270a6f9394f88847d7f0050cf	３方程式・不等式自己評価シート	637	27
d759175de8ea5b1d9a2660e45554894f	The Moving Picture Girls at Rocky Ranch	65	3
e0c641195b27425bb056ac56f8953d24	0501_１次関数「グラフの読み取り」	1884	41
20c9f5700da1088260df60fcc5df2b53	[STEP中3]第5章 相似	376	10
226	理科	6	3
5b970a1d9be0fd100063fd6cd688b73e	1107展開因数分解演習途中式	261	30
b207f5c56605a9d1a22e1e134fe95ba9	030_３年数学「難関入試問題に挑戦」週末課題No.030	159	18
767b2cc82cecc0385fe6f1086dd2c748	ピーターラビット	5	1
10a7cdd970fe135cf4f7bb55c0e3b59f	ESP32-C3-DEVKIT-RUST-1	13	1
b9f94c77652c9a76fc8a442748cd54bd	12_前期中間テスト数S 模範解答	2	1
bf201d5407a6509fa536afc4b380577e	0611三平方の定理「導入課題」	2866	40
ebd6d2f5d60ff9afaeda1a81fc53e2d0	0528円の性質「方べきの定理」解答	67	8
afe434653a898da20044041262b3ac74	0529_2円の性質「垂心の存在証明」	635	15
758a06618c69880a6cee5314ee42d52f	12_不等式の性質	3667	122
9426c311e76888b3b2368150cd05f362	99_後期中間数学 (授業解説用1)	127	23
2119b8d43eafcf353e07d7cb5554170b	[チャート式数C]第1章 平面上のベクトル	148	1
8133415ea4647b6345849fb38311cf32	30_２年数学「二次方程式」週末課題No.30	204	19
6693a7aacb8a2e74c6f5fe91bc39864b	【17冬】 2014年度　本試験　英語【筆記】 第４問　Ａ	87	5
a546203962b88771bb06faf8d6ec065e	31_１年数学「データの活用」週末課題No.31解答例	254	19
139f0874f2ded2e41b0393c4ac5644f7	青チャート数C 第1章 平面上のベクトル (問＆解答)	3501	26
01d8bae291b1e4724443375634ccfa0e	0526円の性質「図形の性質の証明(作図)」解答	86	15
50	STEP中3	2	1
4f87658ef0de194413056248a00ce009	Tom Swift and His Photo Telephone or the Picture That Saved a Fortune	64	3
b1a59b315fc9a3002ce38bbe070ec3f5	2章 平方根（R7用 未来へひろがる数学3）	856	17
aba53da2f6340a8b89dc96d09d0d0430	1111平方根（根号を含む計算）解答例	358	49
329e6581efbc90bd92a1f22c4ba2103d	0630図形の性質と証明（等積変形）	2100	39
894b77f805bd94d292574c38c5d628d5	99_宮部教頭先生特別課題_解答例	75	5
24f0d2c90473b2bc949ad962e61d9bcb	MES放送用 大問7	2576	112
0abdc563a06105aee3c6136871c9f4d1	No.11(0710)解答	31	12
c6036a69be21cb660499b75718a3ef24	Dame Wonder\'s Picture Alphabet	85	6
8c6744c9d42ec2cb9e8885b54ff744d0	005_３年数学「相似」週末課題No.005	110	13
a012869311d64a44b5a0d567cd20de04	0620三平方の定理「３辺がわかる三角形の面積を求める」模範解答	224	18
abec16f483abb4f1810ca029aadf8446	冬休みの課題説明	551	75
f8f122d50eba11c3af5607575b277bc6	14WH1212解答	38	6
799de6d3dae4c924142cf245a1d7f703	05_5章Bラインテスト	994	40
e21e4e58ad9ab56e8a4634046da90113	11_連続する整数	1805	101
97008ea27052082be055447be9e85612	029_３年数学「難関入試問題に挑戦」週末課題No.029模範解答&生徒解答	2914	98
f61d6947467ccd3aa5af24db320235dd	01_１年数学「正負の数」週末課題 解答例	803	41
678004486c119599ed7d199f47da043a	1219二次方程式「二次方程式の利用9」（連立二元二次方程式）	1905	41
c1aeb6517a1c7f33514f7ff69047e74e	08_R7冬休み明けテスト解答	164	30
856b503e276cc491e7e6e0ac1b9f4b17	024_３年数学「難関入試問題に挑戦」週末課題No.024	423	34
95151403b0db4f75bfd8da0b393af853	0527円の性質「内接円・外接円」解答	169	16
0771fc6f0f4b1d7d1bb73bbbe14e0e31	01_前期中間数学	201	15
995665640dc319973d3173a74a03860c	The Moving Picture Girls in War Plays	54	2
132	自己評価シート 2025 1-C	4	3
48	2025年度中学3年B組[数学]	3	2
559	6章演習プリント 2025 1-A	4	1
2a50e9c2d6b89b95bcb416d6857f8b45	The Tiny Picture Book	69	5
6c14da109e294d1e8155be8aa4b1ce8e	The Butterfly\'s Ball and the Grasshopper\'s Feast	29	2
65ded5353c5ee48d0b7d48c591b8f430	001_３年数学「関数」週末課題No.001生徒解答	316	17
cb16b8498f74ba6b6a6873518624168c	[新課程版サクシード数III]第1章 関数	55	2
6a9aeddfc689c1d0e3b9ccc3ab651bc5	数学広場3年_力をつけよう	23	5
fd9dcf1d146272bb05c490d790b6da52	演習問題②（解法３）	921	8
125c0e943c73bb8a0840ab524fdcbd08	1_数列 導入(R8公立前期) 解答	11	1
531db99cb00833bcd414459069dc7387	解答[青チャート数A]第4章 数学と人間の活動	723	16
a9813e9550fee3110373c21fa012eee7	0617三平方の定理 いろいろな証明	96	18
13111c20aee51aeb480ecbd988cd8cc9	2025bookroll002New Zealand語注なしマーカーを引こう	1215	38
2d95666e2649fcfc6e3af75e09f5adb9	Unit5 授業スライド	1475	28
ec36e2ba64f11c9e910e0353e0836d81	6_等式の変形	1043	95
1e6e0a04d20f50967c64dac2d639a577	A good woman	3214	81
598	MES December	6	2
d290dc6cabaffa37f5473eb33611607e	No.38 0210, 0212	4375	118
b922ede9c9eb9eabec1c1fecbdecb45d	R7 No.12(1006)	18	2
55603a5f239e435c642244be3e891b85	9 　7章 データの活用自己評価シート	348	47
9a32ff36c65e8ba30915a21b7bd76506	R7 No.19(1222)	4	1
e924517087669cf201ea91bd737a4ff4	0922三平方の定理「テスト前演習」模範解答	218	25
b1c00bcd4b5183705c134b3365f8c45e	解答[青チャート数Ⅰ]第2章 集合と命題	55	4
3d8e03e8b133b16f13a586f0c01b6866	学年末1「テストに選ばれなかった問題たち」	2693	38
8844c5f00372df2c3c4ee857c2451b45	13_立方体の切り口②	29715	116
577fd60255d4bb0f466464849ffe6d8e	No.14 0902 7MES	4512	120
b7ee6f5f9aa5cd17ca1aea43ce848496	004_３年数学「相似」週末課題No.004	23	5
bbb001ba009ed11717eaec9305b2feb6	2025平面図形２	346	49
f565bb9efccaf6986443db0bf01018bc	0910箱ひげ図演習（入試問題より）	272	21
0ed9422357395a0d4879191c66f4faa2	模範解答2	28	6
e4a93f0332b2519177ed55741ea4e5e7	250929 ３年前期期末テスト(数学)問題用紙	172	14
a18630ab1c3b9f14454cf70dc7114834	251128 ３年後期中間テスト(数S)　詳しい解説	752	32
a92c274b8be496fb05d95033552eeddd	前期期末解答	375	35
6ef80bb237adf4b6f77d0700e1255907	夏休み事前テスト	70	1
e6af401c28c1790eaef7d55c92ab6ab6	No.16 0918 7MES	3581	121
6db291ac9963003618ca6aa15063c4d6	[青チャート数Ⅱ]第7章 積分法	116	2
f2fc990265c712c49d51a18a32b39f0c	0417 図形と相似「相似の証明」解答	82	13
57	令和7年度版改訂版STEP演習	2	1
872488f88d1b2db54d55bc8bba2fad1b	No.10(0627)	2	1
a3ec6dd8d538712a581e5b24726ce062	1218二次方程式「二次方程式の利用8」（共通解）解答例	768	65
3df1d4b96d8976ff5986393e8767f5b2	R7 No.5 (0526)	9566	40
0a5c79b1eaf15445da252ada718857e9	21_２年数学「式の展開と因数分解」週末課題No.21(解答)	254	40
310dcbbf4cce62f762a2aaa148d556bd	0421図形と相似「内角の二等分線」	8184	38
854d9fca60b4bd07f9bb215d59ef5561	R7 No.３ (0428)	62	12
2d405b367158e3f12d7c1e31a96b3af3	ELEMENTⅡ L3 S12 Writing Practice	18	1
084b6fbb10729ed4da8c3d3f5a3ae7c9	数学広場2年_力をつけよう	27	9
9087b0efc7c7acd1ef7e153678809c77	18_２年数学「式の展開」週末課題No.18	257	17
87ec2f451208df97228105657edb717f	1 Bline Test Unit 2	1384	41
371bce7dc83817b7893bcdeed13799b5	0421図形と相似「内角の二等分線」解答	248	13
8f468c873a32bb0619eaeb2050ba45d1	[STEP中2]第4章 図形の性質と合同	1969	25
71d7232b9fed020ca23729017873089e	31_後期中間数学	940	25
a58616464d14208b2677a084f5d7456f	1217, 1218 No.30 7MES	4494	119
24146db4eb48c718b84cae0a0799dcfc	0526円の性質「図形の性質の証明(作図)」	2598	40
44968aece94f667e4095002d140b5896	青チャート数B 第1章 数列 (問＆解答)	1695	24
bbf94b34eb32268ada57a3be5062fe7d	02_１年数学「正負の数」週末課題	171	26
687fd5c7e0142dfb2da70e5083b3c6a7	3_投影図	8564	110
7bc1ec1d9c3426357e69acd5bf320061	9_方程式の利用（規則性・仕事量） 解説	295	34
8fe0093bb30d6f8c31474bd0764e6ac0	No.3(0509)解答	30	11
f35a2bc72dfdc2aae569a0c7370bd7f5	0829(解答)確率演習(確認問題)	217	19
09a69de15cf89bc7fe8c0642f906a4dd	ログパレテスト用_20260319	2	1
6b8eba43551742214453411664a0dcc8	0530円の性質「2円の共通外接円」解答	36	6
6df182582740607da754e4515b70e32d	120X_後期数Ｓ「07 空間図形」 	4070	37
0663a4ddceacb40b095eda264a85f15c	07_2年数学週末課題「図形の調べ方」No.07	170	17
d714d2c5a796d5814c565d78dd16188d	★ELEMENTⅡ L8_③④	171	3
de7f47e09c8e05e6021ababdf6bc58e7	8_立体の体積・表面積	2	1
56f9f88906aebf4ad985aaec7fa01313	ELEMENT I L4Intro	602	44
ab2481c9f93d0ed3033a3281d865ccb2	1219後期数Ｓ「二次関数（復習）」	1733	24
903ce9225fca3e988c2af215d4e544d3	No.0(0417)解答	61	14
b7d0858d41a6c29b873e4aba411e6d04	1212～(愛宕嶺)２次方程式の解の存在範囲(解の配置)	79	12
dbd22ba3bd0df8f385bdac3e9f8be207	【10】 2016年度　本試験　英語【筆記】 第５問	1650	80
06409663226af2f3114485aa4e0a23b4	2章 文字の式（R7用 未来へひろがる数学1）	5704	34
485	第6章場合の数と確率	4	2
bbaa9d6a1445eac881750bea6053f564	R7_1年夏休みの演習課題 (全コース)	73510	157
35f4a8d465e6e1edc05f3d8ab658c551	（旧）改・未来へひろがる数学2_入試問題	196	16
6754e06e46dfa419d5afe3c9781cecad	R7 後期中間テスト解答例	407	39
9185f3ec501c674c7c788464a36e7fb3	011_３年数学「三平方の定理」週末課題No.011	39	6
3eb414bf1c2a66a09c185d60553417b8	1022_平方根「さまざまな面積の正方形(導入)」	4891	41
092cb13c22d51c22b9035a2b4fe76b00	[青チャート数III]第3章 微分法	100	2
b137fdd1f79d56c7edf3365fea7520f2	No.8(0613)	2	1
54072f485cdb7897ebbcaf7525139561	No.9(0627)	7652	41
7c4ede33a62160a19586f6e26eaefacf	250606 ３年前期中間テスト(数学)詳しい解説つき問題用紙	1061	37
dce8af15f064d1accb98887a21029b08	比較級英作文本文から2025 1118	144	7
a14ac55a4f27472c5d894ec1c3c743d2	6/5testpdf	12	2
921c2dc40d0b979c2910298d2f880152	【8】 2017年度　追試験　英語【筆記】 第５問	2955	104
9fb7b048c96d44a0337f049e0a61ff06	Unit4 授業スライド	1791	29
f291e10ec3263bd7724556d62e70e25d	0213二次関数13「西京の過去問たち」解答例	1236	39
bd22c2ef9e6f0fa97825c6be879f8fa4	17_二次方程式Bライン解説	4695	107
47fd3c87f42f55d4b233417d49c34783	解答[青チャート数Ⅰ]総合演習第2部	12	2
a3ab4ff8fa4deed2e3bae3a5077675f0	R7 春課題B（入試問題編）	16887	107
183	週末課題　解答	4	2
f87e955fd6b89f8963b6934beb077d6e	[チャート式数C]第4章 式と曲線	170	2
7bd28f15a49d5e5848d6ec70e584e625	008_３年数学「円の性質」週末課題No.008	21	4
1cd3882394520876dc88d1472aa2a93f	0529_2円の性質「垂心の存在証明」解答	100	13
1abb1e1ea5f481b589da52303b091cbb	No.07(0528)タッチペン	6071	34
2c6ae45a3e88aee548c0714fad7f8269	7/13 1衣服の役割_OCR_テキストと画像600_フリガナ削除	94	3
f9fe83f1ea3dd2108188fb7bf8aa5b3c	29_２年数学「二次方程式」週末課題No.29	238	22
9cb67ffb59554ab1dabb65bcb370ddd9	The women novelists	93	8
fc8fdb29501a6289b7bc8b0bdd8155df	学年末2「二重根号」解答例 	89	11
5901fe6483310c89c35b54455f2a5557	26_１年数学「式の計算・連立方程式」週末課題No.26	27	7
778609db5dc7e1a8315717a9cdd8fd6f	012_３年数学「三平方の定理」週末課題No.012生徒解答	51	7
563ca5e068bc78b807910338bb4d4279	17_１年数学「平面図形」週末課題No.17	211	18
da0b1b5bec71b468bcab872a64595541	1223二次方程式「二次方程式の利用11」（関数）解答例	846	63
aa942ab2bfa6ebda4840e7360ce6e7ef	002_３年数学「相似」週末課題No.002生徒解答	371	21
4f5a9bf135f285358a4a74b08f8121f8	R7 No.19(1222)	4	1
4fa53be91b4933d536748a60458b9797	コース表示用テストPDF	28	10
7dd0240cd412efde8bc165e864d3644f	青チャート数A 総合演習第1部  (問＆解答)	40	2
02f039058bd48307e6f653a2005c9dd2	12_前期中間テスト数S	232	12
d523773c6b194f37b938d340d5d02232	3_いろいろな方程式 解答例	191	20
347665597cbfaef834886adbb848011f	R7夏休みの演習課題（中３）模範解答	10532	41
2647c1dba23bc0e0f9cdf75339e120d2	R7 No.７(0616)	5382	37
1c1d4df596d01da60385f0bb17a4a9e0	005_３年数学「相似」週末課題No.005生徒解答	204	13
6be93f7a96fed60c477d30ae1de032fd	0716確率（いろいろな確率）解答例	453	42
6f3a770e5af1fd4cadc5f004b81e1040	学年末6「積の回文」 	1143	25
c5bbd980e5ab2c17413ec02bd757a9e5	251126_模擬授業_問題	5952	20
cb70ab375662576bd1ac5aaf16b3fca4	3章 二次方程式（R7用 未来へひろがる数学3）	16	2
99f59c0842e83c808dd1813b48a37c6a	0707-7MES 2025	6802	122
3e89ebdb49f712c7d90d1b39e348bbbf	06_2年数学週末課題「一次関数図形」No.06	156	18
de7092ba6df4276921d27a3704c57998	P1	2	1
566a9968b43628588e76be5a85a0f9e8	16_2年数学週末課題「確率」No.16	130	13
06a81a4fb98d149f2d31c68828fa6eb2	02_2章Bラインテスト解説	590	31
51	2025年度中学3年C組[数学]	4	2
71887f62f073a78511cbac56f8cab53f	No.17 0930 7MES	1446	117
d2ed45a52bc0edfa11c2064e9edee8bf	0527 図形の調べ方（星形の角度ほか）	9	1
0189caa552598b845b29b17a427692d1	010_３年数学「三平方の定理」週末課題No.010	40	7
84f0f20482cde7e5eacaf7364a643d33	02_前期中間数学Sテスト解答例	286	39
a91af177d3016ca20e5fc949836a894a	1107展開因数分解演習途中式	484	29
3416a75f4cea9109507cacd8e2f2aefc	[STEP中1]算数の復習	734	25
2e2c080d5490760af59d0baf5acbb84e	R7_NH2_補充リーディングワークシート自習課題５０分用11-15	4251	34
e91068fff3d7fa1594dfdf3b4308433a	24_２年数学「因数分解復習」週末課題No.24	109	11
abdeb6f575ac5c6676b747bca8d09cc2	No.21(1121)解答	146	21
831c2f88a604a07ca94314b56a4921b8	250606 ３年前期中間テスト(数学)問題用紙	751	30
bbbe7ef28a0018c4484eaa8b2d0a0328	2_式の加法・減法解答例 改	260	11
220	共有教材	4	2
18	問題集1-A[数学]	106	22
549	1024等周問題	1	1
122	演習プリント 2025 1-B	20	6
4b4edc2630fe75800ddc29a7b4070add	0624三平方の定理「複数の円の関係」模範解答	279	11
8f125da0b3432ed853c0b6f7ee5aaa6b	【11】 2016年度　追試験　英語【筆記】 第４問　Ａ	180	10
05311655a15b75fab86956663e1819cd	Twas the Night before Christmas: A Visit from St. Nicholas	32	2
feade1d2047977cd0cefdafc40175a99	31_１年数学「データの活用」週末課題No.31	96	14
dc960c46c38bd16e953d97cdeefdbc68	The Tiny Story Book.	146	6
e11943a6031a0e6114ae69c257617980	6_関係を表す式 解答例	84	12
36d7534290610d9b7e9abed244dd2f28	青チャート数A 第2章 確率 (問＆解答)	237	7
d04863f100d59b3eb688a11f95b0ae60	13_図形の性質と証明 	4429	62
ef0d3930a7b6c95bd2b32ed45989c61f	解答[STEP中3]第5章 相似	2861	23
51174add1c52758f33d414ceaf3fe6ba	11_2年数学週末課題「規則性」No.11	64	11
0bf727e907c5fc9d5356f11e4c45d613	20250711_濵田動作確認用	203	1
7bb060764a818184ebb1cc0d43d382aa	The Tale of Peter Rabbit	2671	36
645e6bfdd05d1a69c5e47b20f0a91d46	1016A_21BC_後期数Ｓ「02 整数問題」模範解答	130	7
2a27b8144ac02f67687f76782a3b5d8f	12_前期中間テスト数S	332	12
9da187a7a191431db943a9a5a6fec6f4	Mother Goose in Prose	254	8
ac52c626afc10d4075708ac4c778ddfc	6_等式の変形解答例	79	14
71e09b16e21f7b6919bbfc43f6a5b2f0	コース表示用テストPDF_BR	19	4
f6c79f4af478638c39b206ec30ab166b	0701図形の性質と証明（三角形の角と辺の関係他）	2081	39
b030afbb3a8af8fb0759241c97466ee4	解答[サクシード数Ⅱ]第3章 図形と方程式	5557	54
46072631582fc240dd2674a7d063b040	コース表示用テストPDF	140	6
09fb05dd477d4ae6479985ca56c5a12d	0612三平方の定理「演習」模範解答	445	37
a87d27f712df362cd22c7a8ef823e987	06WH1010解答	5	1
1c6a0198177bfcc9bd93f6aab94aad3c	Ans001The Great Wall of China	71	17
c8ba76c279269b1c6bc8a07e38e78fa4	Stories Pictures Tell. Book 6	26	1
f231f2107df69eab0a3862d50018a9b2	1010 式の展開と因数分解「因数分解演習③」	1108	40
9188905e74c28e489b44e954ec0b9bca	2章 平方根（R7用 未来へひろがる数学3）	28	4
86b20716fbd5b253d27cec43127089bc	16_１年数学「作図」週末課題No.16	137	19
8fb5f8be2aa9d6c64a04e3ab9f63feee	0529_1円の性質「トレミーの定理」	1501	11
571d3a9420bfd9219f65b643d0003bf4	11_一次関数Bライン補習解答例	145	16
95323660ed2124450caaac2c46b5ed90	西京入試過去問1202	8	1
1a3f91fead97497b1a96d6104ad339f6	0702 三平方の定理「円柱に内接する球」	2096	36
1f34004ebcb05f9acda6016d5cc52d5e	夏休み課題英文解説つき	5	1
4bbdcc0e821637155ac4217bdab70d2e	[青チャート数Ⅰ]第2章 集合と命題	108	3
11338326597d14a1f7c745853f4d50a8	No.22(1205)解答	642	24
588	期間限定後期中間対策	3	2
438124b4c06f3a5caffab2c07863b617	R7 No.25(0316)	7147	36
71a3cb155f8dc89bf3d0365288219936	No.04(0507)タッチペン	3877	37
c3614206a443012045cfd75d2600af2d	17_２つの不等式の利用	3207	120
c8ffe9a587b126f152ed3d89a146b445	01_2年数学週末課題「数列」No.01	243	25
c5b2cebf15b205503560c4e8e6d1ea78	解答[STEP中3]第8章 標本調査	990	34
7d6548bdc0082aacc950ed35e91fcccb	No.42 0318	1849	116
1c67df9e0a5cfefa030b853983324004	[青チャート数B]総合演習第2部	74	1
051e4e127b92f5d98d3c79b195f2b291	0513図形と相似「etime  三角形の重心」	7735	40
6e0e24295e8a86282cb559b860416812	解答[サクシード数B]第2章 統計的な推測	13147	119
d1f491a404d6854880943e5c3cd9ca25	0414 図形と相似「導入問題」	3287	41
1d72310edc006dadf2190caad5802983	The Babes in the Wood	153	7
ac45088df2e8d3cd2d8fbafceb920878	05WH0912解答	1	1
d490d7b4576290fa60eb31b5fc917ad1	【問題編】Sirius21国語発展Vol.2	1175	22
fe9fc289c3ff0af142b6d3bead98a923	250408 ３年春休み明けテスト　問題用紙	238	16
bcb41ccdc4363c6848a1d760f26c28a0	99_宮部教頭先生特別課題_解答例	109	16
6709e8d64a5f47269ed5cea9f625f7ab	青チャート数A 第3章 図形の性質 (問＆解答)	94	2
9d740bd0f36aaa312c8d504e28c42163	027_３年数学「難関入試問題に挑戦」週末課題No.027模範解答	32	10
7eb3c8be3d411e8ebfab08eba5f49632	The Little Princess in the Wood	243	7
5bce843dd76db8c939d5323dd3e54ec9	テストPDF（0616田仲）	3	1
dbb422937d7ff56e049d61da730b3e11	1104, 1106 7MES 	4360	117
046ddf96c233a273fd390c3d0b1a9aa4	0701 三平方の定理「関数」模範解答 	164	10
40b5f25a228570053bc64a043c3f1833	0630 三平方の定理「折り返し・移動」模範解答	81	5
5df07ecf4cea616e3eb384a9be3511bb	サマサテBenesse編3解答例	116	13
e7f8a7fb0b77bcb3b283af5be021448f	14_0508正の数・負の数(仮平均)模範解答	75	12
68053af2923e00204c3ca7c6a3150cf7	0509図形と相似「etime  平行線と線分の比」解答	416	11
bdb106a0560c4e46ccc488ef010af787	250408 ３年春休み明けテスト　模範解答	5	1
39539f630a3b94d3ed61ea9d04c9bb05	1215二次方程式「二次方程式の利用5」（解と係数の関係1）	1021	35
0747b9be4f90056c30eb5241f06bfe9b	No.6_2017年度　本試験　英語【筆記】 第５問	9	1
100	問題集	1	1
fea9c11c4ad9a395a636ed944a28b51a	MES 放送用 大問８	3191	115
d84210a75448034bcc4947005695c306	35_１年数学「数列」週末課題No.35	3	1
2bd2e3373dce441c6c3bfadd1daa953e	[青チャート数B]第1章 数列	277	8
70fcb77e6349f4467edd7227baa73222	解答[STEP中3]第5章 相似	219	8
0f2c9a93eea6f38fabb3acb1c31488c6	More Russian Picture Tales	47	2
6463c88460bd63bbe256e495c63aa40b	ELEMENT I U5 Snece12	1466	38
49cbb75927723efba3b4c108ed4a12f3	1216二次方程式「二次方程式の利用6」（解と係数の関係2）	1186	36
2836be05e71a8f34902a6e6b37350134	20_２年数学「式の展開と因数分解」週末課題No.20(解答)	236	38
ba2fd310dcaa8781a9a652a31baf3c68	【解答編】Sirius21国語発展Vol.3	2488	27
116	数S-Friday 2025 1-A	43	14
4c27cea8526af8cfee3be5e183ac9605	0515図形と相似「etime  平行四辺形の中の三角形」	686	16
d296c101daa88a51f6ca8cfc1ac79b50	解答[STEP中2]第3章 1次関数	1322	26
8420d359404024567b5aefda1231af24	15_2年数学週末課題「場合の数と確率」No.15	55	9
30192e936ba11d0a202097fed8f44b2d	複数コース登録PDF_2章 1消費者としてできること～権利と責任～_OCR_フリガナ削除	5	1
6abcc8f24321d1eb8c95855eab78ee95	1217二次方程式「二次方程式の利用7」（無理数係数・連立）解答例	807	65
e727fa59ddefcefb5d39501167623132	R7 2年夏明けテスト解答用紙0826模範	302	37
e3ca0449fa2ea7701a7ac53fb719c51a	13_2年数学週末課題「図形の性質と証明」No.13	125	14
1d54c76f48f146c3b2d66daf9d7f845e	受動態英作文スライド基本2026　0122	146	7
a9365bd906e11324065c35be476beb0c	11_１年数学「方程式」週末課題No.11解答例	363	24
84f74ce4511e0c9531af1182fb636f0f	26_１年数学「式の計算・連立方程式」週末課題No.26解答例 	66	11
eaa1da31f7991743d18dadcf5fd1336f	データの活用導入問題（R4学調）	101	25
4491777b1aa8b5b32c2e8666dbe1a495	14_確率・箱ひげ図Bライン	213	10
3bcf6eecb2611212e088d0d91f2ade9c	R7 No.23(0302)	10362	40
65fc52ed8f88c81323a418ca94cec2ed	新課程版サクシード数Ⅱ 第4章 三角関数 (問＆解答)	57	1
8d3369c4c086f236fabf61d614a32818	A Book of Nonsense	1	1
2723d092b63885e0d7c260cc007e8b9d	サクセスコーチ英語１年【2025】_本冊	13887	46
353de26971b93af88da102641069b440	[サクシード数B]総合問題	88	5
653	第4章関数ｙ＝ax^2	6	4
fec87a37cdeec1c6ecf8181c0aa2d3bf	夏休み課題英文解説つき	205	21
66368270ffd51418ec58bd793f2d9b1b	0423図形と相似「正三角形の分割問題」発展演習	6241	37
4f9c76cf97f84048c5990dd4ef842ea2	2_式の加法・減法解答例 改	195	11
2bb232c0b13c774965ef8558f0fbd615	【解答編】Sirius21国語発展Vol.3	2946	25
f8037f94e53f17a2cc301033ca86d278	08HW1022解答	3	1
1579779b98ce9edb98dd85606f2c119d	２文字の式　自己評価シート	192	20
780965ae22ea6aee11935f3fb73da841	0919 式の展開と因数分解「展開演習①」　解答	228	25
b3f61131b6eceeb2b14835fa648a48ff	P4	2	1
cedebb6e872f539bef8c3f919874e9d7	3章 方程式（R7用 未来へひろがる数学1）	2523	33
547	1021整数問題	2	1
355	青チャート数Ⅱ（新課程版）	2	1
62dad6e273d32235ae02b7d321578ee8	ELEMENT I U5  full sentence	1494	42
a2137a2ae8e39b5002a3f8909ecb88fe	科学実験Library	282	35
e4dd5528f7596dcdf871aa55cfccc53c	[STEP中1]第5章 平面図形 学習のポイント	514	42
1558417b096b5d8e7cbe0183ea9cbf26	Unit7 授業スライド	1091	22
effc299a1addb07e7089f9b269c31f2f	Kernel Cob And Little Miss Sweetclover	122	7
af4732711661056eadbf798ba191272a	250521 ３年5章Blineテスト　解答用紙	356	39
31c0b36aef265d9221af80872ceb62f9	1210二次方程式「二次方程式の利用2」（整数・容積）	1140	37
842424a1d0595b76ec4fa03c46e8d755	後期中間対策　テスト当日までの期間限定公開　形容詞・副詞・名詞比較級単語などなど穴埋授業スライド2025 1117	3102	35
769ac34a4012ab69c069de0bab7d9e81	二次関数2「定義域・値域の習熟を図る」	2464	41
743394beff4b1282ba735e5e3723ed74	R7_3年夏休みの演習課題	36161	131
1340ccf24722f02bbc81b3822ce23d4c	1216二次方程式「二次方程式の利用6」（解と係数の関係2）	1313	38
d840cc5d906c3e9c84374c8919d2074e	No.7(0530)解答	2	1
4191ef5f6c1576762869ac49281130c9	No.13(0912)	18276	120
d01eeca8b24321cd2fe89dd85b9beb51	12/22公開設定サンプル_1章-3 栄養素の種類と働き	7	1
e1696007be4eefb81b1a1d39ce48681b	250605 ３年前期中間テスト(数S)解答用紙	600	39
008bd5ad93b754d500338c253d9c1770	4_工夫して解く方程式 解答例	124	18
2bb0502c80b7432eee4c5847a5fd077b	1007 式の展開と因数分解「因数分解演習①」	1178	39
64c31821603ab476a318839606743bd6	No.15(1001) 解答ベネッセ	229	28
bc573864331a9e42e4511de6f678aa83	07_１年数学「文字の式」週末課題No.7解答例	212	13
7e8d7e5ccbddfd9576be61e3ab86aa73	1112平方根（無理数係数）	347	38
967990de5b3eac7b87d49a13c6834978	形容詞副詞副詞名詞級英並べ替え本文から2025 1115	97	6
828752f77ada1b8badf688bb8be59f9d	23_２年数学「式の展開と因数分解」「平方根」週末課題No.23	296	16
c0f168ce8900fa56e57789e2a2f2c9d0	004_３年数学「相似」週末課題No.004生徒解答	305	19
258be18e31c8188555c2ff05b4d542c3	03-2_1年数学GW中の課題0502	2269	43
f340f1b1f65b6df5b5e3f94d95b11daf	5章 図形と相似（R7用 未来へひろがる数学3）	234	12
65ae450c5536606c266f49f1c08321f2	7_利用（代金の問題・割合の問題）	3017	117
020c8bfac8de160d4c5543b96d1fdede	11_テスト前トレーニング 解答	192	27
d64a340bcb633f536d56e51874281454	【問題編】Sirius21国語発展Vol.2	1323	27
06a15eb1c3836723b53e4abca8d9b879	0612三平方の定理「演習」	385	18
fdbd31f2027f20378b1a80125fc862db	1016A_21BC_後期数Ｓ「02_1 整数問題」	5501	39
087408522c31eeb1f982bc0eaf81d35f	ESP32-C3-DEVKIT-RUST-1	2	1
6098ed616e715171f0dabad60a8e5197	ELEMENT Lesson8 Scene3-4 	3	2
f60ce002e5182e7b99a8a59b6d865a12	0205二次関数10「円と放物線」	5902	113
bd5af7cd922fd2603be4ee3dc43b0b77	0624三平方の定理「複数の円の関係」	984	23
5edc4f7dce28c711afc6265b4f99bf57	0128二次関数4「式・交点・三角形の面積」解答例	842	75
dd1016d687d5960a8f279198a94d0cc5	0126二次関数3「接線の式」	2021	39
6dd4e10e3296fa63738371ec0d5df818	01_前期中間数学	128	7
6e7b33fdea3adc80ebd648fffb665bb8	14_0508正の数・負の数(仮平均)模範解答	41	11
6e5025ccc7d638ae4e724da8938450a6	新課程版サクシード数III 第5章 積分法 (問＆解答)	6	2
f1c1592588411002af340cbaedd6fc33	004_３年数学「相似」週末課題No.004	38	8
63a7769efbcc83107e5e385ccc6429de	複数コース登録PDF_3栄養素の種類と働き_OCR_フリガナ削除	2	1
3fab5890d8113d0b5a4178201dc842ad	前期中間模範	452	39
60a0575ee6ce460e1d86c0e9d281c4f1	形容詞比較級22問巻末から　2025 1118	337	7
819e3d6c1381eac87c17617e5165f38c	MES放送用 大問６	830	107
3644a684f98ea8fe223c713b77189a77	6章 場合の数と確率（R7用 未来へひろがる数学2）	534	19
49af6c4e558a7569d80eee2e035e2bd7	ひらがな１	3	1
61b4a64be663682e8cb037d9719ad8cd	0509図形と相似「etime  平行線と線分の比」解答	353	8
c12706a7c6e8d6476c3d2b6ae0042a82	西京2014フロスト解答例	4	1
a8345c3bb9e3896ea538ce77ffaf2c20	解答[サクシード数Ⅰ]第3章 2次関数	6036	61
532b7cbe070a3579f424988a040752f2	No.19(1008)タッチペン	23705	107
f187a23c3ee681ef6913f31fd6d6446b	01_1章Bラインテスト	189	9
aa6b7ad9d68bf3443c35d23de844463b	解答[青チャート数B]第2章 統計的な推測	329	11
931af583573227f0220bc568c65ce104	011_３年数学「三平方の定理」週末課題No.011模範解答	167	13
045117b0e0a11a242b9765e79cbf113f	6章 空間図形（R7用 未来へひろがる数学1）	1189	25
4d2e7bd33c475784381a64e43e50922f	Robt. Schumann : The Story of the Boy Who Made Pictures in Music	35	2
512c5cad6c37edb98ae91c8a76c3a291	No.8(0620)解答	163	16
34ed066df378efacc9b924ec161e7639	0417 図形と相似「相似の証明」	8862	40
43dd49b4fdb9bede653e94468ff8df1e	中1理科 徹底演習テキスト	8806	48
a9b7ba70783b617e9998dc4dd82eb3c5	0520円の性質「基本理解度チェック　解答用紙」解答	20	4
147702db07145348245dc5a2f2fe5683	Ruth Fielding Down East; Or, The Hermit of Beach Plum Point	11	2
2ef35a8b78b572a47f56846acbeef5d3	0919 式の展開と因数分解「展開演習①」　解答	351	24
0ff8033cf9437c213ee13937b1c4c455	0502_１次関数「直線と図形に関する問題」「線分と交わる直線の傾き」解答例	178	19
b618c3210e934362ac261db280128c22	250605 ３年前期中間テスト(数S)詳しい解答つき問題用紙	652	31
918317b57931b6b7a7d29490fe5ec9f9	数学広場3年_学びをいかそう	65	9
49d4b2faeb4b7b9e745775793141e2b2	R7_夏休みの課題説明	647	37
54b2b21af94108d83c2a909d5b0a6a50	MES01	345	27
deb74a85a4a68465b75c721d45db5d3b	120X_後期数Ｓ「07 空間図形」 模範解答	44	4
73b817090081cef1bca77232f4532c5d	0922三平方の定理「テスト前演習」	3351	40
a0443c8c8c3372d662e9173c18faaa2c	8_式の値・代入解答例 	145	13
a4d8e2a7e0d0c102339f97716d2fdfb6	No.26(0116)解答	80	22
9657c1fffd38824e5ab0472e022e577e	No.11_2016年度　追試験　英語【筆記】 第４問　Ａ	6	1
544a4f59f691574154a60b8539ebf914	2014西京　和訳フロスト	31	4
8a20a8621978632d76c43dfd28b67767	R7夏休みの予習課題（中３）模範解答	1630	38
30bb3825e8f631cc6075c0f87bb4978c	03-2_1年数学GW中の課題0502	6856	43
521	4章演習プリント 2025 1-C	5	3
623	未来へひろがる数学3	5	1
f42a37d114a480b6b57b60ea9a14a9d2	29_１年数学「連立方程式」No.29	170	32
365d17770080c807a0e47ae9118d8641	サクシード数 A 総合問題 (問＆解答)	40	2
03bfc1d4783966c69cc6aef8247e0103	R7 1年前期期末　リスニングテストスクリプト	40	6
5d75b942ab4bd730bc2e819df9c9a4b5	016_３年数学「難関入試問題に挑戦」週末課題No.016	454	16
3cf166c6b73f030b4f67eeaeba301103	0425図形と相似「中点連結定理」解答	1421	37
03593ce517feac573fdaafa6dcedef61	後期期末解答	171	25
9001ca429212011f4a4fda6c778cc318	No.24(1118)タッチペン	37165	103
fface8385abbf94b4593a0ed53a0c70f	2025 2年前期中間テスト模範解答	198	22
5e51eeda0422de44a7cc260b4239d4f9	学年末6「積の回文」 	2144	54
ef0917ea498b1665ad6c701057155abe	3編 1章 1 衣服の役割	69	5
4aa0e93b918848be0b7728b4b1568d8a	22_２年数学「式の展開と因数分解」週末課題No.22	279	40
d09bf41544a3365a46c9077ebb5e35c3	（旧）改・未来へひろがる数学2_入試問題	138	13
cf2226ddd41b1a2d0ae51dab54d32c36	011_３年数学「三平方の定理」週末課題No.011	23	5
51de85ddd068f0bc787691d356176df9	R7_2年夏休みの演習課題_解答（AI先生付き）	28181	123
6b620aedfa4cf153467265629501dd61	05_5章Bラインテスト解説	1523	69
69cb3ea317a32c4e6143e665fdb20b14	No.3(0509)解答	29	7
a1c5aff9679455a233086e26b72b9a06	No.23(1212)	28441	118
dd8eb9f23fbd362da0e3f4e70b878c16	[STEP中1]第2章 文字と式	18384	52
a1d33d0dfec820b41b54430b50e96b5c	No.9(0620)	2	1
4175a4b46a45813fccf4bd34c779d817	【1冬】 2018年度　本試験　英語【筆記】 第４問　Ａ	3670	77
a7789ef88d599b8df86bbee632b2994d	0829確率演習（確認問題）	916	19
ee23e7ad9b473ad072d57aaa9b2a5222	解答[新課程版サクシード数III]第2章 極限	555	9
8c249675aea6c3cbd91661bbae767ff1	[STEP中2]第6章 データの活用 学習のポイント	190	13
dfbd282c18300fa0eccceea6c5fac41f	251223_授業資料	15296	27
e73fecc08ee9b0e1a876614ec3178bac	31_後期中間テスト数学解答用紙（模範解答印刷用）	110	32
5d151d1059a6281335a10732fc49620e	33_２年数学「二次方程式」週末課題No.33	378	25
afdec7005cc9f14302cd0474fd0f3c96	250408 ３年春休み明けテスト　問題用紙　兼　詳しい解説	2	1
52cf49fea5ff66588408852f65cf8272	22_不等式（発展）	2262	117
d51b416788b6ee70eb0c381c06efc9f1	Ans002 New Zealand	203	31
537	MES Oct	7	4
325	サクシード数Ｂ（新課程版）	6	3
635	冬季休業	1	1
b51a15f382ac914391a58850ab343b00	The Little Red Hen	77	5
9778d5d219c5080b9a6a17bef029331c	250408 ３年春休み明けテスト　解答用紙	183	23
18ad9899f3f21a5a1583584d5f11c0c0	250826 夏休み明けテスト　問題用紙	169	8
c952ce98517ac529c60744ac28364b03	冬休み課題　その２（高校入試問題）	3110	36
bea5955b308361a1b07bc55042e25e54	0521 図形の調べ方「証明練習１」	2564	41
797134c3e42371bb4979a462eb2f042a	サンプルPDF（Moodle新規アカウント追加方法）	8	2
33dd6dba1d56e826aac1cbf23cdcca87	09_2年2章Bラインテスト 模範解答	117	28
75df63609809c7a2052fdffe5c00a84e	R7_NH2_補充リーディングワークシートこたえ16－20	3	1
d03a857a23b5285736c4d55e0bb067c8	R7 No.25(0316)	6655	37
e3251075554389fe91d17a794861d47b	The Illustrated Alphabet of Birds	23	3
a118806694c9d9b1091fe94039ae462a	後期期末解答	162	24
97af4fb322bb5c8973ade16764156bed	Our Little Tot\'s Own Book	76	5
c60d060b946d6dd6145dcbad5c4ccf6f	Chinese pictures :  notes on photographs made in China	160	10
5705e1164a8394aace6018e27d20d237	11_一次関数Bライン解答例	130	8
9a1de01f893e0d2551ecbb7ce4dc963e	[STEP中3]第7章 三平方の定理	3557	44
3210ddbeaa16948a702b6049b8d9a202	The Bojabi Tree	70	5
619	2年1章演習プリント 2025 1-B	23	10
309	サクシード数Ⅱ（新課程版）	2	1
37588c655ca22f7ca1664a2b211188ff	17_二次方程式Bライン解答例	366	60
a9078e8653368c9c291ae2f8b74012e7	The Emperor\'s Rout	205	9
c157297d1a1ff043255bfb18530caaa2	R7 1年後期中間 Listening script	48	12
678a1491514b7f1006d605e9161946b1	Eight Illustrations to Shakespeare\'s Tempest	153	3
54229abfcfa5649e7003b83dd4755294	No.01(0416)タッチペン	7758	41
731ae30af8750c2d28720ea3c1f8c2b1	ELEMENTⅡ L5 S34	1539	52
880610aa9f9de9ea7c545169c716f477	1年生サマサテ課題2(模範解答)	53	9
142949df56ea8ae0be8b5306971900a4	01_１年数学「正負の数」週末課題 解答例	959	42
565030e1fce4e481f9823a7de3b8a047	P1	461	35
1e8ca836c962598551882e689265c1c5	0108二次方程式「二次方程式の利用12」（様々な利用・対称式）解答例	397	28
2bce32ed409f5ebcee2a7b417ad9beed	0121二次関数1「定義域・値域」	1704	39
d91d1b4d82419de8a614abce9cc0e6d4	A Picture Book, for Little Children	3135	47
b5baa9c23ac3e015ad287b17a3d4afa3	【6】 2017年度　本試験　英語【筆記】 第５問	1877	82
5c151c2a9b76f9ef26d7e0f0d00c9a89	12/4_教材登録お試し_[青チャート数Ⅰ]第1章 数と式_121	2	1
b87470782489389f344c4fa4ceb5260c	Unit6 授業スライド	183	11
af1b5754061ebbd4412adfb34c8d3534	R7 後期中間テスト解答例	538	38
f9beb1e831faf6aaec2a5cecaf1af293	解答[新課程版サクシード数C]第3章 複素数平面	196	6
685ac8cadc1be5ac98da9556bc1c8d9e	[新課程版サクシード数C]第4章 式と曲線	154	1
861dc9bd7f4e7dd3cccd534d0ae2a2e9	250521 ３年5章Blineテスト　問題用紙	689	31
430c3626b879b4005d41b8a46172e0c0	R7 No.4 (0519)	17	7
881c6efa917cff1c97a74e03e15f43e8	0916標本調査とデータの活用「適切な標本調査の方法の検討」	930	39
350db081a661525235354dd3e19b8c05	青チャート数III 第1章 関数 (問＆解答)	319	8
28dd2c7955ce926456240b2ff0100bde	（旧）改・未来へひろがる数学2	10524	42
372d3f309fef061977fb2f7ba36d74d2	007_３年数学「相似」週末課題No.007生徒解答	173	11
d072677d210ac4c03ba046120f0802ec	4_工夫して解く方程式	1185	34
db9eeb7e678863649bce209842e0d164	10_１年数学「方程式」週末課題No10解答例	345	28
37d0b499fb84a552c17fcbb1442d7895	R7_NH2_補充リーディングワークシート自習課題５０分用16-20	69	4
a86c450b76fb8c371afead6410d55534	0507_１次関数「回転体の体積」	21	1
56352739f59643540a3a6e16985f62c7	07_2年数学週末課題「図形の調べ方」No.07	125	15
483	夏季休業	5	3
291	７章　三平方の定理	6	3
193	ELEMENT	15	6
781	春季休業	4	3
f356355c1634839cf42769e7f30905a3	10_立体の移動	4513	109
69295f5f6bd7d1a08da4919b5bb95bff	13_演習	2348	100
dc6e224a8d74ce03bf301152d6e33e97	21_２年数学「式の展開と因数分解」週末課題No.21(解答)	327	38
12e59a33dea1bf0630f46edfe13d6ea2	20260216後期数Ｓ「令和８年度入試」模範解答	108	25
8bb88f80d334b1869781beb89f7b73be	12_前期中間テスト数S 模範解答	2	1
b132ecc1609bfcf302615847c1caa69a	11_テスト前トレーニング2 解答	2	1
fc8001f834f6a5f0561080d134d53d29	0507_08 メネラウスの定理・チェバの定理(追加問題)	34	6
865dfbde8a344b44095495f3591f7407	08_１年数学「文字と式」週末課題No.8	75	6
93da579a65ce84cd1d4c85c2cbb84fc5	16WH0109 解答	14	6
665d5cbb82b5785d9f344c46417c6c36	10_後期期末数学Sテスト解答例	199	34
7fea637fd6d02b8f0adf6f7dc36aed93	250606 ３年前期中間テスト(数学)詳しい解説つき問題用紙	1050	39
426f990b332ef8193a61cc90516c1245	012_３年数学「三平方の定理」週末課題No.012	5	1
b7f1f29db7c23648f2bb8d6a8ee0469b	[青チャート数Ⅰ]第4章 図形と計量	664	15
185	演習プリント	21	8
f2d887e01a80e813d9080038decbbabb	青チャート数Ⅰ 総合演習第2部 (問＆解答)	40	2
8baca01b732cf56f7ce83df216514363	後期中間対策　テスト当日までの期間限定公開　形容詞・副詞・名詞比較級単語などなど穴埋授業スライド2025 1117	4181	39
cc431fd7ec4437de061c2577a4603995	20_２年数学「式の展開と因数分解」週末課題No.20(解答)	204	38
5751ec3e9a4feab575962e78e006250d	No.5(0516)解答	24	5
0ae1dd3954ee840075de1395771b6c9c	1117, 1118 7MES	3983	114
76c538125fc5c9ec6ad1d05650a57de5	受動態英作文スライド基本2026　0122	79	5
d3aeec875c479e55d1cdeea161842ec6	0917標本調査とデータの活用「推定」	3661	41
5d2c2cee8ab0b9a36bd1ed7196bd6c4a	1107展開因数分解演習	92	13
08f38e0434442128fab5ead6217ca759	[青チャート数Ⅰ]第5章 データの分析	80	3
806d926414ce19d907700e23177ab4ff	7_三角数と四角数解答例	98	10
fbd7939d674997cdb4692d34de8633c4	（旧）改・未来へひろがる数学2_入試問題	129	13
6a81681a7af700c6385d36577ebec359	R7 1年前期中間テスト模範解答	315	31
d89a66c7c80a29b1bdbab0f2a1a94af8	解答[サクシード数Ⅰ]第4章 図形と計量	4040	42
90794e3b050f815354e3e29e977a88ab	ログパレテスト用_20250519テスト用	1	1
35	問題集2-A[数学]	10	6
851ddf5058cf22df63d3344ad89919cf	0501図形と相似「基本理解度チェック　解答用紙」	26	6
22fb0cee7e1f3bde58293de743871417	ESP32-C3-DEVKIT-RUST-1	63	5
f2e43fa3400d826df4195a9ac70dca62	0829(解答)確率演習(確認問題)	267	18
e139c454239bfde741e893edb46a06cc	P3_嶌本テスト（後で削除）	4	1
c4492cbe90fbdbf88a5aec486aa81ed5	コース表示用テストPDF	99	23
455cb2657aaa59e32fad80cb0b65b9dc	【20冬】 2014年度　追試験　英語【筆記】 第５問	136	4
ac796a52db3f16bbdb6557d3d89d1c5a	0527解答例 図形の調べ方（星形の角度ほか）	118	15
285f89b802bcb2651801455c86d78f2a	Little Stories for Little Children	224	10
765d5fb115a9f6a3e0b23b80a5b2e4c4	No.17(1024) 解答	66	23
3430095c577593aad3c39c701712bcfe	14_2年数学週末課題「図形の性質と証明」No.14	90	12
da8ce53cf0240070ce6c69c48cd588ee	0512図形と相似「etime  外角の二等分線の定理」解答	51	8
b3ba8f1bee1238a2f37603d90b58898d	The Boy\'s Book of New Inventions	105	4
a928731e103dfc64c0027fa84709689e	R7 1年後期中間　定期テスト解答用紙	389	35
6ee69d3769e832ec77c9584e0b7ba112	MES02	8	1
f899139df5e1059396431415e770c6dd	サクセスコーチ英語２年【2025】_解答	4036	37
e205ee2a5de471a70c1fd1b46033a75f	05_2年数学週末課題「一次関数」No.05	63	6
1019c8091693ef5c5f55970346633f92	11_1章Bラインテスト	111	7
d82c8d1619ad8176d665453cfb2e55f0	[STEP中2]第3章 1次関数 学習のポイント	267	20
57bafb2c2dfeefba931bb03a835b1fa9	あ_ソート順確認	1	1
539	後期　数Ｓ	1	1
792c7b5aae4a79e78aaeda80516ae2ac	The Baby\'s Bouquet: A Fresh Bunch of Rhymes and Tunes	139	14
5c8e07660e3000f141dda8b83107ed6e	R7_1年_冬課題【解答】	11285	121
ef0eff6088e2ed94f6caf720239f40d5	学年末5「平面図形・確率」 	8192	115
b1301141feffabac455e1f90a7de2054	013_３年数学「三平方の定理」週末課題No.013生徒解答	156	16
e00406144c1e7e35240afed70f34166a	The Moral Picture Book	451	10
5acdc9ca5d99ae66afdfe1eea0e3b26b	【2】 2018年度　本試験　英語【筆記】 第５問	2802	90
0937fb5864ed06ffb59ae5f9b5ed67a9	[新課程版サクシード数C]第1章 平面上のベクトル	146	1
e96ed478dab8595a7dbda4cbcbee168f	数学広場3年_学びをいかそう	10	1
e6d8545daa42d5ced125a4bf747b3688	The Frog Who Would A Wooing Go	31	2
e3b21256183cf7c2c7a66be163579d37	【1B】1章-3 栄養素の種類と働き	1353	39
e07413354875be01a996dc560274708e	004_３年数学「相似」週末課題No.004生徒解答	214	10
4b0a59ddf11c58e7446c9df0da541a84	5/15アップデート後確認用_20250516	19	3
d58f855fdcc76daf232aee454c4e59f7	1211二次方程式「二次方程式の利用3」（動点・座標問題）	1249	35
333ac5d90817d69113471fbb6e531bee	新課程版サクシード数III 第3章 微分法 (問＆解答)	147	3
9f396fe44e7c05c16873b05ec425cbad	0501_１次関数「グラフの読み取り」解答例	86	11
17d63b1625c816c22647a73e1482372b	02_１年数学「正負の数」週末課題	118	21
2288f691b58edecadcc9a8691762b4fd	【4】 2018年度　追試験　英語【筆記】 第５問	2025	84
aba18772fc70c8cbf79a79f413ef102b	後期中間解答	218	27
f3f1b7fc5a8779a9e618e1f23a7b7860	The Tale of Samuel Whiskers; Or, The Roly-Poly Pudding	90	5
5607fe8879e4fd269e88387e8cb30b7e	0529_1円の性質「トレミーの定理」解答	29	9
2d00f43f07911355d4151f13925ff292	BRAdminコース表示用テストPDF	2	1
52edc4a5890adc59cec82cb60f8af691	No.20 1027, 28, 29 7MES	2	1
571e0f7e2d992e738adff8b1bd43a521	Funny Alphabet	507	18
a2557a7b2e94197ff767970b67041697	7章 箱ひげ図とデータの活用（R7用 未来へひろがる数学2）	327	18
43351f7bf9a215be70c2c2caa7555002	15_方程式の利用（応用）	3346	120
faacbcd5bf1d018912c116bf2783e9a1	R7 2年定期テスト解答用紙0602	2	1
fb87582825f9d28a8d42c5e5e5e8b23d	9_方程式の利用（規則性・仕事量）	2995	94
774	学年末演習	3	1
168908dd3227b8358eababa07fcaf091	006_３年数学「相似」週末課題No.006生徒解答	235	11
8d7d8ee069cb0cbbf816bbb65d56947e	0422図形と相似「内角の二等分線」発展演習解答	139	12
671d8d05d795091118b1344f715307c4	【9冬】 2016年度　本試験　英語【筆記】 第６問	1349	63
b9f35816f460ab999cbc168c4da26ff3	1209二次方程式「二次方程式の利用1」（他の解・面積）	1221	36
b1eec33c726a60554bc78518d5f9b32c	14_0508正の数・負の数(仮平均)	516	36
398475c83b47075e8897a083e97eb9f0	コース表示用テストPDF	7	4
10907813b97e249163587e6246612e21	0626三平方の定理「共通接線」模範解答	173	15
eb86d510361fc23b59f18c1bc9802cc6	The Boy Scouts with the Motion Picture Players	45	4
aa169b49b583a2b5af89203c2b78c67c	05_2年数学週末課題「一次関数」No.05	96	12
91f5738a827405b0f0bd80af1b7e386c	20260109後期数Ｓ「令和２年度入試」模範解答	39	10
80c94c09453dfe07681fde78e769353f	R7 No.24(0309)解説	1309	35
7810ccd41bf26faaa2c4e1f20db70a71	The Moving Picture Boys at Panama; Or, Stirring Adventures Along the Great Canal	77	4
6d6968d87c240c699190e2d8c029fa9d	演習問題①	17006	35
04048aeca2c0f5d84639358008ed2ae7	2025bookroll002New Zealand語注なしマーカーを引こう	1296	39
aeb3135b436aa55373822c010763dd54	ESP32-C3-DEVKIT-RUST-1_1625	16	3
32bb90e8976aab5298d5da10fe66f21d	（旧）改・未来へひろがる数学3	498	12
a8849b052492b5106526b2331e526138	12_0501正の数・負の数(四則計算基礎演習)	1071	31
6a10bbd480e4c5573d8f3af73ae0454b	0512図形と相似「etime  外角の二等分線の定理」	3912	39
3948ead63a9f2944218de038d8934305	Struwwelpeter: Merry Stories and Funny Pictures	69	4
a8166da05c5a094f7dc03724b41886e5	12WH1114解答	36	8
243facb29564e7b448834a7c9d901201	09_１年数学「文字の式」週末課題No.9解答例	209	29
10ce03a1ed01077e3e289f3e53c72813	250929 ３年前期期末テスト(数学)　詳しい解説	186	19
f708f064faaf32a43e4d3c784e6af9ea	0708三平方の定理「いろいろな問題」模範解答	169	15
c6b8c8d762da15fa8dbbdfb6baf9e260	R7 No.14(1110)	8783	39
1368ba1ab6ed38bb1f26f36673739d54	0701 三平方の定理「関数」 	2651	39
470e7a4f017a5476afb7eeb3f8b96f9b	No.11(0704)	2	1
0c74b7f78409a4022a2c4c5a5ca3ee19	0418 図形と相似「平行線と比」解答	105	15
65b1e92c585fd4c2159d5f33b5030ff2	1208～２次関数の最大最小 	152	5
14d9e8007c9b41f57891c48e07c23f57	No.9(0627)	7377	38
541	5章演習プリント 2025 1-B	4	2
a516a87cfcaef229b342c437fe2b95f7	R7 No.３ (0428)	41	9
92977ae4d2ba21425a59afb269c2a14e	解答[STEP中2]第4章 図形の性質と合同	1243	21
e8b1cbd05f6e6a358a81dee52493dd06	Laboulaye\'s Fairy Book	104	2
66be31e4c40d676991f2405aaecc6934	[STEP中1]第3章 1次方程式	84726	128
86dba86754c0ad93997a11fa947d97b2	R7 No.20(0126)	4361	35
0d441de75945e5acbc865406fc9a2559	比較級英作文から2025 1118	362	13
a4f23670e1833f3fdb077ca70bbd5d66	3章 二次方程式（R7用 未来へひろがる数学3）	661	17
201d7288b4c18a679e48b31c72c30ded	2025年2年生前期中間テスト模範解答改訂版0611	234	20
2227d753dc18505031869d44673728e2	1016A_21BC_後期数Ｓ「02_3 整数問題」	11402	39
dc2b690516158a874dd8aabe1365c6a0	【3B】4編 1章 5 何を考えて決めますか～意思決定のプロセス～	1309	36
c429429bf1f2af051f2021dc92a8ebea	No.17(0924)タッチペン	27329	107
d790c9e6c0b5e02c87b375e782ac01bc	0903三平方の定理「立方体の切断」	3226	38
28e209b61a52482a0ae1cb9f5959c792	The twelve adventurers, and other stories	39	5
ca43108ded5aabc7793d3f9b928cdd54	15_方程式の利用（応用） 解説	281	29
454	サクシード数Ⅰ（新課程版）	1	1
b090409688550f3cc93f4ed88ec6cafb	大人になれなかった弟たちに　本文	2	1
060ad92489947d410d897474079c1477	6章 円の性質（R7用 未来へひろがる数学3）	18	2
55c567fd4395ecef6d936cf77b8d5b2b	0529 ５章・６章テスト勉強用	266	12
41b0db49fd10d95920281dead0710f58	0206_「紙の形はどちらがいいのかな」	124	19
20479c788fb27378c2c99eadcf207e7f	R7 1年前期期末　定期テスト解答用紙	546	33
b90ba83119860d7f6a6dfaab9f2aa150	4_データの活用(確率の意味) 解答	226	17
54ff9e9e3a2ec0300d4ce11261f5169f	0620図形の性質と証明（平行四辺形 角度ほか）	1775	40
b22b257ad0519d4500539da3c8bcf4dd	1016A_21BC_後期数Ｓ「02_2 整数問題」	6272	40
7e7757b1e12abcb736ab9a754ffb617a	数学広場1年_力をつけよう	665	22
86109d400f0ed29e840b47ed72777c84	Willie Mouse	761	15
1bf0c59238dd24a7f09a889483a50e8f	No.9_2016年度　本試験　英語【筆記】 第４問　Ａ	9	1
f0b1d5879866f2c2eba77f39993d1184	No.17 0930 7MES	118	13
cdd0500dc0ef6682fa6ec6d2e6b577c4	比較級英作文本文から2025 1118	34	3
5e1b18c4c6a6d31695acbae3fd70ecc6	Wee Ones\' Bible Stories	40	2
106	演習課題	16	9
204	2章演習プリント 2025 1-A	11	6
cb8acb1dc9821bf74e6ca9068032d623	07_１年数学「文字の式」週末課題No.7	24	6
ff7d0f525b3be596a51fb919492c099c	青チャート数Ⅱ 総合演習第2部 (問＆解答)	62	2
6e7d2da6d3953058db75714ac400b584	More Goops and How Not to Be Them: A Manual of Manners for Impolite Infants	74	5
53c04118df112c13a8c34b38343b9c10	16_正の数負の数(部分分数分解 2)解答例	24	5
dfeb9598fbfb97cc6bbcc0aff2c785d6	20_１年数学「方程式」週末課題No.20解答例	287	26
c3a690be93aa602ee2dc0ccab5b7b67e	コース表示用テストPDF_BR	2	1
1ee3dfcd8a0645a25a35977997223d22	The Tales of Mother Goose	197	8
3baa271bc35fe054c86928f7016e8ae6	0708三平方の定理「いろいろな問題」	5067	39
478	長期休業課題	18	8
601	3年第3章二次方程式	6	2
dc87c13749315c7217cdc4ac692e704c	The Story of Jack and the Giants	33	2
3fa146219c48a4393aace23e8f353125	027_３年数学「難関入試問題に挑戦」週末課題No.027	893	96
9327969053c0068dd9e07c529866b94d	３章　問題集(STEP)チェックシート	77	16
3323fe11e9595c09af38fe67567a9394	11_連続する整数解答例	184	31
7d265aa7147bd3913fb84c7963a209d1	R7 No.20(0126)	4372	36
21fe5b8ba755eeaece7a450849876228	01_前期中間数学解答例	97	15
0dd1bc593a91620daecf7723d2235624	★ELEMENTⅡ L7	6118	61
41bfd20a38bb1b0bec75acf0845530a7	All Round the Year	415	22
04ecb1fa28506ccb6f72b12c0245ddbc	02_１年数学「正負の数」週末課題0425解答例	433	27
322f62469c5e3c7dc3e58f5a4d1ea399	8_立体の体積・表面積解答例	2	1
018b59ce1fd616d874afad0f44ba338d	The Moving Picture Girls; Or, First Appearances in Photo Dramas	10	3
be83ab3ecd0db773eb2dc1b0a17836a1	6章 円の性質（R7用 未来へひろがる数学3）	2	1
ce6c92303f38d297e263c7180f03d402	2025bookroll002New Zealand問題入り語注なし	4673	39
53adaf494dc89ef7196d73636eb2451b	[解答]中1理科 徹底演習テキスト	2267	32
89	2025年度中学1年B組[英語]	1	1
110	演習課題	9	6
400	サクシード数Ｃ（新課程版）	2	1
369	サクシード数Ⅱ（新課程版）	4	3
2d1b2a5ff364606ff041650887723470	3_いろいろな方程式 解答例	162	16
b1b0ef5ba6b569680ece2fae998c4d0a	30_１年数学「連立方程式」週末課題No30解答例	430	29
ba1b3eba322eab5d895aa3023fe78b9c	青チャート数Ⅰ 第2章 集合と命題 (問＆解答)	37	1
8bd39eae38511daad6152e84545e504d	Summer MES 07	1246	52
48df7b8e8d586a55cf3e7054a4c85b30	[新課程版サクシード数C]総合問題	45	2
d8847be3f7cc1b14e9173908bebb2106	解答[新課程版サクシード数C]第2章 空間のベクトル	20	1
9c01802ddb981e6bcfbec0f0516b8e35	No.06(0521)タッチペン	7440	37
b1d10e7bafa4421218a51b1e1f1b0ba2	7章 箱ひげ図とデータの活用（R7用 未来へひろがる数学2）	477	24
c16a5320fa475530d9583c34fd356ef5	ESP32-C3-DEVKIT-RUST-3	23	2
a223c6b3710f85df22e9377d6c4f7553	Pictured Puzzles and Word Play	190	11
ca9c267dad0305d1a6308d2a0cf1c39c	No.04(0507)タッチペン	3713	39
80537a945c7aaa788ccfcdf1b99b5d8f	Unit 3 Bline（模範解答）0623	62	11
96ea64f3a1aa2fd00c72faacf0cb8ac9	0512図形と相似「etime  外角の二等分線の定理」解答	51	12
345	サクシード数Ｂ（新課程版）	2	1
2bf283c05b601f21364d052ca0ec798d	コース表示用テストPDF	2	2
41f1f19176d383480afa65d325c06ed0	ELEMENTⅡ L1 S12	3924	55
ae3539867aaeec609a4260c6feb725f4	西京力1023模範解答	198	35
2b38c2df6a49b97f706ec9148ce48d86	Little Cinderella	228	11
0fe473396242072e84af286632d3f0ff	19_文字の値に関する問題 解説	550	29
53e19f3dbb211f20b20b45668303c1b6	033_３年数学「後期期末テスト(数S)　出題しようと思った問題」週末課題No.033	4	2
3a15c7d0bbe60300a39f76f8a5ba6896	Children of the Tenements	201	13
242c100dc94f871b6d7215b868a875f8	The Panjandrum Picture Book	39	2
8a1ee9f2b7abe6e88d1a479ab6a42c5e	R7_NH2_補充リーディングワークシート自習課題５０分用11-15	3294	30
f92586a25bb3145facd64ab20fd554ff	No.27(1203)タッチペン	26020	103
ca0daec69b5adc880fb464895726dbdf	0626図形の性質と証明（平行四辺形になる条件）	1096	40
0266e33d3f546cb5436a10798e657d97	1章 式の展開と因数分解（R7用 未来へひろがる数学3）	6	3
4734ba6f3de83d861c3176a6273cac6d	6章 円の性質（R7用 未来へひろがる数学3）	20	5
e951ccd95572a67138f4572c1c7d7ee8	1223二次方程式「二次方程式の利用11」（関数）	845	38
aeefb050911334869a7a5d9e4d0e1689	2025 0912BookRoll Reading03+04問題	13223	39
5b4130c9e891d39891289001cc97d86b	250918 ３年8章Blineテスト　問題用紙	33	5
134	数S-Friday 2025 1-C	47	12
825f9cd5f0390bc77c1fed3c94885c87	夏休み明けテスト模範解答 (0826)	671	38
0613239e122094abb4ef998c01d16958	06WH1010解答	3	2
31ca0ca71184bbdb3de7b20a51e88e90	R7_NH2_補充リーディングワークシートこたえ16－20	25	3
9fe8593a8a330607d76796b35c64c600	No.04(0507)タッチペン	2427	36
a684eceee76fc522773286a895bc8436	[STEP中2]第3章 1次関数 学習のポイント	273	16
e07bceab69529b0f0b43625953fbf2a0	0924三平方の定理「テスト前演習２」模範解答	157	19
ffeabd223de0d4eacb9a3e6e53e5448d	0428図形と相似「相似比と面積比・表面積比・体積比」解答	34	7
564645fbd0332f066cbd9d083ddd077c	No.16(1017) 解答平面図形	80	22
d7a728a67d909e714c0774e22cb806f2	0430図形と相似「相似の利用」解答	47	10
efdf562ce2fb0ad460fd8e9d33e57f57	2025bookroll002New Zealand語注なしマーカーを引こう	1369	40
7f100b7b36092fb9b06dfb4fac360931	8章 標本調査とデータの活用（R7用 未来へひろがる数学3）	11	6
5055cbf43fac3f7e2336b27310f0b9ef	04_１年数学「正負の数」週末課題No.4解答例	95	8
e8bf0f27d70d480d3ab793bb7619aaa5	16_１年数学「作図」週末課題No.16解答例	195	32
731309c4bb223491a9f67eac5214fb2e	12_作図とおうぎ形の計量（復習） 解答	371	38
42fe880812925e520249e808937738d2	【13】 2015年度　本試験　英語【筆記】 第４問　Ａ	169	8
979d472a84804b9f647bc185a877a8b5	3章 一次関数（R7用 未来へひろがる数学2）	1362	31
b1b0432ceafb0ce714426e9114852ac7	[青チャート数B]総合演習第1部	94	2
9908279ebbf1f9b250ba689db6a0222b	0519図形と相似「etime  空間内の線分の長さ(切断2)」解答	47	6
1b0114c51cc532ed34e1954b5b9e4b58	[解答]中2理科 徹底演習テキスト	7266	72
ddf9029977a61241841edeae15e9b53f	07_後期中間数学Sテスト解答例	401	39
ec7f346604f518906d35ef0492709f78	0924三平方の定理「テスト前演習２」	2017	37
21b5680d80f75a616096f2e791affac6	【11冬】 2014年度　本試験　英語【筆記】 第６問	107	7
051928341be67dcba03f0e04104d9047	010_３年数学「三平方の定理」週末課題No.010生徒解答	187	12
ae87a54e183c075c494c4d397d126a66	学年末1「テストに選ばれなかった問題たち」	3250	77
c667d53acd899a97a85de0c201ba99be	Animal Children: The Friends of the Forest and the Plain	271	9
79cae1be0fbae74dafbf8399ee2209cb	解答[青チャート数III]第5章 積分法	7	1
2ad9e5e943e43cad612a7996c12a8796	1208二次方程式「式の整理・置き換え他」	1892	37
a38b16173474ba8b1a95bcbc30d3b8a5	I_コース表示用テストPDF	2	2
ce393994e8cf430867408678d1a5a9c8	9_おうぎ形の計量	2	1
565	Lesson06	2	1
d38ee19a4815c4aeba48227913092a6e	24_２年数学「因数分解復習」週末課題No.24	135	17
1943102704f8f8f3302c2b730728e023	0630 三平方の定理「折り返し・移動」	5830	39
e038453073d221a4f32d0bab94ca7cee	8_利用（速さ）	1480	107
d3e0f226df6865b28fb677548370f467	R7 後期期末テスト解答用紙 解答例	334	32
c6447300d99fdbf4f3f7966295b8b5be	031_３年数学「難関入試問題に挑戦」週末課題No.031生徒解答	1533	87
4e732ced3463d06de0ca9a15b6153677	Unit20	17	3
9649dec6196d730c5e024f204477d8d1	R7_2年_冬休みの演習課題（AI用）	17120	123
ec0bfd000f253eff3acb1043e1c06979	No.15 0911 7MES	4705	120
adf8d7f8c53c8688e63a02bfb3055497	9_余りの問題解答例	237	8
0d8080853a54f8985276b0130266a657	R7 No.16(1201)	9029	38
1ecfb463472ec9115b10c292ef8bc986	0509_１次関数「前期中間過去問より」	2775	40
a724b9124acc7b5058ed75a31a9c2919	250926 ３年前期期末テスト(数S)問題用紙	303	15
d736bb10d83a904aefc1d6ce93dc54b8	11_1章Bラインテスト	278	9
118	自己評価シート 2025 1-A	18	5
408	サクシード数Ｃ（新課程版）	1	1
361	サクシード数Ⅱ（新課程版）	1	1
a2d10d355cdebc879e4fc6ecc6f63dd7	1009 式の展開と因数分解「因数分解演習③」	1259	41
e8a642ed6a9ad20fb159472950db3d65	23_２年数学「式の展開と因数分解」「平方根」週末課題No.23	222	21
e077e1a544eec4f0307cf5c3c721d944	The motion picture comrades aboard a submarine :  or, Searching for treasure under the sea	69	6
3493894fa4ea036cfc6433c3e2ee63b0	0421_一次関数「一直線上の３点 ・変域から値を求める」解答例	139	23
7b13b2203029ed80337f27127a9f1d28	0519図形と相似「etime  空間内の線分の長さ(切断2)」解答	23	5
a5ff5d4b0a0d7b3e4d64147037d8c344	0108二次方程式「二次方程式の利用12」（様々な利用・対称式）解答例	391	32
182be0c5cdcd5072bb1864cdee4d3d6e	テストPDF２	2	1
cee631121c2ec9232f3a2f028ad5c89b	0428図形と相似「相似比と面積比・表面積比・体積比」	6477	40
e7e23670481ac78b3c4122a99ba60573	R7夏休みの演習課題（中３）	22	4
978d76676f5e7918f81d28e7d092ca0d	0620三平方の定理「３辺がわかる三角形の面積を求める」	7615	40
d5e2c0adad503c91f91df240d0cd4e49	2025bookroll002New Zealand問題入り語注なし	4066	39
494c08f7a144d3cc4cfa661ed1244039	6章自己評価シート（まとめ例）	114	12
eda80a3d5b344bc40f3bc04f65b7a357	4章 関数y=ax2（R7用 未来へひろがる数学3）	3486	36
4122cb13c7a474c1976c9706ae36521d	The Butterfly\'s Funeral	61	6
a41b3bb3e6b050b6c9067c67f663b915	5-1_作図トレーニング 1(問題・解答)	1419	51
a597e50502f5ff68e3e25b9114205d4a	2章 連立方程式（R7用 未来へひろがる数学2）	2137	52
e25cfa90f04351958216f97e3efdabe9	1024A_1114BC 後期数Ｓ「06 等周問題2」	12326	113
3e313b9badf12632cdae5452d20e1af6	250521 ３年5章Blineテスト　解答用紙	386	38
8ce87bdda85cd44f14de9afb86491884	解答[チャート式数C]第2章 空間のベクトル	11	1
9c72e0c8882794b79d65f14776a0a974	Unit 10 Bline（模範解答）	93	13
340	サクシード数Ｂ（新課程版）	5	4
552	3年2章平方根	1	1
139	教科書1-B[数学]	41	17
9a96a2c73c0d477ff2a6da3bf538f4f4	250929 ３年前期期末テスト(数学)　削除した１問	1189	25
b0a665a28efd91535abb111d656ecd04	R8 春休みの演習課題（AI先生）	11874	90
41ae36ecb9b3eee609d05b90c14222fb	0428_一次関数の利用「動点問題」	464	40
e77dbaf6759253c7c6d0efc5690369c7	R7 No.10(0707)	4539	38
9766527f2b5d3e95d4a733fcfb77bd7e	数学広場1年_学びをいかそう	412	15
e02e27e04fdff967ba7d76fb24b8069d	1年生サマサテ課題	587	41
4daa3db355ef2b0e64b472968cb70f0d	0526 図形の調べ方「証明練習２」	1	1
8757150decbd89b0f5442ca3db4d0e0e	0423_一次関数「連立方程式の解と2直線 3直線が三角形をつくらない」解答例	133	15
2a0f97f81755e2878b264adf39cba68e	0924三平方の定理「テスト前演習２」模範解答	165	15
12a1d073d5ed3fa12169c67c4e2ce415	0627 三平方の定理「円の性質」模範解答	67	7
3871bd64012152bfb53fdf04b401193f	0513図形と相似「etime  三角形の重心」	1907	24
0a1bf96b7165e962e90cb14648c9462d	0530円の性質「2円の共通外接円」	1636	37
646	Weekend Homework	1	1
91d0dbfd38d950cb716c4dd26c5da08a	R7 No.14(1110)	9355	41
45c166d697d65080d54501403b433256	1024A_1114BC 後期数Ｓ「06 等周問題4」	8164	112
4a08142c38dbe374195d41c04562d9f8	中1理科 徹底演習テキスト	109	3
7edccc661418aeb5761dbcdc06ad490c	夏明けテスト解答	244	32
1e913e1b06ead0b66e30b6867bf63549	青チャート数C 総合演習第1部 (問＆解答)	212	11
9cf81d8026a9018052c429cc4e56739b	【問題編】Sirius21国語発展Vol.1	16038	44
1bf50aaf147b3b0ddd26a820d2ed394d	【4冬】 2018年度　追試験　英語【筆記】 第５問	1460	70
5abdf8b8520b71f3a528c7547ee92428	11_立体の中を動く球	16076	113
091d584fced301b442654dd8c23b3fc9	数学広場2年_学びをいかそう	17	6
6c91724b896cdcf48285039ab05b3aaf	1114平方根（根号を含む計算2）	624	39
17ed8abedc255908be746d245e50263a	青チャート数Ⅰ 第5章 データの分析 (問＆解答)	14	1
2dbf21633f03afcf882eaf10e4b5caca	R7_夏休みの課題説明	415	33
5a45828dead8c065099cb653a2185df1	[青チャート数A]第4章 数学と人間の活動	457	9
a78482ce76496fcf49085f2190e675b4	016_３年数学「難関入試問題に挑戦」週末課題No.016	246	14
253f7b5d921338af34da817c00f42753	5/30テストPDF（田仲）	6	2
939314105ce8701e67489642ef4d49e8	1029C_30B_1113A後期数Ｓ「04 約束記号問題」模範解答	857	66
ca46c1b9512a7a8315fa3c5a946e8265	2章 連立方程式（R7用 未来へひろがる数学2）	29	6
a3fb4fbf9a6f9cf09166aa9c20cbc1ad	Mother Goose or the Old Nursery Rhymes	424	7
1d94108e907bb8311d8802b48fd54b4a	【3】 2018年度　追試験　英語【筆記】 第４問　Ａ	2632	87
115	週末課題 2025 1-A	27	8
217	６章　円の性質	2	1
c913303f392ffc643f7240b180602652	007_３年数学「相似」週末課題No.007生徒解答	233	14
466473650870501e3600d9a1b4ee5d44	解答[青チャート数Ⅱ]第6章 微分法	118	4
e5b294b70c9647dcf804d7baa1903918	新課程版サクシード数B 第2章 統計的な推測 (問＆解答)	90	5
639d79cc857a6c76c2723b7e014fccb0	4章自己評価シート（まとめ例）	535	43
860320be12a1c050cd7731794e231bd3	0516図形と相似「etime  補助線の利用（切断１）」解答	34	5
cc42acc8ce334185e0193753adb6cb77	6/9本人 複数コース選択確認用	144	3
2f55707d4193dc27118a0f19a1985716	10_0428正の数・負の数(指数) 	8	2
e2c61965b5e23b47b77d7c51611b6d7f	0918標本調査とデータの活用「黄金虫問題」	258	32
6d3a1e06d6a06349436bc054313b648c	01_1章Bラインテスト	268	13
6d19c113404cee55b4036fce1a37c058	★解答[STEP中1]第4章 比例と反比例	214	8
761c7920f470038d4c8a619c79eddd62	012_３年数学「三平方の定理」週末課題No.012	16	5
103	週末課題解答例	5	3
748ba69d3e8d1af87f84fee909eef339	12_図形の調べ方Bライン	239	22
92426b262d11b0ade77387cf8416e153	Summer MES 03	1799	73
f22e4747da1aa27e363d86d40ff442fe	新課程版サクシード数C 演習問題 (問＆解答)	79	13
a554f89dd61cabd2ff833d3468e2008a	20_方程式（発展）	9473	126
635440afdfc39fe37995fed127d7df4f	2025bookroll001 the great wall問題入り語注なし	821	39
81b3833e2504647f9d794f7d7b9bf341	2025bookroll Reading 002New Zealand語注なし	2	1
ba3e9b6a519cfddc560b5d53210df1bd	014_３年数学「三平方の定理」週末課題No.014生徒解答	107	12
c79ec57a8e72a87d8a69d2c6b8a2a8d4	ELEMENT Lesson8 Scene2	2	1
96b250a90d3cf0868c83f8c965142d2a	20260109後期数Ｓ「令和２年度入試」模範解答	46	10
350a3797caea1668d227c8cbe52c793e	12/22個人アカウント_所有者追加試行_栄養素のはたらきpdf	11	3
0f3c5d0c3666eec8cd311bec6d878915	英語HW(Dec.16)解答	17	4
17c3433fecc21b57000debdf7ad5c930	青チャート数Ⅰ 総合演習第1部 (問＆解答)	40	2
3c8a49145944fed2bbcaade178a426c4	4_階差数列	3923	97
3bd4017318837e92a66298c7855f4427	0903三平方の定理「立方体の切断」	1986	39
23af4b45f1e166141a790d1a3126e77a	0703三平方の定理「正四面体の内接球・外接球」模範解答	312	20
4fc28b7093b135c21c7183ac07e928a6	1217二次方程式「二次方程式の利用7」（無理数係数・連立）	1900	40
f0dd4a99fba6075a9494772b58f95280	No.10(0704)解答	412	9
26505e0494662534f633586941b77d0c	R7_1年夏休みの演習課題（解答）	28410	127
7fb8ceb3bd59c7956b1df66729296a4c	0527解答例 図形の調べ方「角度演習２」	455	22
ab233b682ec355648e7891e66c54191b	R7 No.３ (0512)	7106	39
274ad4786c3abca69fa097b85867d9a4	2章 連立方程式（R7用 未来へひろがる数学2）	10	4
e94f63f579e05cb49c05c2d050ead9c0	0529_1円の性質「トレミーの定理」	4852	37
e8258e5140317ff36c7f8225a3bf9590	1024A_1114BC 後期数Ｓ「06 等周問題3」	1924	87
c5e1ab9c931df8f5e4c5a8aa53837d52	0130二次関数6「直交する2直線」	3254	113
270edd69788dce200a3b395a6da6fdb7	コース表示用テストPDF	36	10
6cdd60ea0045eb7a6ec44c54d29ed402	2章 文字の式（R7用 未来へひろがる数学1）	6085	39
faa453efde4ac6a36849ba381feb9e87	[青チャート数B]総合演習第1部	50	4
d3a7f48c12e697d50c8a7ae7684644ef	ELEMENTⅡ L3 S34	2083	47
c8fbbc86abe8bd6a5eb6a3b4d0411301	R7 No.4 (0519)	30	9
f1981e4bd8a0d6d8462016d2fc6276b3	解答[STEP中2]学年末問題	163	14
09b15d48a1514d8209b192a8b8f34e48	青チャート数Ⅱ 第4章 三角関数 (問＆解答)	54	1
8b8388180314a337c9aa3c5aa8e2f37a	9_おうぎ形の計量	4	1
466accbac9a66b805ba50e42ad715740	0704三平方の定理「正三角柱・円錐に内接する球・辺接する球」模範解答	237	15
2217ad1dd50c1017d3df6b44b7c45508	0916標本調査とデータの活用「適切な標本調査の方法の検討」	703	32
2c89109d42178de8a367c0228f169bf8	The Faithless Parrot	30	4
2823f4797102ce1a1aec05359cc16dd9	No.11(0704)	2	1
0609154fa35b3194026346c9cac2a248	青チャート数Ⅱ 第6章 微分法 (問＆解答)	2943	27
5dec707028b05bcbd3a1db5640f842c5	13_2年数学週末課題「図形の性質と証明」No.13	107	12
1f5e7f2748adabf08629a6312ac3bfdd	0213二次関数13「西京の過去問たち」	2107	78
f91e24dfe80012e2a7984afa4480a6d6	The Moving Picture Girls Snowbound	63	5
eaae339c4d89fc102edd9dbdb6a28915	R7 No.３ (0512)	7288	39
ba95d78a7c942571185308775a97a3a0	9_おうぎ形の計量	31186	116
52c5189391854c93e8a0e1326e56c14f	250606 ３年前期中間テスト(数学)問題用紙	954	28
52720e003547c70561bf5e03b95aa99f	002_３年数学「相似」週末課題No.002	211	8
3295c76acbf4caaed33c36b1b5fc2cb1	R7 No.1 (0414)	5422	41
f8bf09f5fceaea80e1f864a1b48938bf	250616 ３年6章Blineテスト　解答用紙	357	39
f7ac67a9aa8d255282de7d11391e1b69	No.7_2017年度　追試験　英語【筆記】 第４問　Ａ	9	1
d79aac075930c83c2f1e369a511148fe	0514図形と相似「etime 三角形の面積比と線分比」解答	1	1
a4fa7175d4757e45eac71a8487751f63	R7_NH2_補充リーディングワークシート自習課題５０分用11-15	2	1
2bf5e202fc973a02f417dc9af000177b	41_後期期末テスト数学 解説	1026	65
bb1662b7c5f22a0f905fd59e718ca05e	Ans001The Great Wall of China	103	24
d1c373ab1570cfb9a7dbb53c186b37a2	R7 前期期末テスト模範解答	519	40
0d7de1aca9299fe63f3e0041f02638a3	0507_１次関数「回転体の体積」解答例	142	15
f4be00279ee2e0a53eafdaa94a151e2c	【解答編】Sirius21国語発展Vol.2	3272	25
70ece1e1e0931919438fcfc6bd5f199c	コース表示用テストPDF	75	19
a733fa9b25f33689e2adbe72199f0e62	0514図形と相似「etime 三角形の面積比と線分比」	3217	18
8f14e45fceea167a5a36dedd4bea2543	ごみについて考えよう	536	71
a3147b88259a8e5745ebd59394aee83e	【1C】1章-3 栄養素の種類と働き	1443	41
47	STEP中3	3	2
07811dc6c422334ce36a09ff5cd6fe71	[STEP中3]第1章 式の計算	6573	79
cc1aa436277138f61cda703991069eaf	No.06(0521)タッチペン	6033	37
fbfe5ba2ce3309f522c335e949435612	【19冬】 2014年度　追試験　英語【筆記】 第４問　Ａ	75	5
9f6992966d4c363ea0162a056cb45fe5	青チャート数B 第2章 統計的な推測 (問＆解答)	115	7
6547884cea64550284728eb26b0947ef	013_３年数学「三平方の定理」週末課題No.013生徒解答	265	11
4b86ca48d90bd5f0978afa3a012503a4	250929 ３年前期期末テスト(数学)　削除した１問　詳しい解説	120	15
aa68c75c4a77c87f97fb686b2f068676	7_食塩水	2579	41
b3e3e393c77e35a4a3f3cbd1e429b5dc	No.1(0418)解答	8	3
028ee724157b05d04e7bdcf237d12e60	解答[サクシード数Ⅰ]第1章 数と式	2482	53
8c59fd6fbe0e9793ec2b27971221cace	【1】 2018年度　本試験　英語【筆記】 第４問　Ａ	4610	91
8d3bba7425e7c98c50f52ca1b52d3735	R7 No.２ (0421)	6487	38
f507783927f2ec2737ba40afbd17efb5	西京2014フロスト解答例	8	2
58a2fc6ed39fd083f55d4182bf88826d	4章 図形の調べ方（R7用 未来へひろがる数学2）	632	17
3b2d8f129ae2f408f2153cd9ce663043	R7 前期期末テスト模範解答	486	36
e816c635cad85a60fabd6b97b03cbcc9	7_食塩水(難問) 解答例	383	37
c3e4035af2a1cde9f21e1ae1951ac80b	新課程版サクシード数III 第6章 積分法の応用 (問＆解答)	16	3
30cde89544caa549a813d660c4b27967	Unit 9 Bline（0203版）模範解答	6	2
9872ed9fc22fc182d371c3e9ed316094	数学広場2年_力をつけよう	2	1
15d185eaa7c954e77f5343d941e25fbd	青チャート数C 第3章 複素数平面 (問＆解答)	1785	6
de3c1a733c9c51de130bc7ae775fd930	08_R7冬休み明けテスト解答	108	28
648	2年2章演習プリント 2025 1-B	6	3
121	数S-Friday 2025 1-B	26	11
6d3a2d24eb109dddf78374fe5d0ee067	解答[新課程版サクシード数C]第1章 平面上のベクトル	54	2
0fc170ecbb8ff1afb2c6de48ea5343e7	No.14(0919)	14772	119
88f0bf2899c595146bff13b20342eb6a	0316, 18 No.41	3822	117
366f0bc7bd1d4bf414073cabbadfdfcd	R7 No.13(1027)	8118	37
8a56257ea05c74018291954fc56fc448	Unit5 授業スライド	1680	27
1385974ed5904a438616ff7bdb3f7439	１正の数・負の数 自己評価シート	744	24
5352696a9ca3397beb79f116f3a33991	[STEP中3]第4章 関数y=ax2 学習のポイント	336	14
3953630da28e5181cffca1278517e3cf	04_4章Bラインテスト 解説	1692	75
97275a23ca44226c9964043c8462be96	7_食塩水(難問) 解答例	196	22
9023effe3c16b0477df9b93e26d57e2c	前期期末解答	405	36
698d51a19d8a121ce581499d7b701668	サクセスコーチ英語１年【2025】_本冊	21147	42
182e6c2d3d78eef40e5dac7da77a748f	夏休み明けテスト復習問題	11	3
300891a62162b960cf02ce3827bb363c	0704三平方の定理「正三角柱・円錐に内接する球・辺接する球」模範解答	283	18
9f60ab2b55468f104055b16df8f69e81	260114_田仲動作確認用	171	2
05546b0e38ab9175cd905eebcc6ebb76	011_３年数学「三平方の定理」週末課題No.011模範解答	193	15
1517c8664be296f0d87d9e5fc54fdd60	R7 No.18(1215)	8201	37
9d752cb08ef466fc480fba981cfa44a1	解答[新課程版サクシード数III]第3章 微分法	182	7
c902b497eb972281fb5b4e206db38ee6	0623三平方の定理「基本理解度チェック　解答用紙」	54	11
8cff9bf6694dccfc3b6a613d05d51d16	4編 2章-1 消費者としてできること～権利と責任～	6	2
207f88018f72237565570f8a9e5ca240	6/9 コース表示用テストPDF	37	4
24b16fede9a67c9251d3e7c7161c83ac	0423_一次関数「連立方程式の解と2直線 3直線が三角形をつくらない」	1237	41
427	青チャート数Ⅲ（新課程版）	1	1
74378afe5e8b20910cf1f939e57f0480	No.12(0908) 解答変化と対応	242	18
f8151fdd6026f82036ab63052b97505b	R7 No.25(0316)	4	1
6e3197aae95c2ff8fcab35cb730f6a86	12_比例.反比例の利用　解答例（対称な点、垂直に交わる２直線、動点問題）	596	45
1baff70e2669e8376347efd3a874a341	01_1章Bラインテスト解説	80	11
5a01f0597ac4bdf35c24846734ee9a76	R7 1年前期期末　定期テスト解答用紙	9	1
e2c0be24560d78c5e599c2a9c9d0bbd2	3章 一次関数（R7用 未来へひろがる数学2）	3259	33
e465ae46b07058f4ab5e96b98f101756	0911標本調査とデータの活用「導入課題」	315	23
72b386224056bf940cd5b01341f65e9d	1029C_30B_1113A後期数Ｓ「04 約束記号問題」	2	1
c52f1bd66cc19d05628bd8bf27af3ad6	数学広場2年_学びをいかそう	29	6
91e50fe1e39af2869d3336eaaeebdb43	後期中間テスト振り返り　問題	23	10
af44c4c56f385c43f2529f9b1b018f6a	解答[青チャート数Ⅱ]第7章 積分法	18	1
ef0d17b3bdb4ee2aa741ba28c7255c53	0916標本調査とデータの活用「適切な標本調査の方法の検討」模範解答	13	3
9457fc28ceb408103e13533e4a5b6bd1	【15】 2015年度　追試験　英語【筆記】 第４問　Ａ	62	3
c90e274d55309db944076afb3ff9c391	Glass of Milk	4	1
6c990b7aca7bc7058f5e98ea909e924b	017_３年数学「難関入試問題に挑戦」週末課題No.017生徒解答	1865	92
dc49dfebb0b00fd44aeff5c60cc1f825	0202二次関数7「線分の比」解答例	854	78
a07c2f3b3b907aaf8436a26c6d77f0a2	2025bookroll001 the great wall問題入り語注なし	922	39
cdcb2f5c7b071143529ef7f2705dfbc4	解答[青チャート数A]第2章 確率	469	9
f7e6c85504ce6e82442c770f7c8606f0	3章 方程式（R7用 未来へひろがる数学1）	3664	33
b73dfe25b4b8714c029b37a6ad3006fa	0509図形と相似「etime  平行線と線分の比」	8687	40
9a4400501febb2a95e79248486a5f6d3	250605 ３年前期中間テスト(数S)問題用紙	1726	32
92bbd31f8e0e43a7da8a6295b251725f	ELEMENTI L4 S12	3714	47
8a1e808b55fde9455cb3d8857ed88389	A Apple Pie	25862	426
2d579dc29360d8bbfbb4aa541de5afa9	[STEP中3]第3章 2次方程式	3762	69
a05d886123a54de3ca4b0985b718fb9b	形容詞副詞副詞名詞級英並べ替え本文から2025 1115	22	4
88ae6372cfdc5df69a976e893f4d554b	No.9(0620)	2	1
81b073de9370ea873f548e31b8adc081	[STEP中2]第3章 1次関数	962	18
943b5fd1ef60d3a4db537af4a4d0c802	1215二次方程式「二次方程式の利用5」（解と係数の関係1）	1057	40
ff49cc40a8890e6a60f40ff3026d2730	The Whole Truth and Nothing But	143	10
219	2章演習プリント 2025 1-C	14	8
148d411aeffed8a6f6ad4ecd77d1f904	0204二次関数9 「いろいろな関数」解答例	406	86
09b69adcd7cbae914c6204984097d2da	[サクシード数Ⅱ]第5章 指数関数と対数関数	334	14
5c04925674920eb58467fb52ce4ef728	0430_1次関数「直線で囲まれた三角形の面積・面積を二等分する直線の式」解答例	128	16
1680e9fa7b4dd5d62ece800239bb53bd	250826 夏休み明けテスト　詳しい解説	576	26
f35fd567065af297ae65b621e0a21ae9	27_２年数学「平方根」週末課題No.27	343	21
9d2682367c3935defcb1f9e247a97c0d	6/9 コース表示用テストPDF	2	2
6be5336db2c119736cf48f475e051bfe	0616図形の性質と証明（直角三角形の合同2）	3571	42
b8b4b727d6f5d1b61fff7be687f7970f	0617図形の性質と証明（外心・内心の証明）	3073	41
da6cb383f8f9e58f2c8af88a8c0eb65e	18_二次関数Bライン解説	2223	93
56cb94cb34617aeadff1e79b53f38354	[サクシード数Ⅱ]第2章複素数と方程式	432	17
399	青チャート数Ｃ（新課程版）	1	1
a9de093d0622ed782d267fa3f1953228	023_３年数学「難関入試問題に挑戦」週末課題No.023	219	31
21be9a4bd4f81549a9d1d241981cec3c	サクシード数Ⅰ 総合問題  (問＆解答)	69	5
6211080fa89981f66b1a0c9d55c61d0f	12_2年数学週末課題「図形の性質と証明」No.12	67	10
4f11b55f57612f06fe9638b99f6c66e6	06_6章Bラインテスト 模範解答	72	27
943aa0fcda4ee2901a7de9321663b114	251128 ３年後期中間テスト(数S)問題用紙	401	23
7d771e0e8f3633ab54856925ecdefc5d	Motion Picture Operation, Stage Electrics and Illusions	27	4
c0826819636026dd1f3674774f06c51d	No.7(0613)	8676	42
6d9cb7de5e8ac30bd5e8734bc96a35c1	0527解答例 図形の調べ方（星形の角度ほか）	84	14
f4dd765c12f2ef67f98f3558c282a9cd	05_１年数学「正負の数」週末課題No.5解答例	151	12
7cac11e2f46ed46c339ec3d569853759	P3	2	1
bd4c9ab730f5513206b999ec0d90d1fb	5章 平面図形（R7用 未来へひろがる数学1）	2230	33
6e0721b2c6977135b916ef286bcb49ec	0507_08 メネラウスの定理・チェバの定理(追加問題)解答	29	8
020bf2c45e7bb322f89a226bd2c5d41b	P1_嶌本テスト（後で削除）	13	2
aebf7782a3d445f43cf30ee2c0d84dee	0617三平方の定理 いろいろな証明	107	14
174f8f613332b27e9e8a5138adb7e920	5_A=B=C・置き換え	427	31
0e087ec55dcbe7b2d7992d6b69b519fb	R7 2年定期テスト解答用紙0602	117	24
2387337ba1e0b0249ba90f55b2ba2521	6_関係を表す式	1676	40
c0e8517b1fe0b5270f3f41d4b56d6118	13_立方体の切り口②解答例 	1276	54
ef1e491a766ce3127556063d49bc2f98	【13】 2015年度　本試験　英語【筆記】 第４問　Ａ	90	7
d5e2fbef30a4eb668a203060ec8e5eef	サンプルnew	240	3
0668e20b3c9e9185b04b3d2a9dc8fa2d	R7_NH2_補充リーディングワークシートこたえ1－5	196	18
f516dfb84b9051ed85b89cdc3a8ab7f5	12_2年数学週末課題「図形の性質と証明」No.12	93	11
781397bc0630d47ab531ea850bddcf63	251128 ３年後期中間テスト(数S)　詳しい解説	992	35
3e9e39fed3b8369ed940f52cf300cf88	コース表示用テストPDF_BR	149	37
c255c05246a081654a0267cbb725f5a7	4_四則混合・展開	1000	39
ed57844fa5e051809ead5aa7e3e1d555	7/24 2章 1消費者としてできること～権利と責任～_OCR_フリガナ削除	7	2
4dcae38ee11d3a6606cc6cd636a3628b	No.07(0528)タッチペン	7643	40
c76db12c821b79a91d361a4c705ce6b4	32_２年数学「二次方程式」週末課題No.32	157	16
e70611883d2760c8bbafb4acb29e3446	15_正の数負の数(魔方陣・部分分数分解)	4806	41
2b6d65b9a9445c4271ab9076ead5605a	Peter Prim\'s Profitable Present	91	5
4e87337f366f72daa424dae11df0538c	0612三平方の定理「演習」模範解答	460	33
c74d97b01eae257e44aa9d5bade97baf	ごみについて考えよう	9	2
a0e2a2c563d57df27213ede1ac4ac780	1章自己評価シート（まとめ例）	305	19
8b5c8441a8ff8e151b191c53c1842a38	31_２年数学「3学年共通課題」週末課題No.31	235	19
82ca5dd156cc926b2992f73c2896f761	コース表示用テストPDF_BR	9	1
894db62f7b7a6ed2f2a277dae56a017c	14_確率・箱ひげ図Bライン	323	13
4f05d4821fe9967817dea5a20c4e7b35	16WH0109 解答	18	6
f95ec3de395b4bce25b39ef6138da871	16_平方根Bライン	308	25
980ecd059122ce2e50136bda65c25e07	250521 ３年5章Blineテスト　問題用紙	2427	38
bcc0d400288793e8bdcd7c19a8ac0c2b	250521 ３年5章Blineテスト　詳しい解説	2	1
e1228be46de6a0234ac22ded31417bc7	06_後期中間数学解説	6062	109
68d30a9594728bc39aa24be94b319d21	250408 ３年春休み明けテスト　解答用紙	135	17
d198bd736a97e7cecfdf8f4f2027ef80	解答[STEP中3]第4章 関数y=ax2	5639	68
fc2c7c47b918d0c2d792a719dfb602ef	科学実験Library	106	19
d38901788c533e8286cb6400b40b386d	The Diverting History of John Gilpin	22	2
bc6dc48b743dc5d013b1abaebd2faed2	0421_一次関数「一直線上の３点 ・変域から値を求める」	1888	39
b706835de79a2b4e80506f582af3676a	0520円の性質「基本理解度チェック」	16	4
17fafe5f6ce2f1904eb09d2e80a4cbf6	The Wonders of a Toy Shop	22	3
186	第３章一次関数	8	4
95177e528f8d6c7c28a5473fd5a471b6	07WH1017解答	3	1
dc58e3a306451c9d670adcd37004f48f	中2理科 徹底演習テキスト	12964	95
d095a94d20dcaf7aa07301948549bede	013_３年数学「三平方の定理」週末課題No.013	19	4
38af86134b65d0f10fe33d30dd76442e	数学広場1年_学びをいかそう	63	6
5d616dd38211ebb5d6ec52986674b6e4	No.6(0530)解答	53	10
b59c67bf196a4758191e42f76670ceba	Bible pictures and stories in large print	213	5
e57c6b956a6521b28495f2886ca0977a	004_３年数学「相似」週末課題No.004生徒解答	135	14
0b0b0994d12ad343511adfbfc364256e	No.34 7MES	4989	119
25b2822c2f5a3230abfadd476e8b04c9	0501_１次関数「グラフの読み取り」	4218	40
5dd9db5e033da9c6fb5ba83c7a7ebea9	0423_一次関数「連立方程式の解と2直線 3直線が三角形をつくらない」解答例	127	16
2151b4c76b4dcb048d06a5c32942b6f6	31_後期中間数学 模範解答	29	9
dc16622ddc767e6bc1200fe5df2fbdfb	MES放送用 大問９	9470	117
7e1d842d0f7ee600116ffc6b2d87d83f	0602 Unit 2 B-line Test 模範解答	27	7
d542599794c1cf067d90638b5d3911f3	青チャート数III 総合演習第1部 (問＆解答)	32	3
fd8c07a31f8a85910ad8476f5f7efb27	西京2014フロスト解答例	135	26
8aec51422b30d61bce078b27f0babeb1	0707三平方の定理「正四角錐の内接球の表面積と体積・正八面体の内接球」	2768	37
9fc664916bce863561527f06a96f5ff3	解答[チャート式数C]第3章 複素数平面	52	2
063e26c670d07bb7c4d30e6fc69fe056	13_図形の性質と証明解答例 	759	82
14da92f2bdaec7f2218042a5b6124570	4_階差数列解答例	55	13
596f713f9a7376fe90a62abaaedecc2d	11_テスト前トレーニング2	23	4
d86ea612dec96096c5e0fcc8dd42ab6d	【解答編】Sirius21国語発展Vol.1	4451	34
190	第３章一次関数	4	2
81	テスト	4	4
480	長期休業課題	29	13
72	教科書3-A[数学]	4	2
292	７章　三平方の定理	2	1
7a614fd06c325499f1680b9896beedeb	7章 三平方の定理（R7用 未来へひろがる数学3）	12	5
456ac9b0d15a8b7f1e71073221059886	05_１年数学「正負の数」週末課題No.5	15	5
309928d4b100a5d75adff48a9bfc1ddb	0526 図形の調べ方「証明練習２」	1299	41
d827f12e35eae370ba9c65b7f6026695	202500701_濵田動作確認用2	30	2
5227b6aaf294f5f027273aebf16015f2	0623三平方の定理「基本理解度チェック」	44	7
6f3ef77ac0e3619e98159e9b6febf557	6章 場合の数と確率（R7用 未来へひろがる数学2）	465	17
70162fe655ec381ac6312ebf026aac54	3_いろいろな多項式の計算	1475	78
9a49a25d845a483fae4be7e341368e36	0624三平方の定理「複数の円の関係」	10019	39
f14bc21be7eaeed046fed206a492e652	19_２年数学「式の展開」週末課題No.19	266	29
d0921d442ee91b896ad95059d13df618	大人になれなかった弟たちに　本文	95	7
74d90aafda34e6060f9e8433962d14fd	No.27(0123)解答	282	12
1ce927f875864094e3906a4a0b5ece68	[STEP中3]第6章 円 学習のポイント	53	5
63538fe6ef330c13a05a3ed7e599d5f7	No.03(0430)タッチペン	4239	36
d8e1344e27a5b08cdfd5d027d9b8d6de	0910箱ひげ図演習（入試問題より）	312	29
a5cdd4aa0048b187f7182f1b9ce7a6a7	No.9(0620)	2	1
140f6969d5213fd0ece03148e62e461e	3章 方程式（R7用 未来へひろがる数学1）	2210	34
f7e2b2b75b04175610e5a00c1e221ebb	Unit4 授業スライド	1801	30
340a39045c40d50dda207bcfdece883a	04_4章Bラインテスト	1475	36
a03fa30821986dff10fc66647c84c9c3	011_３年数学「三平方の定理」週末課題No.011	10	4
05049e90fa4f5039a8cadc6acbb4b2cc	0422図形と相似「内角の二等分線」発展演習	2762	30
abd815286ba1007abfbb8415b83ae2cf	0516図形と相似「etime  補助線の利用（切断１）」	5685	37
962e56a8a0b0420d87272a682bfd1e53	6/5testpdf_2	43	2
ecdcd675b3a4cbb5578baf72f255ec21	024_３年数学「難関入試問題に挑戦」週末課題No.024生徒解答	832	68
9a1756fd0c741126d7bbd4b692ccbd91	0526 図形の調べ方「証明練習２」	844	38
084a8a9aa8cced9175bd07bc44998e75	冬休み課題　その２（高校入試問題）	2230	39
110eec23201d80e40d0c4a48954e2ff5	0903三平方の定理「立方体の切断」	1787	40
7ca57a9f85a19a6e4b9a248c1daca185	T_コース表示用テストPDF	3	2
2557911c1bf75c2b643afb4ecbfc8ec2	10_2年数学週末課題「図形の性質と証明」No.10	2	1
884d79963bd8bc0ae9b13a1aa71add73	Monkey Jack and Other Stories	104	4
92af93f73faf3cefc129b6bc55a748a9	11_テスト前トレーニング2	3	2
d1a21da7bca4abff8b0b61b87597de73	2025bookroll Reading 002New Zealand語注なし	3	1
fe131d7f5a6b38b23cc967316c13dae2	8章 標本調査とデータの活用（R7用 未来へひろがる数学3）	25	3
9e984c108157cea74c894b5cf34efc44	0602円の性質「ヘロンの公式」解答	64	8
254ed7d2de3b23ab10936522dd547b78	【11冬】 2014年度　本試験　英語【筆記】 第６問	267	7
db116b39f7a3ac5366079b1d9fe249a5	0701 三平方の定理「関数」 	4686	38
b7087c1f4f89e63af8d46f3b20271153	No.7(0613)解答	131	12
b0bef4c9a6e50d43880191492d4fc827	16_2年数学週末課題「確率」No.16	78	11
4496bf24afe7fab6f046bf4923da8de6	2025 2年前期中間テスト模範解答	299	34
c3008b2c6f5370b744850a98a95b73ad	0919 式の展開と因数分解「展開演習①」	1828	39
10c66082c124f8afe3df4886f5e516e0	03_3章Bラインテスト 解説	1939	79
b2ea5e977c5fc1ccfa74171a9723dd61	6_反比例のグラフ(基本)	5855	119
211a7a84d3d5ce4d80347da11e0c85ed	[青チャート数III]第5章 積分法	169	1
8dcf2420e78a64333a59674678fb283b	No.24(1219)解答	340	38
dda04f9d634145a9c68d5dfe53b21272	【14】 2015年度　本試験　英語【筆記】 第５問	93	5
43d762ca733a839226415450b0dbf9d2	24_１年数学「図形」週末課題No24解答例１	114	7
664dd858db942cad06f24ff25df56716	R7_NH2_補充リーディングワークシート自習課題５０分用6-10	3726	22
b139aeda1c2914e3b579aafd3ceeb1bd	解答[新課程版サクシード数Ⅱ]第5章 指数関数と対数関数	5156	57
cd474f6341aeffd65f93084d0dae3453	5_A=B=C・置き換え解答例	124	21
f3bd5ad57c8389a8a1a541a76be463bf	The Adventures of Squirrel Fluffytail: A Picture Story-Book for Children	271	18
12b1e42dc0746f22cf361267de07073f	EEQ2019part1 a-e1202シート5	41	10
23ad3e314e2a2b43b4c720507cec0723	0526 図形の調べ方「証明練習２」	2148	40
215a71a12769b056c3c32e7299f1c5ed	No.10(0704)	7617	40
88479e328a8633f54e9c667651832fbc	16WH0109 解答	6	4
03e7ef47cee6fa4ae7567394b99912b7	22_不等式（発展） 解説	211	28
dba31bb5c75992690f20c2d3b370ec7c	0918標本調査とデータの活用「黄金虫問題」模範解答	1	1
e833e042f509c996b1b25324d56659fb	0917標本調査とデータの活用「推定」	3457	39
1cfead9959b76ce44a847c850b61c587	1010 式の展開と因数分解「因数分解演習④」 演習	2514	38
7b5b23f4aadf9513306bcd59afb6e4c9	No.8(0620)	7702	41
8e930496927757aac0dbd2438cb3f4f6	Unit 4 模範解答	250	34
0f3d014eead934bbdbacb62a01dc4831	5/29メンテナンス後確認用	218	7
31c0c178a9fc26ffecffd8670e6d746d	1022_平方根「さまざまな面積の正方形(導入)」	4757	38
577bcc914f9e55d5e4e4f82f9f00e7d4	0417 図形と相似「相似の証明」	3915	40
63bfd6e8f26d1d3537f4c5038264ef36	20251022 数学Ⅰ確認テスト（１）問題用紙	1284	88
a3c65c2974270fd093ee8a9bf8ae7d0b	サクセスコーチ英語１年【2025】_解答	8863	41
6786f3c62fbf9021694f6e51cc07fe3c	0529_1円の性質「トレミーの定理」	1508	35
64b3ec1fdfacead70c3a9bd77d824306	32_１年数学「データの活用」週末課題No.32	99	21
97f081d3b1b352e9d1aaa2225dd6bb16	1218二次方程式「二次方程式の利用8」（共通解）	1008	41
73c14008d55c730e10bb9412a5be1a16	26_１年数学「式の計算・連立方程式」週末課題N026解答例	30	5
ea5d2f1c4608232e07d3aa3d998e5135	R7 No.1 (0414)	5308	50
b069b3415151fa7217e870017374de7c	6_関係を表す式 解答例	130	19
caf1a3dfb505ffed0d024130f58c5cfa	0421_一次関数「一直線上の３点 ・変域から値を求める」	2403	40
779	春季休業	3	2
97416ac0f58056947e2eb5d5d253d4f2	P2	2	1
ad3019b856147c17e82a5bead782d2a8	No.8(0620)	8494	40
3a20f62a0af1aa152670bab3c602feed	11_テスト前トレーニング	1833	23
6e2eec9ca19c076736d19ac5426473af	1208～２次関数の最大最小 	219	10
06138bc5af6023646ede0e1f7c1eac75	2章 平方根（R7用 未来へひろがる数学3）	1798	29
ab6439fa2daf0246f92eea433bca5ac4	R7 No.25(0316)解説	232	24
08b255a5d42b89b0585260b6f2360bdd	03-2_1年数学GW中の課題0502_解答例	1174	42
9854d7afce413aa13cd0a1d39d0bcec5	251217_チャレンジ問題	23	4
9752d873fa71c19dc602bf2a0696f9b5	解答[新課程版サクシード数B]第1章 数列	14872	96
4ea83d951990d8bf07a68ec3e50f9156	05WH0912解答	5	1
74934548253bcab8490ebd74afed7031	【14】 2015年度　本試験　英語【筆記】 第５問	51	5
c15da1f2b5e5ed6e6837a3802f0d1593	0502図形と相似「etime  アーチを作る」解答	60	8
3bc3e78c17d35e74ecfae5e475d960d7	5_大学入試問題に挑戦	3136	90
b6a1085a27ab7bff7550f8a3bd017df8	R7 No.4 (0519)	1430	26
d6288499d0083cc34e60a077b7c4b3e1	0701図形の性質と証明（三角形の角と辺の関係他）	2737	41
37a749d808e46495a8da1e5352d03cae	No.1(0418)	6877	41
17eb7ecc4c38e4705361cccd903ad8c6	0922 式の展開と因数分解「展開演習②」解答例	2465	111
7137debd45ae4d0ab9aa953017286b20	01_前期中間数学解説	480	28
d645920e395fedad7bbbed0eca3fe2e0	[STEP中1]算数の復習	380	26
d79c6256b9bdac53a55801a066b70da3	010_３年数学「三平方の定理」週末課題No.010	97	9
5c80985bd40b8ce792f8c786bb23fe54	No.23(1108)タッチペン	17209	108
c56a022b15250525f8b9bdfc41a13152	14WH1212解答	23	4
9c8661befae6dbcd08304dbf4dcaf0db	08HW1022解答	1	1
995f5e03890b029865f402e83a81c29d	6_等比数列	9	2
7143d7fbadfa4693b9eec507d9d37443	0507_08 メネラウスの定理・チェバの定理(追加問題)解答	159	10
7f141cf8e7136ce8701dc6636c2a6fe4	16_2年数学週末課題「確率」No.16	99	12
41c542dfe6e4fc3deb251d64cf6ed2e4	進学サテライト英語1205	59	7
ac34ae1fda29b8fe781ac8d6d32a6bc7	模範解答　Unit 5 Bline	32	7
6aab1270668d8cac7cef2566a1c5f569	0519図形と相似「etime  空間内の線分の長さ(切断2)」解答	64	10
c4b31ce7d95c75ca70d50c19aef08bf1	0523解答例 図形の調べ方「証明練習１」	209	28
7dc3338d429a3114842ca29dbbfccfef	26_１年数学「式の計算・連立方程式」週末課題No.26解答例	6	1
86b122d4358357d834a87ce618a55de0	005_３年数学「相似」週末課題No.005	31	7
d69116f8b0140cdeb1f99a4d5096ffe4	0703三平方の定理「正四面体の内接球・外接球」模範解答	524	26
a70dc40477bc2adceef4d2c90f47eb82	012_３年数学「三平方の定理」週末課題No.012生徒解答	77	7
160c88652d47d0be60bfbfed25111412	Pleasing Poetry and Pictures: For the Mind and the Eye	43	3
d5cfead94f5350c12c322b5b664544c1	No.5(0516)	6106	41
4e0928de075538c593fbdabb0c5ef2c3	004_３年数学「相似」週末課題No.004	110	10
41ab1b1d6bf108f388dfb5cd282fb76c	0902三平方の定理「正四面体と円柱」	2228	40
188	第３章一次関数	3	2
d860edd1dd83b36f02ce52bde626c653	解答[STEP中3]第2章 平方根	5447	71
7cc532d783a7461f227a5da8ea80bfe1	0704 7MES-2025	1726	118
5ca3e9b122f61f8f06494c97b1afccf3	04WH解答	213	40
9fd81843ad7f202f26c1a174c7357585	解答[STEP中1]算数の復習	274	27
4ab52371762b735317125e6446a51e8f	No.16(1017)平面図形	30561	120
85690f81aadc1749175c187784afc9ee	0917標本調査とデータの活用「推定」模範解答	25	6
4d95d05a4fc4eadbc3b9dde67afdca39	1217二次方程式「二次方程式の利用7」（無理数係数・連立）	1479	39
024d7f84fff11dd7e8d9c510137a2381	03WH解答	704	25
4dd9cec1c21bc54eecb53786a2c5fa09	大人になれなかった弟たちに　本文	973	41
73fed7fd472e502d8908794430511f4d	9_回転体の体積解答例	394	53
2c620a8c232f32aa9e7dcbc90102b253	3_いろいろな多項式の計算解答例	291	32
4bb948d5b21472509627f7f4c2a44784	260224  ３年後期期末テスト(数Ｓ)　模範解答	117	28
40	STEP中3	8	4
11	2025年度中学1年A組[数学]	21	6
1bd69c7df3112fb9a584fbd9edfc6c90	【9冬】 2016年度　本試験　英語【筆記】 第６問	2080	96
97108695bd93b6be52fa0334874c8722	R7_NH2_補充リーディングワークシートこたえ6－10	236	18
b607ba543ad05417b8507ee86c54fcb7	24_１年数学「図形」週末課題No24解答例2	87	8
b20bb95ab626d93fd976af958fbc61ba	Pictures of Sweden	91	7
f7177163c833dff4b38fc8d2872f1ec6	[STEP中2]第3章 1次関数	3872	36
605ff764c617d3cd28dbbdd72be8f9a2	03-2_1年数学GW中の課題0502_解答例	1414	41
0738069b244a1c43c83112b735140a16	解答[新課程版サクシード数Ⅱ]第6章 微分法と積分法	5379	50
fb8e51c5c713f2aaf71f62e03c5298db	34_２年数学「関数」週末課題No.34	182	18
d37124c4c79f357cb02c655671a432fa	[青チャート数A]総合演習第1部	31	1
8725fb777f25776ffa9076e44fcfd776	009_３年数学「円の性質」週末課題No.009	13	2
96629f1aac6ddb7a7cfa82574b6722d4	1009 式の展開と因数分解「因数分解演習②」	1606	38
4dcf435435894a4d0972046fc566af76	R7 No.6 (0602)	7947	39
35d02fef7d9a24e237057162abab82b7	No.27(0123)	43182	115
83f97f4825290be4cb794ec6a234595f	Nonsense Songs	80	8
6c8dba7d0df1c4a79dd07646be9a26c8	The Joys of Being a Woman, and Other Papers	9	2
898aef0932f6aaecda27aba8e9903991	99_後期中間数学 (授業解説用2)	156	17
fedf67d6f3d7341c1c1e8a54774987d3	R7 No.13(1027)	4	1
6b8b8e3bd6ad94b985c1b1f1b7a94cb2	9.比例.反比例の利用（交点の座標、図形問題）解答例	190	26
a8c88a0055f636e4a163a5e3d16adab7	0418 図形と相似「平行線と比」	2	1
99bcfcd754a98ce89cb86f73acc04645	No.4(0509)解答	33	10
64d52e08cc03e6090bc1ef30b73ccb85	[新課程版サクシード数III]第3章 微分法	274	5
c06d06da9666a219db15cf575aff2824	04_2年数学GW週末課題「一次関数」No.04	212	21
90db9da4fc5414ab55a9fe495d555c06	0527 図形の調べ方（星形の角度ほか）	4494	41
27669f3f141da48bfe5e6b7aa37c38f9	12/22所有者追加試行_栄養素のはたらきpdf	6	3
3d324c2883882b15fa8fbe8f025a3a99	022_３年数学「難関入試問題に挑戦」週末課題No.022生徒解答	569	22
636	冬季休業	6	3
534	3年1章式の展開と因数分解	2	1
326	問題集2-5[数学]理	3	2
b8c27b7a1c450ffdacb31483454e0b54	250521 ３年5章Blineテスト　詳しい解説	3	1
d1f44e2f09dc172978a4d3151d11d63e	学年末3「二重根号」 	1337	34
7e05295a468401ec66e8c337855022ed	二次関数1「定義域・値域」解答例	1191	81
50cf0763d8eb871776d4f28b39deb564	12WH1114解答	11	5
0b6ace9e8971cf36f1782aa982a708db	R7_NH2_補充リーディングワークシート自習課題５０分用6-10	2	1
70d5212dd052b2ef06e5e562f6f9ab9c	33_２年数学「二次方程式」週末課題No.33	263	16
5531a5834816222280f20d1ef9e95f69	[STEP中3]第1章 式の計算 学習のポイント	584	39
9ac403da7947a183884c18a67d3aa8de	1章自己評価シート（まとめ例）	442	25
43e4e6a6f341e00671e123714de019a8	0704三平方の定理「正三角柱・円錐に内接する球・辺接する球」	2382	39
e00da03b685a0dd18fb6a08af0923de0	１正の数・負の数 自己評価シート	1134	38
4a3e00961a08879c34f91ca0070ea2f5	[STEP中2]第7章 確率 学習のポイント	152	9
8e54d6b523b279543ac12a0f7333cd3c	3_いろいろな多項式の計算	1687	41
226d1f15ecd35f784d2a20c3ecf56d7f	01_1章Bラインテスト模範解答	31	10
620	2年1章演習プリント 2025 1-C	14	8
58	令和7年度版STEP演習[中1]	2	1
6f4920ea25403ec77bee9efce43ea25e	250616 ３年6章Blineテスト　問題用紙	2363	31
147ebe637038ca50a1265abac8dea181	12WH1114解答	12	4
18ead4c77c3f40dabf9735432ac9d97a	9_テスト前トレーニング2	47	2
26f5bd4aa64fdadf96152ca6e6408068	011_３年数学「三平方の定理」週末課題No.011	26	2
42853a61b26fef79e2ae788d97356799	017_３年数学「難関入試問題に挑戦」週末課題No.017	556	36
a3d68b461bd9d3533ee1dd3ce4628ed4	006_３年数学「相似」週末課題No.006	30	5
7fd804295ef7f6a2822bf4c61f9dc4a8	0708三平方の定理「いろいろな問題」模範解答	136	13
4f81b1d964419548f01ca35bbaeeda75	120X_後期数Ｓ「07 空間図形」 模範解答	223	18
9fc3d7152ba9336a670e36d0ed79bc43	001_３年数学「関数」週末課題No.001生徒解答	249	16
465636eb4a7ff4b267f3b765d07a02da	0922三平方の定理「テスト前演習」模範解答	230	14
d5d7f5bba709f5cbbe1f74977096feb3	1024BC_29A後期数Ｓ「03 面積の最大値と最小値」模範解答 	168	22
463	長期休業課題	5	3
271	問題集1-567[数学]外進1	8	5
518	第7章箱ひげ図とデータの活用	1	1
173	2025年度中学1年B組[国語]	4	1
ec8b57b0be908301f5748fb04b0714c7	0919 式の展開と因数分解「展開演習①」　解答	237	28
16ba72172e6a4f1de54d11ab6967e371	ELEMENTⅡ L3 S12 Writing Practice	905	47
c7558e9d1f956b016d1fdba7ea132378	0922三平方の定理「テスト前演習」	1107	40
6a450490f238b4ddff085d66a916a206	形容詞比較級22問巻末から　2025 1118	170	8
069d3bb002acd8d7dd095917f9efe4cb	03-2_1年数学GW中の課題0502_解答例	1250	41
b91b1facf3b3a7890177f02ac188f14c	[青チャート数Ⅱ]第4章 三角関数	322	8
331316d4efb44682092a006307b9ae3a	R7_NH2_補充リーディングワークシートこたえ31-35	4	1
e4a6222cdb5b34375400904f03d8e6a5	4章 関数y=ax2（R7用 未来へひろがる数学3）	2	1
486c825db2f776da72d0b7a791f45b8f	11_演習2-2	2093	118
2d71b2ae158c7c5912cc0bbde2bb9d95	[青チャート数B]第2章 統計的な推測	194	5
74c407e263578d03d02c1123aa730b52	026_３年数学「難関入試問題に挑戦」週末課題No.026	618	61
cf1f78fe923afe05f7597da2be7a3da8	My Pretty Scrap-Book: Picture Pages and Pleasant Stories for Little Readers	159	10
a5e0ff62be0b08456fc7f1e88812af3d	An Elegy on the Death of a Mad Dog	171	8
acff1af62d0f91f4be73f4857552d70c	4_四則混合・展開 解答例	101	16
f44ee263952e65b3610b8ba51229d1f9	250929 ３年前期期末テスト(数学)　詳しい解説	134	15
a532400ed62e772b9dc0b86f46e583ff	0514図形と相似「etime 三角形の面積比と線分比」	3100	39
475	夏季休業	4	2
777	規則性演習プリント2025 1-B	3	2
85353d3b2f39b9c9b5ee3576578c04b7	【7】 2017年度　追試験　英語【筆記】 第４問　Ａ	2808	103
c5866e93cab1776890fe343c9e7063fb	8_方程式の利用（割合）解答例	258	36
a6ea8471c120fe8cc35a2954c9b9c595	P1	5	2
0c9ebb2ded806d7ffda75cd0b95eb70c	R7 No.6 (0602)	6228	41
2dea61eed4bceec564a00115c4d21334	0502_１次関数「直線と図形に関する問題」「線分と交わる直線の傾き」解答例	145	15
a19883fca95d0e5ec7ee6c94c6c32028	1223二次方程式「二次方程式の利用11」（関数）	1318	37
c3e0c62ee91db8dc7382bde7419bb573	Harrison\'s New Nursery Picture Book	1233	14
1458e7509aa5f47ecfb92536e7dd1dc7	６空間図形自己評価シート	703	59
14bfa6bb14875e45bba028a21ed38046	（旧）改・未来へひろがる数学3_入試問題	91	6
d2350a54d774001d6078e326b4488878	1113平方根「式の値・ガウス記号」 	1031	39
d72fbbccd9fe64c3a14f85d225a046f4	02_2章Bラインテスト解説	1314	28
38ca89564b2259401518960f7a06f94b	Magic Shadows: The Story of the Origin of Motion Pictures	138	7
565767eb96d87d0d3af8dfb332c2003f	Unit5 Bline解答	143	20
56584778d5a8ab88d6393cc4cd11e090	解答[青チャート数A]第1章 場合の数	37	5
01931a6925d3de09e5f87419d9d55055	007_３年数学「相似」週末課題No.007	16	6
4ea06fbc83cdd0a06020c35d50e1e89a	No.5(0516)解答	45	14
9aa42b31882ec039965f3c4923ce901b	0527 図形の調べ方（星形の角度ほか）	3964	41
30	STEP中1	71	16
92	問題集	11	6
045cf83ab0722e782cf72d14e44adf98	250908 ３年7章Blineテスト　模範解答	267	34
68d13cf26c4b4f4f932e3eff990093ba	Stories about Animals: with Pictures to Match	87	4
59c33016884a62116be975a9bb8257e3	No.6(0523)	2	1
975e6107778ce7a40b9878bfb96a16a7	250929 ３年前期期末テスト(数学)問題用紙	303	19
f6c9dc70ecfd8f90ba8598aa2401cd1a	0922三平方の定理「テスト前演習」模範解答	152	15
b5b8c484824d8a06f4f3d570bc420313	1212～(桂川)２次方程式の解の存在範囲(解の配置)	207	10
e0eacd983971634327ae1819ea8b6214	学年末4「包絡線」 	1436	39
c88d8d0a6097754525e02c2246d8d27f	0530円の性質「2円の共通外接円」	3448	34
41e7637e7b6a9f27a98b84d3a185c7c0	サクシード数Ⅰ 第1章 数と式 (問＆解答)	1	1
ee8374ec4e4ad797d42350c904d73077	250521 ３年5章Blineテスト　問題用紙	1260	33
d60678e8f2ba9c540798ebbde31177e8	Focus17	523	23
a26398dca6f47b49876cbaffbc9954f9	A Phenomenal Fauna	436	17
f5c150afbfbcef941def203e85cf40bc	13_座標平面上での最短経路解答例	127	22
49b8b4f95f02e055801da3b4f58e28b7	0528円の性質「方べきの定理」解答	87	11
f42c7f9c8aeab0fc412031e192e2119d	1010 式の展開と因数分解「因数分解演習③」_解答	182	28
51e6d6e679953c6311757004d8cbbba9	サンプルPDF（教材登録方法）	173	4
17693c91d9204b7a7646284bb3adb603	9.比例.反比例の利用（交点の座標、図形問題）	8931	120
ea6b2efbdd4255a9f1b3bbc6399b58f4	[STEP中2]第2章 連立方程式	25672	125
248024541dbda1d3fd75fe49d1a4df4d	250926 ３年前期期末テスト(数S)問題用紙	157	12
be53ee61104935234b174e62a07e53cf	008_３年数学「円の性質」週末課題No.008	9	3
c4f796afbc6267501964b46427b3f6ba	サマサテ夏までの復習編	598	23
b495ce63ede0f4efc9eec62cb947c162	The History of Tom Thumb and Other Stories.	74	4
c1e39d912d21c91dce811d6da9929ae8	The Motor Car Dumpy Book	51	3
ffbd6cbb019a1413183c8d08f2929307	1010 式の展開と因数分解「因数分解演習④」 演習_解答	1094	34
418ef6127e44214882c61e372e866691	No.09(0611)タッチペン	4963	35
1b36ea1c9b7a1c3ad668b8bb5df7963f	コース表示用テストPDF_BR	86	18
c922de9e01cba8a4684f6c3471130e4c	03_前期期末数学再（図形・確率）解答例	54	9
f016e59c7ad8b1d72903bb1aa5720d53	No.8(0620)解答	86	16
4a47d2983c8bd392b120b627e0e1cab4	0509_１次関数「前期中間過去問より」	1255	40
74563ba21a90da13dacf2a73e3ddefa7	01_前期中間数学解説	627	32
b957d47523c4e92a822cc38703a3bcc3	251209問題演習 解答・解説	4	1
f24ad6f72d6cc4cb51464f2b29ab69d3	1024BC_29A後期数Ｓ「03 面積の最大値と最小値」模範解答 	345	22
3621f1454cacf995530ea53652ddf8fb	0502図形と相似「etime  アーチを作る」解答	57	9
f48c04ffab49ff0e5d1176244fdfb65c	10_2年数学週末課題「図形の性質と証明」No.10	2	1
31fefc0e570cb3860f2a6d4b38c6490d	数学広場2年_学びをふりかえろう	2	1
950a4152c2b4aa3ad78bdd6b366cc179	01WH 解答	112	29
d2dc6368837861b42020ee72b0896182	1218二次方程式「二次方程式の利用8」（共通解）	1318	40
6f1d0705c91c2145201df18a1a0c7345	13_１年数学「変化と対応」週末課題No.13	135	20
1091660f3dff84fd648efe31391c5524	250929 ３年前期期末テスト(数学)　削除した１問　詳しい解説	15	6
0e9d935f7e3f2b502450c049ddbc7c92	10WH1031解答	7	3
01161aaa0b6d1345dd8fe4e481144d84	2章 平方根（R7用 未来へひろがる数学3）	5	2
c9892a989183de32e976c6f04e700201	0507_１次関数「回転体の体積」	5	1
1b32a022c52c0c6255c2a32e580be34f	後期中間問題	1070	23
0f49c89d1e7298bb9930789c8ed59d48	数学広場3年_学びをふりかえろう	1	1
6917ff2a7b53421ff4066020e2d89eec	1006後期数Ｓ「01 平方完成」	1416	37
a4d41b834ea903526373a9a1ae2ac66e	1_数列 導入(R8公立前期)	53	8
8d09e4b85c783cbc30c9b8ae175f2d33	0716確率（いろいろな確率）	13843	118
27e8e17134dd7083b050476733207ea1	解答[青チャート数III]第2章 極限	36	2
56468d5607a5aaf1604ff5e15593b003	6_関係を表す式 解答例	98	18
9e3cfc48eccf81a0d57663e129aef3cb	03_１年数学「正負の数」週末課題0502解答例	169	20
ffedf5be3a86e2ee281d54cdc97bc1cf	202500701_濵田動作確認用	132	6
ce5140df15d046a66883807d18d0264b	0526円の性質「図形の性質の証明(作図)」	9127	41
14c879f3f5d8ed93a09f6090d77c2cc3	1107展開因数分解演習途中式	266	33
dc6a7e655d7e5840e66733e9ee67cc69	1010 式の展開と因数分解「因数分解演習③」	4	1
25db67c5657914454081c6a18e93d6dd	0626図形の性質と証明（平行四辺形になる条件）解答例	107	21
fb2606a5068901da92473666256e6e5b	1015 式の展開と因数分解「式の計算の利用」	7932	118
15c00b5250ddedaabc203b67f8b034fd	Unit 4 模範解答	187	32
facf9f743b083008a894eee7baa16469	250603	14388	41
81e5f81db77c596492e6f1a5a792ed53	The Great Panjandrum Himself	435	16
56517f19aa289885c43e8db9137fb1b0	120X_後期数Ｓ「07 空間図形」 	2782	40
ce60ff163cab97029cc727e20e0fc3a7	19_２年数学「式の展開」週末課題No.19	175	25
363	青チャート数Ⅱ（新課程版）	1	1
218	2章演習プリント 2025 1-B	7	2
66e8ba8216a1e152d72653d99a4f03ab	R7_2年夏休みの演習課題（A問題,一次関数）	34862	132
2a38a4a9316c49e5a833517c45d31070	001_３年数学「関数」週末課題No.001	92	11
8fc687aa152e8199fe9e73304d407bca	0924三平方の定理「テスト前演習２」	917	38
53c5b2affa12eed84dfec9bfd83550b1	0203二次関数8「図形の移動」	5220	110
c6d6445d97e06d08b60853156601cf58	6章自己評価シート（まとめ例）	173	15
2a79ea27c279e471f4d180b08d62b00a	数学広場1年_学びをふりかえろう	22	5
a34bacf839b923770b2c360eefa26748	250521 ３年5章Blineテスト　模範解答	164	19
1da546f25222c1ee710cf7e2f7a3ff0c	R7 No.23(0302)	8514	34
c81e728d9d4c2f636f067f89cc14862c	BookRoll_QuickManual_OgataT	517	2
df9028fcb6b065e000ffe8a4f03eeb38	青チャート数Ⅰ 総合演習第1部 (問＆解答)	14	1
8fc983a91396319d8c394084e2d749d7	260224  ３年後期期末テスト(数Ｓ)　問題用紙	64	6
eba0dc302bcd9a273f8bbb72be3a687b	02WH解答	95	27
bd70364a8fcba02366697df66f50b4d4	大人になれなかった弟たちに　本文_20250723	9	1
9c3b1830513cc3b8fc4b76635d32e692	Betty Crocker picture cooky book	266	17
6cd67d9b6f0150c77bda2eda01ae484c	No.8(0613)	2	1
4b04a686b0ad13dce35fa99fa4161c65	0507_08 メネラウスの定理・チェバの定理(追加問題)解答	27	7
c3810d4a9513b028fc0f2a83cb6d7b50	29_２年数学「二次方程式」週末課題No.29	268	23
dd7970532bfa1449085b8f43fc39a7d5	26_２年数学「平方根」週末課題No.26	69	11
28dc6b0e1b33769b4b94685e4f4d1e5c	009_３年数学「円の性質」週末課題No.009	49	5
c9e1074f5b3f9fc8ea15d152add07294	サクセスコーチ英語１年【2025】_解答	5042	38
eb163727917cbba1eea208541a643e74	5章 図形の性質と証明（R7用 未来へひろがる数学2）	1202	23
504c296f8eb5fd521e744da4e8371f28	07WH1017解答	1	1
43feaeeecd7b2fe2ae2e26d917b6477d	ELEMENTⅡ L2 S34	1973	53
fe7ecc4de28b2c83c016b5c6c2acd826	17_二次方程式Bライン確認テスト解答例	815	75
a51fb975227d6640e4fe47854476d133	The Rainbow Book: Tales of Fun & Fancy	146	7
07211688a0869d995947a8fb11b215d6	022_３年数学「難関入試問題に挑戦」週末課題No.022生徒解答	380	18
d93ed5b6db83be78efb0d05ae420158e	0513図形と相似「etime  三角形の重心」解答	97	6
6aed000af86a084f9cb0264161e29dd3	サマサテBenesse編3	134	17
f4573fc71c731d5c362f0d7860945b88	The Kitten\'s Garden of Verses	103	5
88a839f2f6f1427879fc33ee4acf4f66	サクシード数Ⅰ 第4章 図形と計量 (問＆解答)	3	2
7c4bf50b715509a963ce81b168ca674b	15_2年数学週末課題「場合の数と確率」No.15	120	11
310cc7ca5a76a446f85c1a0d641ba96d	13WH1128解答	23	7
f3d9de86462c28781cbe5c47ef22c3e5	2025bookroll002New Zealand問題入り語注なし	2	1
65a31da7ede4dc9b03fb5bbf8f442ce9	[青チャート数Ⅱ]第5章 指数関数と対数関数	131	3
33bb83720ba9d2b6da87114380314af5	R7夏休みの予習課題（中３）模範解答	1885	38
26e359e83860db1d11b6acca57d8ea88	解答[STEP中3]第5章 相似	1151	24
01e9565cecc4e989123f9620c1d09c09	The World Turned Upside Down	65	3
fa14d4fe2f19414de3ebd9f63d5c0169	No.10(0627)解答	2	1
0e1feae55e360ff05fef58199b3fa521	R7 No.25(0316)解説	6	1
a74c3bae3e13616104c1b25f9da1f11f	250929 ３年前期期末テスト(数学)模範解答	361	39
1bd4b29a8e0afccd9923fe29cecb4b29	21_２年数学「式の展開と因数分解」週末課題No.21(解答)	351	40
649	2年2章演習プリント 2025 1-C	13	7
120	週末課題 2025 1-B	110	8
79	テスト	18	8
4172f3101212a2009c74b547b6ddf935	後期中間問題	1216	25
e5a4d6bf330f23a8707bb0d6001dfbe8	サクシード数Ⅰ 第4章 図形と計量 (問＆解答)	1917	14
3bf55bbad370a8fcad1d09b005e278c2	The House That Jack Built	48	5
310ce61c90f3a46e340ee8257bc70e93	The Baby\'s Own Aesop	204	6
5da713a690c067105aeb2fae32403405	250929 ３年前期期末テスト(数学)　詳しい解説	320	22
dd50e4d9c47cdf72d24e89d248edb35b	24_１年数学「図形」週末課題No24解答例１	98	8
60792d855cd8a912a97711f91a1f155c	1008 式の展開と因数分解「因数分解演習②」	1663	39
5a2756a3cb9cde852cad3c97e120b656	0911標本調査とデータの活用「導入課題」模範解答	4	2
56c82ccd658e09e829f16bb99457bcbc	18_２年数学「式の展開」週末課題No.18	113	15
46d0671dd4117ea366031f87f3aa0093	9_期末試験に向けて詳しい解答編	1729	56
ee0e95249268b86ff2053bef214bfeda	10_演習解答例	397	13
1264a061d82a2edae1574b07249800d6	No.12(0908) 変化と対応	15120	118
ab7314887865c4265e896c6e209d1cd6	青チャート数Ⅱ 第7章 積分法 (問＆解答)	1075	11
48042b1dae4950fef2bd2aafa0b971a1	1126_デモスライド	137	8
83ddfbd1c4f871159c148d7a010e69be	解答[青チャート数III] 総合演習第2部	7	1
735b90b4568125ed6c3f678819b6e058	R7 No.1 (0414)	5677	41
d8ab1a52f058358b947cdf8261b5e1a2	R7 No.13(1027)	2	1
df7f28ac89ca37bf1abd2f6c184fe1cf	0509図形と相似「etime  平行線と線分の比」解答	117	11
061412e4a03c02f9902576ec55ebbe77	11_一次関数Bライン解説	1208	17
c5ab0bc60ac7929182aadd08703f1ec6	0513図形と相似「etime  三角形の重心」	2031	39
72f67e70f6b7cdc4cc893edaddf0c4c6	1113平方根「式の値・ガウス記号」 	255	37
86e8f7ab32cfd12577bc2619bc635690	04WH解答	292	36
1843e35d41ccf6e63273495ba42df3c1	13_図形の性質と証明（確認テスト）	175	14
0537fb40a68c18da59a35c2bfe1ca554	No.5(0516)	6780	41
ed519dacc89b2bead3f453b0b05a4a8b	R7 No.７(0616)	7558	38
4b26dc4663ccf960c8538d595d0a1d3a	251128 ３年後期中間テスト(数S)模範解答	374	37
6915849303a3fe93657587cb9c469f00	07_後期中間数学Sテスト解答例	371	38
3dd9424294b0292b6e89ea2bba2e1144	0626三平方の定理「共通接線」模範解答	6	2
c929f2210333206f417e3862f431776d	No.25(0109)解答	81	21
1680829293f2a8541efa2647a0290f88	【5】 2017年度　本試験　英語【筆記】 第４問　Ａ	2043	85
8169e05e2a0debcb15458f2cc1eff0ea	【11】 2016年度　追試験　英語【筆記】 第４問　Ａ	473	26
a57d48399922b03419153a9760c5ce53	Unit 9 Bline（0203版）模範解答	171	19
dbab2adc8f9d078009ee3fa810bea142	【9】 2016年度　本試験　英語【筆記】 第４問　Ａ	1978	80
2e0aca891f2a8aedf265edf533a6d9a8	1009 式の展開と因数分解「因数分解演習③」_解答	252	31
861578d797aeb0634f77aff3f488cca2	5_A=B=C・置き換え	404	32
3a30be93eb45566a90f4e95ee72a089a	1016A_21BC_後期数Ｓ「02 整数問題」模範解答	118	7
a49e9411d64ff53eccfdd09ad10a15b3	0423図形と相似「正三角形の分割問題」発展演習解答	120	11
0e139b17a92b2df7d6c3c840e51465fe	0203二次関数8「図形の移動」解答例	308	57
621bf66ddb7c962aa0d22ac97d69b793	数学広場3年_学びをいかそう	3	2
3df07fdae1ab273a967aaa1d355b8bb6	解答[青チャート数III]第1章 関数	51	2
1415db70fe9ddb119e23e9b2808cde38	0529 ５章・６章テスト勉強用　詳しい解説	1008	22
c7e1249ffc03eb9ded908c236bd1996d	001_３年数学「関数」週末課題No.001	40	12
b21f9f98829dea9a48fd8aaddc1f159d	【6】 2017年度　本試験　英語【筆記】 第５問	3049	105
6766aa2750c19aad2fa1b32f36ed4aee	0509図形と相似「etime  平行線と線分の比」	5315	41
0f9cafd014db7a619ddb4276af0d692c	【1A】1章-3 栄養素の種類と働き	2099	42
0f96613235062963ccde717b18f97592	0516図形と相似「etime  補助線の利用（切断１）」	1022	34
f7cfdde9db36af8e0d9a6d123d5c385e	R7_NH2_補充リーディングワークシートこたえ11－15	47	8
5d79099fcdf499f12b79770834c0164a	250605 ３年前期中間テスト(数S)詳しい解答つき問題用紙	579	32
60243f9b1ac2dba11ff8131c8f4431e0	2025 0912BookRoll Reading03+04問題	9890	38
61f2585b0ebcf1f532c4d1ec9a7d51aa	20_１年数学「方程式」週末課題No.20	145	22
0dbb3fb9a5cd1d5f8a9075b5bb8070aa	西京力テスト10月解答	61	13
6602294be910b1e3c4571bd98c4d5484	[STEP中2]第4章 図形の性質と合同	2542	23
ccd45007df44dd0f12098f486e7e8a0f	2025 0912BookRoll Reading03+04問題　答え	294	32
07871915a8107172b3b5dc15a6574ad3	03WH解答	309	27
8f04ac8eadb8a829a4c2117ade0f23da	後期期末解答	2	1
d1c38a09acc34845c6be3a127a5aacaf	2章 平方根（R7用 未来へひろがる数学3）	29	5
cf9b2d0406020c56599f9a93708832b5	【3A】4編 1章 5 何を考えて決めますか～意思決定のプロセス～	2325	42
0d9095b0d6bbe98ea0c9c02b11b59ee3	４変化と対応自己評価シート	400	50
f23b3df742bb9fbf6bbf30a05150ac19	【7冬】 2017年度　本試験　英語【筆記】 第６問	1437	63
070dbb6024b5ef93784428afc71f2146	夏休み事前テスト	7330	254
608b30e45f4b60adb254a8127a6da8ef	R7 No.21(0202)	8969	36
d757719ed7c2b66dd17dcee2a3cb29f4	解答[STEP中3]第7章 三平方の定理	7412	58
b865367fc4c0845c0682bd466e6ebf4c	サクシード数 A 準備  (問＆解答)	46	5
7c82fab8c8f89124e2ce92984e04fb40	The Sleeping Beauty Picture Book	28	3
385822e359afa26d52b5b286226f2cea	26_１年数学「式の計算・連立方程式」週末課題No.26	44	9
f04cd7399b2b0128970efb6d20b5c551	【18冬】 2014年度　本試験　英語【筆記】 第５問	113	4
bdc4626aa1d1df8e14d80d345b2a442d	11_2年数学週末課題「規則性」No.11	97	11
8c00dee24c9878fea090ed070b44f1ab	06_１年数学「正負の数,文字の式」週末課題No.6解答例	177	16
3546ab441e56fa333f8b44b610d95691	The Twelve Magic Changelings	238	10
ae5e3ce40e0404a45ecacaaf05e5f735	Ride A Cock-Horse To Banbury Cross & A Farmer Went Trotting Upon His Grey Mare	190	5
d278df4919453195d221030324127a0e	10_係数と解・2元1次の整数解_解答例	909	81
53	STEP中3	3	2
55a0df4b5a1786cd13a7a8de759859d4	Glass of Milk	4	1
0b7e926154c1274e8b602ff0d7c133d7	R7 2年夏休み課題テスト解答用紙0826模範	6	1
65658fde58ab3c2b6e5132a39fae7cb9	003_３年数学「相似」週末課題No.003	21	7
fc03d48253286a798f5116ec00e99b2b	4編 2章-1 消費者としてできること～権利と責任～	17	2
2e1b24a664f5e9c18f407b2f9c73e821	251109_問題	2	1
20885c72ca35d75619d6a378edea9f76	[新課程版サクシード数III]第6章 積分法の応用	68	1
f095cedd23b99f1696fc8caecbcf257e	06_後期中間数学	919	40
db1915052d15f7815c8b88e879465a1e	0529_2円の性質「垂心の存在証明」解答	46	8
044a23cadb567653eb51d4eb40acaa88	8-2_比例，反比例の利用（基本問題　反復練習）	3659	119
2fd0fd3efa7c4cfb034317b21f3c2d93	複数コース登録PDF_1衣服の役割_OCR_フリガナ削除	2	1
4fa177df22864518b2d7818d4db5db2d	250929 ３年前期期末テスト(数学)　削除した１問　詳しい解説	56	6
e593c562359c3c2e42a22b808d3383e7	【5冬】 2017年度　本試験　英語【筆記】 第４問　Ａ	2148	98
d04d42cdf14579cd294e5079e0745411	冬多読事前準備	18944	349
2ecd2bd94734e5dd392d8678bc64cdab	10_おうぎ形の軽量2（移動したときの点の軌跡、通過した部分の面積）	25021	119
38811c5285e34e2e3319ab7d9f2cfa5b	西京2014フロスト解答例	2	1
e97399278d24e6bbf3a2d5e9c8d34262	R7 No.17(1208)	10742	38
00ac8ed3b4327bdd4ebbebcb2ba10a00	0501図形と相似「基本理解度チェック」	30	4
2ab56412b1163ee131e1246da0955bd1	No.06(0521)タッチペン	6463	36
0b105cf1504c4e241fcc6d519ea962fb	251128 ３年後期中間テスト(数S)模範解答	349	34
dc4c44f624d600aa568390f1f1104aa0	The Little People of the Snow	56	5
9565f1cd832c9675c76672081c819342	028_３年数学「難関入試問題に挑戦」週末課題No.028生徒解答	2255	94
62da8c91ce7b10846231921795d6059e	[青チャート数Ⅱ]第6章 微分法	148	2
a8abb4bb284b5b27aa7cb790dc20f80b	0425図形と相似「中点連結定理」	7935	41
8dc5983b8c4ef1d8fcd5f325f9a65511	サマサテBenesse編1解答例	266	24
228bbc2f87caeb21bb7f6949fddcb91d	012_３年数学「三平方の定理」週末課題No.012生徒解答	153	14
114	テスト2025 1-A	6	3
216	６章　円の性質	4	2
3636638817772e42b59d74cff571fbb3	7章 データの活用（R7用 未来へひろがる数学1）	1458	34
d1ee59e20ad01cedc15f5118a7626099	Stories Worth Rereading	314	19
2056d8c1dec3d12cbce646b348d189d1	Ans001The Great Wall of China	51	14
d9896106ca98d3d05b8cbdf4fd8b13a1	1022 自宅学習課題「因数分解演習」解答例	1294	107
311abb492a69fe7da41be858fdd2aae8	R7_2年_冬休みの演習課題（演習）	19477	127
84d2004bf28a2095230e8e14993d398d	250408 ３年春休み明けテスト　問題用紙　兼　詳しい解説	2	1
978fce5bcc4eccc88ad48ce3914124a2	4編 1章 5 何を考えて決めますか～意思決定のプロセス～	40	5
0336dcbab05b9d5ad24f4333c7658a0e	1章 式の計算（R7用 未来へひろがる数学2）	4567	94
6492d38d732122c58b44e3fdc3e9e9f3	01_前期中間数学再解答例	546	45
da0d1111d2dc5d489242e60ebcbaf988	05_2年数学週末課題「一次関数」No.05	157	15
6395ebd0f4b478145ecfbaf939454fa4	005_３年数学「相似」週末課題No.005生徒解答	118	10
8526e0962a844e4a2f158d831d5fddf7	35_２年数学「関数」週末課題No.35	190	22
545	1016整数問題	3	2
357	サクシード数Ⅱ（新課程版）	2	1
647	2年2章演習プリント 2025 1-A	6	3
c0e190d8267e36708f955d7ab048990d	8章 標本調査とデータの活用（R7用 未来へひろがる数学3）	510	22
fe51510c80bfd6e5d78a164cd5b1f688	The garden as a picture	309	6
fd69dbe29f156a7ef876a40a94f65599	R7 2年西京力テスト6月解答例	208	37
bd85282513da4089c441926e1975898c	ログパレテスト用_20251014	209	7
e744f91c29ec99f0e662c9177946c627	解答[STEP中2]第4章 図形の性質と合同	1528	21
c60d870eaad6a3946ab3e8734466e532	ログパレテスト用_公開日前	26	2
84438b7aae55a0638073ef798e50b4ef	The Story of Miss Moppet	244	4
fecf2c550171d3195c879d115440ae45	【12】 2016年度　追試験　英語【筆記】 第５問	123	7
87f7ee4fdb57bdfd52179947211b7ebb	1114平方根（根号を含む計算2）	2642	38
93fb9d4b16aa750c7475b6d601c35c2c	The Three Bears	623	16
de594ef5c314372edec29b93cab9d72e	0903三平方の定理「立方体の切断」模範解答	176	19
5ef698cd9fe650923ea331c15af3b160	0421図形と相似「内角の二等分線」解答	77	9
4e4e53aa080247bc31d0eb4e7aeb07a0	Ruth Fielding on the St. Lawrence; Or, The Queer Old Man of the Thousand Islands	31	7
0a87257e5308197df43230edf4ad1dae	EEQ2019part1 a-e1202シート4	12	3
29e1c59be16c852670e3be302e8c303b	1215, 1216 No.29 7MES	4559	119
6950aa02ae8613af620668146dd11840	演習問題①（解法２）	6111	20
341	問題集2-567[数学]文標準2	2	1
138	教科書1-A[数学]	26	9
bdf3fd65c81469f9b74cedd497f2f9ce	35_１年数学「数列」週末課題No.35解答例	32	4
20d135f0f28185b84a4cf7aa51f29500	Child\'s First Picture Book	589	8
ec0f40c389aeef789ce03eb814facc6c	24_１年数学「図形」週末課題No24	175	12
ca3ec598002d2e7662e2ef4bdd58278b	1016A_21BC_後期数Ｓ「02 整数問題」模範解答	128	8
903356ae8ff820105d57f744c8a24396	サクシード数Ⅰ 第2章 集合と命題 (問＆解答)	1	1
a76da37101dffabe00e5d636c01719b6	1223二次方程式「二次方程式の利用11」（関数）	2	1
dbbf603ff0e99629dda5d75b6f75f966	【3A】4編 2章 1 消費者としてできること～権利と責任～	42	6
46f76a4bda9a9579eab38a8f6eabcda1	[サクシード数Ⅱ]第3章 図形と方程式	1864	22
30c8e1ca872524fbf7ea5c519ca397ee	0527 図形の調べ方（星形の角度ほか）	4367	39
3988c7f88ebcb58c6ce932b957b6f332	00_春テスト	83	18
61f3a6dbc9120ea78ef75544826c814e	0213二次関数13「西京の過去問たち」	1060	40
c91e3483cf4f90057d02aa492d2b25b1	06WH1010解答	1	1
1f1baa5b8edac74eb4eaa329f14a0361	前期中間模範	478	37
03f544613917945245041ea1581df0c2	A flower book	3319	75
8ab8dff7441eda91aa7bb26becb3afd3	R7 No.24(0309)解説	1120	21
bb03e43ffe34eeb242a2ee4a4f125e56	Summer MES 02	2602	86
9aeade7beada35c83d3b344fbafe43b0	1016A_21BC_後期数Ｓ「02_4 整数問題」	884	21
4f16c818875d9fcb6867c7bdc89be7eb	A Nursery Rhyme Picture Book	332	16
266	問題集1-34[数学]内進	5	2
474	長期休業課題	3	2
8bdb5058376143fa358981954e7626b8	03_3章Bラインテスト	1065	40
15cf76466b97264765356fcc56d801d1	R7 No.11(0922)	8152	40
0777acff7c9ab34562699e4e1d05affb	27_１年数学「3学年共通問題」週末課題No.27	82	20
421b3ac5c24ee992edd6087611c60dbb	解答[青チャート数Ⅰ]第4章 図形と計量	1385	25
9b8f0779badbad3b46d6718ee95a68ff	1216二次方程式「二次方程式の利用6」（解と係数の関係2）	895	39
c315f0320b7cd4ec85756fac52d78076	[青チャート数Ⅰ]第1章 数と式	1939	42
70c445ee64b1ed0583367a12a79a9ef2	13_図形の性質と証明（確認テスト）解答例 	176	19
4b29fa4efe4fb7bc667c7b301b74d52d	0911標本調査とデータの活用「導入課題」模範解答	19	6
147540e129e096fa91700e9db6588354	4_データの活用(確率の意味)	7961	70
1e51e0f3b6b60070219ccb91bb619a6b	20260216後期数Ｓ「令和８年度入試」問題用紙	51	8
b1300291698eadedb559786c809cc592	2025 0912BookRoll Reading03+04問題　答え	204	27
0a49e3c3a03ebde64f85c0bacd8a08e2	23_１年数学「空間図形」週末課題No.23	61	5
ea9268cb43f55d1d12380fb6ea5bf572	1212～(桂川)２次方程式の解の存在範囲(解の配置)	168	5
a8240cb8235e9c493a0c30607586166c	London Town	508	26
f0bbac6fa079f1e00b2c14c1d3c6ccf0	青チャート数Ⅰ 第3章 2次関数 (問＆解答)	548	11
462	夏季休業	13	7
519	4章演習プリント 2025 1-A	2	1
8d317bdcf4aafcfc22149d77babee96d	No.7(0530)解答	2	1
a088ea2078cd92b0b8a0e78a32c5c082	コース表示用テストPDF_BR	60	16
654ad60ebd1ae29cedc37da04b6b0672	0620図形の性質と証明（平行四辺形 角度ほか）	2551	41
87682805257e619d49b8e0dfdc14affa	0717(解答)確率演習（座標平面上 辺上を動く点）	75	14
9ca8c9b0996bbf05ae7753d34667a6fd	1216二次方程式「二次方程式の利用6」（解と係数の関係2）解答例	676	63
acc3e0404646c57502b480dc052c4fe1	0421_一次関数「一直線上の３点 ・変域から値を求める」解答例	257	20
be3ac64e67e84198f03f45b661f2124a	0130二次関数6「直交する2直線」解答例	668	75
68b1fbe7f16e4ae3024973f12f3cb313	All About the Little Small Red Hen	102	6
a8ecbabae151abacba7dbde04f761c37	15_正の数負の数(魔方陣・部分分数分解)解答例	97	14
b096577e264d1ebd6b41041f392eec23	250826 夏休み明けテスト　解答用紙	166	22
218a0aefd1d1a4be65601cc6ddc1520e	02WH解答	229	13
d6cf4da5ced8580c991e16fb54faa1b6	260206_テスト	14	3
d707329bece455a462b58ce00d1194c9	[STEP中3]第6章 円	846	16
5314b9674c86e3f9d1ba25ef9bb32895	013_３年数学「三平方の定理」週末課題No.013生徒解答	179	13
1006ff12c465532f8c574aeaa4461b16	[青チャート数A]総合演習第2部	57	2
621	未来へひろがる数学1	2	1
4b86abe48d358ecf194c56c69108433e	Saikyo_Niseko_homework	2826	39
dc2208f9bbd11486d5dbbb9218e03017	R7 No.23(0302)	8432	37
c911241d00294e8bb714eee2e83fa475	後期中間テスト振り返り　模範解答	53	15
4fac9ba115140ac4f1c22da82aa0bc7f	0514図形と相似「etime 三角形の面積比と線分比」解答	19	4
ced556cd9f9c0c8315cfbe0744a3baf0	8_利用（周の長さ・薬師算）解答例	104	16
07e1cd7dca89a1678042477183b7ac3f	サクセスコーチ英語３年【2025】_本冊	953	19
f8da71e562ff44a2bc7edf3578c593da	[サクシード数Ⅰ]第2章 集合と命題	128	8
2d2c8394e31101a261abf1784302bf75	1107展開因数分解演習	223	9
2e74c2cf88f68a68c84e9509abc7ea56	夏休み明けテスト模範解答 (0826)	1022	40
3473decccb0509fb264818a7512a8b9b	Mother Stories from the Old Testament	268	5
b7892fb3c2f009c65f686f6355c895b5	R7 No.5 (0526)	7544	40
83fa5a432ae55c253d0e60dbfa716723	250521 ３年5章Blineテスト　模範解答	219	33
535ab76633d94208236a2e829ea6d888	The Tale of Mr. Tod	193	10
0e3a37aa85a14e359df74fa77eded3f6	R. Caldecott\'s First Collection of Pictures and Songs	45	7
866d90e0921ac7b024b47d672445a086	2_式の加法・減法	1883	40
1a99f6821980ac99136dcd2f1e9c8740	0916標本調査とデータの活用「適切な標本調査の方法の検討」模範解答	16	4
b59a51a3c0bf9c5228fde841714f523a	[STEP中1]第3章 1次方程式	15	3
7827d1ec626c891d4b61a15c9dff296e	No.5_2017年度　本試験　英語【筆記】 第４問　Ａ	9	1
1905aedab9bf2477edc068a355bba31a	04_１年数学「正負の数」週末課題No.4	246	9
f33ba15effa5c10e873bf3842afb46a6	8_利用（周の長さ・薬師算）	2910	40
774b0e07753b0b94d1a1c5b0543b5fe1	比較級英作文サクコ本文から2025 1118	287	7
093b60fd0557804c8ba0cbf1453da22f	[STEP中3]第3章 2次方程式 学習のポイント	517	20
5e7264477cf9b6b237a0d254cf0324e2	21_発展演習1,2模範解答	66	13
eddb904a6db773755d2857aacadb1cb0	250521 ３年5章Blineテスト　模範解答	173	33
90525e70b7842930586545c6f1c9310c	028_３年数学「難関入試問題に挑戦」週末課題No.028	770	70
77ee3bc58ce560b86c2b59363281e914	1016A_21BC_後期数Ｓ「02_1 整数問題」	4919	37
5f93f983524def3dca464469d2cf9f3e	サクセスコーチ英語１年【2025】_解答	5766	37
2cfa3753d6a524711acb5fce38eeca1a	1208二次方程式「式の整理・置き換え他」	1861	40
fd5c905bcd8c3348ad1b35d7231ee2b1	The Tale of Grumpy Weasel	71	6
076023edc9187cf1ac1f1163470e479a	11_テスト前トレーニング2	1180	20
77cdfc1e11e36a23bb030892ee00b8cf	32_２年数学「二次方程式」週末課題No.32	221	23
7e230522657ecdc50e4249581b861f8e	250605 ３年前期中間テスト(数S)解答用紙	240	33
4e9cec1f583056459111d63e24f3b8ef	11_テスト前トレーニング2 解答	5	1
299570476c6f0309545110c592b6a63b	サクシード数Ⅰ 第5章 データの分析 (問＆解答)	995	17
6bc24fc1ab650b25b4114e93a98f1eba	No.8(0613)解答	2	1
0ae3f79a30234b6c45a6f7d298ba1310	250616 ３年6章Blineテスト　詳しい解説つき問題用紙	1278	41
09e7655fc1dc8fa7c9d6c4478313d5e6	32_２年数学「二次方程式」週末課題No.32	282	22
d045c59a90d7587d8d671b5f5aec4e7c	0521 図形の調べ方「証明練習１」	1149	41
2b3bf3eee2475e03885a110e9acaab61	個人アカウント_5/29メンテナンス後確認用	416	9
1c54985e4f95b7819ca0357c0cb9a09f	250606 ３年前期中間テスト(数学)解答用紙	412	37
11108a3dbfe4636cb40b84b803b2fff6	新課程版サクシード数C 第2章 空間のベクトル (問＆解答)	27706	65
c59b469d724f7919b7d35514184fdc0f	12_前期中間テスト数S 模範解答	2	1
754dda4b1ba34c6fa89716b85d68532b	A. L. O. E.\'s picture story book.	381	23
9edda0fd4d983bf975935cfd492fd50b	1112平方根（無理数係数）	1537	38
c96c08f8bb7960e11a1239352a479053	0206二次関数11「放物線と四角形の習熟を図る」解答例	827	62
9a5748a2fbaa6564d05d7f2ae29a9355	0829(解答)確率演習(確認問題)	173	15
9adeb82fffb5444e81fa0ce8ad8afe7a	R. Caldecott\'s Picture Book (No. 1)	126	2
f23d125da1e29e34c552f448610ff25f	251128 ３年後期中間テスト(数S)　詳しい解説	748	31
4a213d37242bdcad8e7300e202e7caa4	Edmund Dulac\'s Picture-Book for the French Red Cross	53	2
31b3b31a1c2f8a370206f111127c0dbd	6_関係を表す式	1268	37
109d2dd3608f669ca17920c511c2a41e	07_１年数学「文字の式」週末課題No.7	45	13
ca75910166da03ff9d4655a0338e6b09	[STEP中2]第4章 図形の性質と合同 学習のポイント	83	7
f4a4da9aa7eadfd23c7bdb7cf57b3112	青チャート数Ⅰ 第4章 図形と計量 (問＆解答)	90	4
df12ecd077efc8c23881028604dbb8cc	0529_2円の性質「垂心の存在証明」解答	104	11
1b79b52d1bf6f71b2b1eb7ca08ed0776	[青チャート数Ⅱ]第1章 式と証明	267	16
189	演習プリント	21	9
54	教材登録用	1	1
e995f98d56967d946471af29d7bf99f1	No.7(0530)解答	2	1
5129a5ddcd0dcd755232baa04c231698	02_2章Bラインテスト解説	949	28
d8c9d05ec6e86d5bbad7a2f88a1701d0	15_正多面体	4026	39
9ad6aaed513b73148b7d49f70afcfb32	10_0428正の数・負の数(指数) 解答	249	25
0e4a2c65bdaddd66a53422d93daebe68	【5】 2017年度　本試験　英語【筆記】 第４問　Ａ	3149	108
414e773d5b7e5c06d564f594bf6384d0	青チャート数B 総合演習第1部 (問＆解答)	54	1
d8c24ca8f23c562a5600876ca2a550ce	解答[新課程版サクシード数III]第1章 関数	1	1
0e7c7d6c41c76b9ee6445ae01cc0181d	研究大会②	7749	32
0d0871f0806eae32d30983b62252da50	0512 西京力テスト	340	32
07c4b1fdd1ef8da2d7e9393071204b71	10_おうぎ形の軽量2（移動したときの点の軌跡、通過した部分の面積）解答	194	38
1f9b616faddedc02339603f3b37d196c	37_２年数学「関数」週末課題No.37	63	11
f804d21145597e42851fa736e221da3f	250908 ３年7章Blineテスト　詳しい解説	1000	35
4aec1b3435c52abbdf8334ea0e7141e0	1010 式の展開と因数分解「因数分解演習③」_解答	2	1
b6617980ce90f637e68c3ebe8b9be745	0924三平方の定理「テスト前演習２」	761	40
f0f6ba4b5e0000340312d33c212c3ae8	【1】 2018年度　本試験　英語【筆記】 第４問　Ａ	7950	130
130f1a8e9e102707f3f91b010f151b0b	Group Presentation	246	17
d240e3d38a8882ecad8633c8f9c78c9b	[STEP中3]第6章 円	1463	23
8208974663db80265e9bfe7b222dcb18	0707三平方の定理「正四角錐の内接球の表面積と体積・正八面体の内接球」模範解答	246	18
06b1338ba02add2b5d2da67663b19ebe	0617三平方の定理 いろいろな証明	85	10
aaaccd2766ec67aecbe26459bb828d81	[新課程版サクシード数C]第3章 複素数平面	181	4
eeb69a3cb92300456b6a5f4162093851	解答[STEP中3]第6章 円	919	17
d74cb35426f3d808325876f45b69dbf1	[青チャート数III]第6章 積分法の応用	138	1
e165421110ba03099a1c0393373c5b43	5章 図形と相似（R7用 未来へひろがる数学3）	332	17
5401acfe633e6817b508b84d23686743	11_立体の中を動く球　解答例	10	1
d82118376df344b0010f53909b961db3	06_１年数学「正負の数,文字の式」週末課題No.6	72	12
40173ea48d9567f1f393b20c855bb40b	Summer MES 06	1281	53
4ebd440d99504722d80de606ea8507da	0707三平方の定理「正四角錐の内接球の表面積と体積・正八面体の内接球」	541	19
69dafe8b58066478aea48f3d0f384820	0701 三平方の定理「関数」模範解答 	150	14
0fcbc61acd0479dc77e3cccc0f5ffca7	Unit1 授業スライド	3375	38
4edaa105d5f53590338791951e38c3ad	No.8(0620)	8504	38
98b418276d571e623651fc1d471c7811	250826 夏休み明けテスト　詳しい解説	573	29
a1d7311f2a312426d710e1c617fcbc8c	0620三平方の定理「３辺がわかる三角形の面積を求める」	2040	34
3cf2559725a9fdfa602ec8c887440f32	013_３年数学「三平方の定理」週末課題No.013生徒解答	2	1
e16e74a63567ecb44ade5c87002bb1d9	[青チャート数C]総合演習第1部	51	1
615	２次関数	2	1
6e82873a32b95af115de1c414a1849cb	Bline Unit4解答	181	28
eddea82ad2755b24c4e168c5fc2ebd40	0418 図形と相似「平行線と比」	5817	40
63dc7ed1010d3c3b8269faf0ba7491d4	数学広場3年_学びをふりかえろう	10	1
57f04bb2975420e3b4c73920c687cad7	ELEMENTⅡ L6	6474	57
32b30a250abd6331e03a2a1f16466346	ELEMENTⅡ L2 S12	2741	54
da4f21d00b1992e0b25f463b722dcc6a	120X_後期数Ｓ「07 空間図形」 模範解答	130	16
bc4e356fee1972242c8f7eabf4dff517	0924三平方の定理「テスト前演習２」模範解答	72	10
3a066bda8c96b9478bb0512f0a43028c	0430_1次関数「直線で囲まれた三角形の面積・面積を二等分する直線の式」解答例	123	17
e910a63844df7022c9b194d39b2686bf	1212二次方程式「二次方程式の利用4」（各種方程式）解答例	809	68
0bd65e799153554726820ca639514029	37_２年数学「関数」週末課題No.37	66	10
196f5641aa9dc87067da4ff90fd81e7b	テストPDF	17	2
30ef30b64204a3088a26bc2e6ecf7602	0507_１次関数「回転体の体積 他」	3682	37
1a0a283bfe7c549dee6c638a05200e32	011_３年数学「三平方の定理」週末課題No.011模範解答	59	9
778	規則性演習プリント2025 1-C	2	1
501	サマサテ演習プリント（参考資料）	2	1
268	青チャート数Ａ（新課程版）	2	1
0e57098d0318a954d1443e2974a38fac	リスニングテストR7 1年後期中間	58	9
801fd8c2a4e79c1d24a40dc735c051ae	0918標本調査とデータの活用「黄金虫問題」	26	6
f5b1b89d98b7286673128a5fb112cb9a	夏休み明けテスト復習問題	1	1
f3c89b7be367aa4246f90aa007efe525	27_２年数学「平方根」週末課題No.27	149	9
c32d9bf27a3da7ec8163957080c8628e	0513図形と相似「etime  三角形の重心」解答	18	4
35937e34256cf4e5b2f7da08871d2a0b	6_作図の利用(羊の移動)	481	40
be767243ca8f574c740fb4c26cc6dceb	1006後期数Ｓ「01 平方完成」	6246	38
dd458505749b2941217ddd59394240e8	03_2年数学週末課題「一次関数」No.03	134	15
898dd88cca7b2f65461bc491dacb9b25	R7 No.14(1110)	8691	37
db346ccb62d491029b590bbbf0f5c412	2_式の加法・減法	2098	95
17326d10d511828f6b34fa6d751739e2	The Ladder to Learning	20	2
ab4f2b5fd96ca65349119909c1eada2d	10_立体の移動　解答例	650	55
1377e22fd81057b3e65aefd5fc634b64	10_後期期末数学Sテスト解答例	380	36
1aa48fc4880bb0c9b8a3bf979d3b917e	14_0508正の数・負の数(仮平均)模範解答	74	12
f4a331b7a22d1b237565d8813a34d8ac	0602円の性質「2円の共通外接円」	2	1
f816dc0acface7498e10496222e9db10	27_１年数学「3学年共通問題」週末課題No.27解答例	342	23
60519c3dd22587d6de04d5f1e28bd41d	【20】 2014年度　追試験　英語【筆記】 第５問	117	5
eb0ecdb070a1a0ac46de0cd733d39cf3	【7】 2017年度　追試験　英語【筆記】 第４問　Ａ	1999	80
332647f433a1c10fa2e2ae04abfdf83e	17_2年数学週末課題「箱ひげ図」No.17	56	9
dc82d632c9fcecb0778afbc7924494a6	0502図形と相似「etime  アーチを作る」	5127	39
27ed0fb950b856b06e1273989422e7d3	1章自己評価シート（まとめ例）	364	20
80a8155eb153025ea1d513d0b2c4b675	0530円の性質「2円の共通外接円」	891	23
1a551829d50f1400b0dab21fdd969c04	No.25(1126)タッチペン	27869	106
b4a528955b84f584974e92d025a75d1f	14_0508正の数・負の数(仮平均)	2881	38
3b8a614226a953a8cd9526fca6fe9ba5	1章 式の計算（R7用 未来へひろがる数学2）	154	20
1192265fb31ab52a6332c561ee6e5258	冬休みの課題説明	521	40
b8599b9343f82e3bc30984ca4f3fea3f	99_テスト前演習（発展） 解答解説	1112	57
9ff0525c64bf3d4c9957a1d4397f1b40	[青チャート数B]第3章 数学と社会生活	68	2
98c39996bf1543e974747a2549b3107c	1016A_21BC_後期数Ｓ「02_2 整数問題」	4455	38
67974233917cea0e42a49a2fb7eb4cf4	後期中間テスト振り返り　模範解答	45	11
51da85a3c3dfa1f360b48852b64218b2	11/14_教材所有者表示確認用【複数ABC】サンプルPDF	12	2
98c7242894844ecd6ec94af67ac8247d	解答[STEP中1]第7章 データの活用	7031	87
2ba596643cbbbc20318224181fa46b28	[STEP中3]第6章 円 学習のポイント	163	13
c57168a952f5d46724cf35dfc3d48a7f	Summer MES 05	1617	69
a6a767bbb2e3513233f942e0ff24272c	08_2年1章Bラインテスト	284	14
1175defd049d3301e047ce50d93e9c7a	サマサテBenesse編2解答例	129	14
244	模範解答	4	2
ca851e9f71b25d2d588b7e0d4de3d627	No.20(1114)	32679	116
2974788b53f73e7950e8aa49f3a306db	8_立体の体積・表面積解答例	143	19
59a3adea76fadcb6dd9e54c96fc155d1	R7_NH2_補充リーディングワークシート自習課題５０分用1-5	11	1
25df35de87aa441b88f22a6c2a830a17	The Anti-Slavery Alphabet	66	5
c21002f464c5fc5bee3b98ced83963b8	Dumpy Proverbs	210	11
0efe32849d230d7f53049ddc4a4b0c60	解答[STEP中1]第2章 文字と式	6591	34
ad47a008a2f806aa6eb1b53852cd8b37	解答[サクシード数A]第2章 図形の性質	2949	33
9232fe81225bcaef853ae32870a2b0fe	006_３年数学「相似」週末課題No.006生徒解答	358	21
06f2e099b4f87109d52e15d7c05f0084	ELEMENT Lesson8 Scene3-4 	2	1
f3ac63c91272f19ce97c7397825cc15f	14_不等式の利用 解説	620	32
a64c94baaf368e1840a1324e839230de	11_一次関数Bライン解説	2654	34
743c41a921516b04afde48bb48e28ce6	2編 1章 3 栄養素の種類と働き	141	8
b5b41fac0361d157d9673ecb926af5ae	0428図形と相似「相似比と面積比・表面積比・体積比」	4420	37
5d4ae76f053f8f2516ad12961ef7fe97	1016A_21BC_後期数Ｓ「02_1 整数問題」	5618	38
6c8349cc7260ae62e3b1396831a8398f	[STEP中3]第6章 円 学習のポイント	2	1
459a4ddcb586f24efd9395aa7662bc7c	The Remarkable Adventures of an Old Woman and Her Pig	171	4
321cf86b4c9f5ddd04881a44067c2a5a	サマサテBenesse編2	186	21
45fbc6d3e05ebd93369ce542e8f2322d	数学広場3年_力をつけよう	10	1
daaaf13651380465fc284db6940d8478	R7 2年夏明けテスト解答用紙0826模範	364	39
551cb238f4895024b98d1943b708de7c	4_四則混合・展開	1607	73
7ec3b3cf674f4f1d23e9d30c89426cce	[新課程版サクシード数III]第2章 極限	484	8
99adff456950dd9629a5260c4de21858	12_図形の調べ方Bライン	341	23
1bda4c789c38754f639a376716c5859f	栄養素のはたらきpdf	10	2
7bcdf75ad237b8e02e301f4091fb6bc8	003_３年数学「相似」週末課題No.003生徒解答	394	19
583cf6a4542809a64ad14586ec00ebe0	032_３年数学「後期期末テスト　基本演習」週末課題No.032模範解答	2584	80
66	数SMonday	4	2
37	STEP中2	6	4
95	問題集	8	4
184260348236f9554fe9375772ff966e	Hey Diddle Diddle and Baby Bunting	365	11
fe709c654eac84d5239d1a12a4f71877	Fun and Nonsense	113	5
75455e062929d32a333868084286bb68	4編 1章-5 何を考えて決めますか～意思決定のプロセス～	15	1
d71fa38b648d86602d14ac610f2e6194	016_３年数学「難関入試問題に挑戦」週末課題No.016	76	10
e56b06c51e1049195d7b26d043c478a0	250521 ３年5章Blineテスト　詳しい解説	1166	38
09060616068d2b9544dc33f2fbe4ce2d	1031平方根（循環小数）	1723	32
b3b4d2dbedc99fe843fd3dedb02f086f	コース表示用テストPDF_BR	115	26
ffc58105bf6f8a91aba0fa2d99e6f106	【10冬】 2015年度　本試験　英語【筆記】 第６問	1931	95
d3b1fb02964aa64e257f9f26a31f72cf	0704三平方の定理「正三角柱・円錐に内接する球・辺接する球」模範解答	212	14
769675d7c11f336ae6573e7e533570ec	0929 Answers	89	19
caa202034f268232c26fac9435f54e15	1107展開因数分解演習解答例	234	36
f016f25df05b5b1bc2b8ec0f72d5120c	後期期末解答	176	34
cb953f6ca5923f7517125db46ed1293d	演習問題②（解法２）	314	5
00b76fddeaaa7d8c2c43d504b2babd8a	5_大学入試問題に挑戦解答例	21	8
6f611188ad4a81ffc2edab83b0705d76	6_等式の変形解答例	82	18
191	ELEMENT	30	15
481	夏季休業	3	2
293	テスト関連	1	1
cc3d69ed781b16bce06687822ae56e6d	1009 式の展開と因数分解「因数分解演習③」_解答	2	1
e0ab531ec312161511493b002f9be2ee	解答[STEP中2]第5章 三角形と四角形	6194	68
9813b270ed0288e7c0388f0fd4ec68f5	[サクシード数Ⅰ]総合問題	53	5
ab541d874c7bc19ab77642849e02b89f	0526円の性質「図形の性質の証明(作図)」解答	74	8
e366d105cfd734677897aaccf51e97a3	10_演習解答例	162	18
ba036d228858d76fb89189853a5503bd	演習問題①（解法３）	4737	10
6ba3af5d7b2790e73f0de32e5c8c1798	01_前期中間数学解答例	79	14
e2ad76f2326fbc6b56a45a56c59fafdb	2025bookroll Reading 001 the great wall語注なし	2	1
488c1e0332065eb80e1129139a67d6e0	250918 ３年8章Blineテスト　問題用紙	29	6
a4a042cf4fd6bfb47701cbc8a1653ada	5章 平面図形（R7用 未来へひろがる数学1）	2739	37
187	演習プリント	25	9
b5488aeff42889188d03c9895255cecc	R7 No.6 (0602)	5067	40
37968ad196a5085f5ed91e58df8c2cef	R7 No.17(1208)	9747	37
e98741479a7b998f88b8f8c9f0b6b6f1	R7 No.11(0922)	6944	40
14cfdb59b5bda1fc245aadae15b1984a	R7 2年定期テスト解答用紙0602	7	2
326a8c055c0d04f5b06544665d8bb3ea	No.11(0710)	37472	122
f81dee42585b3814de199b2e88757f5c	24_１年数学「図形」週末課題No24解答例2	90	6
71a8b2ffe0b594a5c1b3c28090384fd7	120X_後期数Ｓ「07 空間図形」 	2922	36
a7aeed74714116f3b292a982238f83d2	0430図形と相似「相似の利用」	133	5
cbfe5681369338a48e2d1b63998099d6	R7_2年_【解答】冬休みの演習課題（AI用）	15356	117
fe40fb944ee700392ed51bfe84dd4e3d	12_不等式の性質 解説	273	38
8e489b4966fe8f703b5be647f1cbae63	250929 ３年前期期末テスト(数学)　削除した１問	355	29
c4851e8e264415c4094e4e85b0baa7cc	The Baby\'s Opera	303	11
f50a6c02a3fc5a3a5d4d9391f05f3efc	09_2年数学週末課題「図形の性質と証明」No.09	127	14
ebd9629fc3ae5e9f6611e2ee05a31cef	No.03(0430)タッチペン	4980	37
143758ee65fb29d30caa170c0db0ed36	後期中間テスト振り返り　問題	30	9
411ae1bf081d1674ca6091f8c59a266f	07_2年数学週末課題「図形の調べ方」No.07	125	19
9c9f1366edbae758a3bb56eca4388b64	25_１年数学「文字の式」週末課題No.25解答例	80	20
0cbed40c0d920b94126eaf5e707be1f5	24_１年数学「図形」週末課題No24解答例１	96	8
403ea2e851b9ab04a996beab4a480a30	[サクシード数A]準備	80	8
fd4c2dc64ccb8496e6f1f94c85f30d06	コース表示用テストPDF	2	2
4e477793df9bdde030226dcd3a262a4a	冬休み課題　その２（高校入試問題）模範解答	3053	38
0e900ad84f63618452210ab8baae0218	解答[サクシード数Ⅰ]第2章 集合と命題	80	11
0e65972dce68dad4d52d063967f0a705	数学広場2年_学びをいかそう	21	7
7059b7dea43da04fd342088d7c1698f0	8_式の値・代入解答例 	163	17
e6cb2a3c14431b55aa50c06529eaa21b	006_３年数学「相似」週末課題No.006	28	5
c5cc17e395d3049b03e0f1ccebb02b4d	0602円の性質「ヘロンの公式」	5528	34
976abf49974d4686f87192efa0513ae0	1024A_1114BC 後期数Ｓ「06 等周問題1」 	16359	115
e6384711491713d29bc63fc5eeb5ba4f	09_2年数学週末課題「図形の性質と証明」No.09	117	13
5737034557ef5b8c02c0e46513b98f90	003_３年数学「相似」週末課題No.003	96	12
b5b03f06271f8917685d14cea7c6c50a	0918標本調査とデータの活用「黄金虫問題」模範解答	1	1
b89c30965ebc74912de879f22da62dbf	Unit 7 Bline（模範解答）	193	25
f2201f5191c4e92cc5af043eebfd0946	No.6(0530)	3	1
a501bebf79d570651ff601788ea9d16d	010_３年数学「三平方の定理」週末課題No.010	18	5
e27a949795bbe863f31c3b79a2686770	0911標本調査とデータの活用「導入課題」	133	14
ae1eaa32d10b6c886981755d579fb4d8	13_不等式を解く	3780	117
9fe77ac7060e716f2d42631d156825c0	後期中間解答	470	37
96671501524948bc3937b4b30d0e57b9	ELEMENTI L4 S4	2505	45
217eedd1ba8c592db97d0dbe54c7adfc	No.9(0620)解答	2	1
70	教科書2-B[数学]	12	6
83	週末課題	5	3
fcdf25d6e191893e705819b177cddea0	01_1章Bラインテスト模範解答	69	11
961b27cff1f9ef4ee308bb33fe18a91a	20260218三角比テスト前演習	2922	53
36ac8e558ac7690b6f44e2cb5ef93322	T_コース表示用テストPDF	3	2
7283518d47a05a09d33779a17adf1707	青チャート数Ⅰ 第4章 図形と計量 (問＆解答)	14	1
98d8a23fd60826a2a474c5b4f5811707	250908 ３年7章Blineテスト　模範解答	248	35
c3e878e27f52e2a57ace4d9a76fd9acf	002_３年数学「相似」週末課題No.002生徒解答	421	17
37d097caf1299d9aa79c2c2b843d2d78	0620三平方の定理「３辺がわかる三角形の面積を求める」模範解答	238	16
82b0639a82d0cc70b8f5830fd2b06868	R7_NH2_補充リーディングワークシートこたえ11－15	49	8
85422afb467e9456013a2a51d4dff702	【解答編】Sirius21国語発展Vol.3	15	1
777669af68dbccabc30c3b6bcaa81825	解答[STEP中2]第3章 1次関数	362	14
1138d90ef0a0848a542e57d1595f58ea	R7 1年後期期末　定期テスト解答用紙	545	38
2cfd4560539f887a5e420412b370b361	Denslow\'s Humpty Dumpty	165	7
9e82757e9a1c12cb710ad680db11f6f1	0918標本調査とデータの活用「黄金虫問題」模範解答	7	3
b83aac23b9528732c23cc7352950e880	0418 図形と相似「平行線と比」	5202	40
4bbbe6cb5982b9110413c40f3cce680b	33_１年数学「データの活用」週末課題No.33解答例	107	16
46771d1f432b42343f56f791422a4991	No.7(0613)解答	24	7
1713a23c14b5033adb074b5464fb6c66	2_群数列	2457	81
2650d6089a6d640c5e85b2b88265dc2b	0917標本調査とデータの活用「推定」模範解答	21	3
655ea4bd3b5736d88afc30c9212ccddf	008_３年数学「円の性質」週末課題No.008模範解答	234	18
f52854cc99ae1c1966b0a21d0127975b	[STEP中2]第3章 1次関数 学習のポイント	209	13
fd4f21f2556dad0ea8b7a5c04eabebda	2025 0912BookRoll Reading03+04問題　答え	2	1
82edc5c9e21035674d481640448049f3	0123　週末課題模範解答	33	10
955a1584af63a546588caae4d23840b3	No.09(0611)タッチペン	6465	37
9a1158154dfa42caddbd0694a4e9bdc8	[STEP中2]第3章 1次関数 学習のポイント	394	24
097e26b2ffb0339458b55da17425a71f	1010 式の展開と因数分解「因数分解演習③」_解答	186	26
d3157f2f0212a80a5d042c127522a2d5	15_１年数学「方程式」週末課題No.15	110	17
a29d1598024f9e87beab4b98411d48ce	007_３年数学「相似」週末課題No.007	24	3
cbf22ab286e2ad4900bdf5d6a2e47009	[青チャート数III]第2章 極限	180	3
0d0fd7c6e093f7b804fa0150b875b868	No.3(0509)解答	45	10
9d7311ba459f9e45ed746755a32dcd11	解答[STEP中2]第6章 データの活用	1935	35
f29c21d4897f78948b91f03172341b7b	0501図形と相似「基本理解度チェック」	4	2
05f971b5ec196b8c65b75d2ef8267331	0428図形と相似「相似比と面積比・表面積比・体積比」	4672	37
e2eabaf96372e20a9e3d4b5f83723a61	16_三角形の五心	66	22
f0031c7a91d74015a9addfbc589f3fe5	1010 式の展開と因数分解「因数分解演習③」	859	40
18a9042b3fc5b02fe3d57fea87d6992f	0115 0120 7MES	4789	121
cc0991344c3d760ae42259064406bae1	11_１年数学「方程式」週末課題No.11	57	12
58c54802a9fb9526cd0923353a34a7ae	05_１年数学「正負の数」週末課題No.5解答例	178	13
e1d5be1c7f2f456670de3d53c7b54f4a	The Dream Coach	151	14
d594b1a945b5d645e59e21f88bd2d83b	No.19(1107)	25923	118
c2ba1bc54b239208cb37b901c0d3b363	0701図形の性質と証明（三角形の角と辺の関係他）	3153	41
f8f5161cf94df05793592f5fab95138b	後期中間対策　テスト当日までの期間限定公開　形容詞・副詞・名詞比較級単語などなど穴埋授業スライド2025 1117	2317	35
e97c864e8ac67f7aed5ce53ec28638f5	[サクシード数Ⅰ]第5章 データの分析	167	5
b85d65c39e12a5515c19fd72b6f48199	【8冬】 2017年度　追試験　英語【筆記】 第５問	1358	65
c24cd76e1ce41366a4bbe8a49b02a028	数学広場2年_学びをふりかえろう	45	5
0ee8b85a85a49346fdff9665312a5cc4	26_２年数学「平方根」週末課題No.26	136	17
c0c783b5fc0d7d808f1d14a6e9c8280d	10_演習	875	41
8a0e1141fd37fa5b98d5bb769ba1a7cc	No.4(0509)	9809	41
026a39ae63343c68b5223a95f3e17616	4編 2章 1 消費者としてできること～権利と責任～	29	3
da21bae82c02d1e2b8168d57cd3fbab7	29_２年数学「二次方程式」週末課題No.29	147	19
7ba6d33c373fea56b7258003b16c68e5	[青チャート数III]第4章 微分法の応用	173	2
8487e01fbaf43e758c17f86472cbf3e6	研究大会①（別解３）	8	4
69421f032498c97020180038fddb8e24	【問題編】Sirius21国語発展Vol.3	4773	35
d2e9dd9dcd97fd12a2cb62e2bf7cbe35	09_後期期末数学	505	21
576d026223582a390cd323bef4bad026	【8冬】 2017年度　追試験　英語【筆記】 第５問	2131	97
8e065119c74efe3a47aec8796964cf8b	4編 1章-5 何を考えて決めますか～意思決定のプロセス～	9	3
97d0145823aeb8ed80617be62e08bdcc	07_１年数学「文字の式」週末課題No.7解答例	86	8
dc513ea4fbdaa7a14786ffdebc4ef64e	[STEP中2]第7章 確率	3587	68
9cb9ed4f35cf7c2f295cc2bc6f732a84	21_前期期末テスト数学	932	38
adc8ca1b15e20915c3ea6008fc2f52ed	11_工夫した解法	2273	89
d37b3ca37106b2bfdeaa12647e3bb1c9	解答[青チャート数A]総合演習第2部	10	1
6c3cf77d52820cd0fe646d38bc2145ca	解答[STEP中1]第2章 文字と式	9592	39
775	MES March	4	3
167	中3 教科書（R7用）2-C	5	3
9b72e31dac81715466cd580a448cf823	003_３年数学「相似」週末課題No.003生徒解答	302	19
b986700c627db479a4d9460b75de7222	ELEMENT Lesson8 Scene1	8	6
4e2a6330465c8ffcaa696a5a16639176	夏休み明けテスト復習問題_answer	14	4
4de754248c196c85ee4fbdcee89179bd	No.4_2018年度　追試験　英語【筆記】 第５問	9	1
6fe131632103526e3a6e8114c78eb1e1	ELEMENTI L3 Making a summary	788	32
d8bf84be3800d12f74d8b05e9b89836f	0827, 0828 (No.13)	5786	120
a2cc63e065705fe938a4dda49092966f	6/5testpdf	34	2
98e6f17209029f4ae6dc9d88ec8eac2c	大人になれなかった弟たちに	1165	39
9fdb62f932adf55af2c0e09e55861964	0616図形の性質と証明（直角三角形の合同2）解答例	357	29
75b9b6dc7fe44437c6e0a69fd863dbab	1009 式の展開と因数分解「因数分解演習②」解答	333	28
da11e8cd1811acb79ccf0fd62cd58f86	The Mythological Zoo	105	6
7437d136770f5b35194cb46c1653efaa	250606 ３年前期中間テスト(数学)解答用紙	380	29
4a1590df1d5968d41b855005bb8b67bf	0711　Unit 4 Bline（模範解答）	61	12
cb2c2041d9763d84d7d655e81178f444	13_2年数学週末課題「図形の性質と証明」No.13	87	11
618	2年1章演習プリント 2025 1-A	8	3
308	青チャート数Ｂ（新課程版）	2	1
461	長期休業課題	9	5
1c9ac0159c94d8d0cbedc973445af2da	数学広場1年_学びをいかそう	177	17
89fcd07f20b6785b92134bd6c1d0fa42	[STEP中2]第4章 図形の性質と合同 学習のポイント	60	6
944bdd9636749a0801c39b6e449dbedc	The Picture Alphabet	234	8
3cec07e9ba5f5bb252d13f5f431e4bbb	数学広場3年_学びをふりかえろう	3	2
0cb929eae7a499e50248a3a78f7acfc7	No.4(0509)解答	41	8
f51238cd02c93b89d8fbee5667d077fc	7_三角数と四角数解答例	77	15
94aef38441efa3380a3bed3faf1f9d5d	解答[サクシード数Ⅰ]第5章 データの分析	546	16
73e0f7487b8e5297182c5a711d20bf26	0616図形の性質と証明（直角三角形の合同2）解答例	360	22
12ced2db6f0193dda91ba86224ea1cd8	学年末3「桜の開花予想2026」	628	28
908a6f6a6c131a850ecb0e3f11b08189	250826 夏休み明けテスト　解答用紙	220	32
bd0cc810b580b35884bd9df37c0e8b0f	サクシード数Ⅰ 第3章 2次関数 (問＆解答)	3	2
58191d2a914c6dae66371c9dcdc91b41	R7 No.13(1027)	7614	37
298f95e1bf9136124592c8d4825a06fc	Unit1 授業スライド	3065	40
f457c545a9ded88f18ecee47145a72c0	[STEP中3]第5章 相似 学習のポイント	84	7
4b6538a44a1dfdc2b83477cd76dee98e	0521解答例 図形の調べ方「証明練習１」	222	31
cabad3b9bc0afe08cd9ec861638ed1d9	No.29(0206)解答	64	21
6832a7b24bc06775d02b7406880b93fc	0626図形の性質と証明（平行四辺形になる条件）解答例	247	23
520	4章演習プリント 2025 1-B	11	5
68	数SMonday	18	6
622	未来へひろがる数学2	6	1
39	問題集2-B[数学]	18	7
cf1cf43cba274ae7f413e864682b80f8	西京力テスト10月解答	73	14
c89ca36e4d0430e75ca2390470a59a59	2_群数列解答例	117	19
94e4451ad23909020c28b26ca3a13cb8	青チャート数Ⅰ 総合演習第2部 (問＆解答)	14	1
e22312179bf43e61576081a2f250f845	Mammy\'s baby	633	12
ea5a486c712a91e48443cd802642223d	[STEP中1]学年末問題	995	36
50abc3e730e36b387ca8e02c26dc0a22	7/30 自然災害から人々を守る教科書コピー_OCR	303	4
45645a27c4f1adc8a7a835976064a86d	0519図形と相似「etime  空間内の線分の長さ(切断2)」	665	23
798cebccb32617ad94123450fd137104	コース表示用テストPDF_BR	138	29
16d11e9595188dbad0418a85f0351aba	Unit7 授業スライド	3	1
8edd72158ccd2a879f79cb2538568fdc	The girl from Hollywood	166	7
634	冬季休業	12	7
872dd316eb8a432cbc63f141e2d68ded	受動態英作文スライド基本2026　0122	201	10
72b32a1f754ba1c09b3695e0cb6cde7f	[STEP中1]第1章 正の数と負の数	36496	55
2f4fe03d77724a7217006e5d16728874	R7夏休みの基本課題（中３）模範解答	6698	41
0e01938fc48a2cfb5f2217fbfb00722d	数学広場3年_力をつけよう	73	8
3ea2db50e62ceefceaf70a9d9a56a6f4	1114平方根（根号を含む計算2）	2442	33
900c563bfd2c48c16701acca83ad858a	R7_NH2_補充リーディングワークシート自習課題５０分用6-10	8283	28
536a76f94cf7535158f66cfbd4b113b6	0529_2円の性質「垂心の存在証明」	981	33
234833147b97bb6aed53a8f4f1c7a7d8	014_３年数学「三平方の定理」週末課題No.014	14	6
884d247c6f65a96a7da4d1105d584ddd	0507_１次関数「回転体の体積 他」	1120	41
c058f544c737782deacefa532d9add4c	002_３年数学「相似」週末課題No.002	46	7
d6525aa8638c1d8d4da535fbb1a5fc80	1215二次方程式「二次方程式の利用5」（解と係数の関係1）	1263	39
a5e308070bd6dd3cc56283f2313522de	0121二次関数1「定義域・値域」	977	40
14e422f05b68cc0139988e128ee880df	R7_NH2_補充リーディングワークシート自習課題５０分用1-5	17699	39
9c838d2e45b2ad1094d42f4ef36764f6	解答[STEP中2]第3章 1次関数	3400	22
ac4e7a4f341e7281b0f6f274f9ec3905	冬休み課題　その２（高校入試問題）模範解答	3156	36
7ac71d433f282034e088473244df8c02	Unit 8 Bline　模範解答	74	18
4d8556695c262ab91ff51a943fdd6058	8_方程式の利用（割合）	913	41
9978b7063e297d84bb2ac8e46c1c845f	10_比例式の利用 解説	302	36
39b8f721582654655a6999aabe905204	09_2年2章Bラインテスト 解説	1030	63
404dcc91b2aeaa7caa47487d1483e48a	009_３年数学「円の性質」週末課題No.009生徒解答	276	18
3a835d3215755c435ef4fe9965a3f2a0	No.6(0523)解答	2	1
8b5700012be65c9da25f49408d959ca0	解答[STEP中1]第3章 1次方程式	40274	103
e0a209539d1e74ab9fe46b9e01a19a97	コース表示用テストPDF_BR	85	24
52292e0c763fd027c6eba6b8f494d2eb	Pleasing Stories for Good Children with Pictures	48	3
210f760a89db30aa72ca258a3483cc7f	[STEP中1]第2章 文字と式 学習のポイント	166	23
8c9f32e03aeb2e3000825c8c875c4edd	20_方程式（発展） 解説	468	49
19bc916108fc6938f52cb96f7e087941	15_正の数負の数(魔方陣・部分分数分解)	7261	41
01e00f2f4bfcbb7505cb641066f2859b	11_前期中間テスト数学 模範解答	80	17
df0e09d6f25a15a815563df9827f48fa	0902三平方の定理「正四面体と円柱」模範解答	180	20
758be1f9f7a7efac938ed8bd97c0e1cb	11WH1107解答	11	4
f80bf05527157a8c2a7bb63b22f49aaa	コース表示用テストPDF_BR	164	32
74db120f0a8e5646ef5a30154e9f6deb	数学広場3年_学びをふりかえろう	1	1
e3408432c1a48a52fb6c74d926b38886	[STEP中1]第4章 比例と反比例 学習のポイント	724	52
09d37c08f7b129e96277388757530c72	22_前期期末テスト数S	465	36
a1519de5b5d44b31a01de013b9b51a80	科学実験Library	27	9
ce016f59ecc2366a43e1c96a4774d167	サクシード数Ⅰ 第3章 2次関数 (問＆解答)	1	1
f87522788a2be2d171666752f97ddebb	2014西京　和訳フロスト	121	14
605ac7e4c16b8a013b4779b81f883e66	20260109後期数Ｓ「令和２年度入試」模範解答	53	10
cff02a74da64d145a4aed3a577a106ab	R7 No.16(1201)	8226	37
22785dd2577be2ce28ef79febe80db10	0122二次関数2「定義域・値域の習熟を図る」	1023	40
f47330643ae134ca204bf6b2481fec47	Old Picture Books, With Other Essays on Bookish Subjects	28	5
2b8eba3cb0d0f1d761cb74d94a5ace36	R7_2年夏休みの演習課題（AI先生付き）	34010	130
5ef059938ba799aaa845e1c2e8a762bd	サクセスコーチ英語３年【2025】_解答	3872	30
0d4f4805c36dc6853edfa4c7e1638b48	99_宮部教頭先生特別課題	524	18
30f8f6b940d1073d8b6a5eebc46dd6e5	R7 2年夏休み課題テスト解答用紙0826模範	3	1
a666587afda6e89aec274a3657558a27	0417 図形と相似「相似の証明」解答	119	17
8d9fc2308c8f28d2a7d2f6f48801c705	2025 2年前期中間テスト模範解答	8	1
92cc227532d17e56e07902b254dfad10	No.01(0416)タッチペン	5750	44
70feb62b69f16e0238f741fab228fec2	250521 ３年5章Blineテスト　詳しい解説	1123	41
8b5040a8a5baf3e0e67386c2e3a9b903	0516 図形の調べ方「角度演習1」	168	20
482	長期休業課題	15	8
290	７章　三平方の定理	6	2
192	Lesson01	2	1
42	2025年度中学2年C組[数学]	3	2
08e6bea8e90ba87af3c9554d94db6579	250605 ３年前期中間テスト(数S)解答用紙	509	35
314450613369e0ee72d0da7f6fee773c	14_確率・箱ひげ図Bライン解説	681	50
9701a1c165dd9420816bfec5edd6c2b1	No.9(0627)解答	241	7
5b5e6cc50cefa5e9f1f5ca272b136475	R7 No.19(1222)	11422	38
a9b4ec2eb4ab7b1b9c3392bb5388119d	R7_NH2_補充リーディングワークシート自習課題５０分用6-10	7831	29
3db11d259a9db7fb8965bdf25ec850b9	[新課程版サクシード数III]第5章 積分法	247	2
bf62768ca46b6c3b5bea9515d1a1fc45	No.11(0704)解答	2	1
184	週末課題　解答	2	1
68a83eeb494a308fe5295da69428a507	The Jingle Book	48	4
334467d41d5cf21e234465a1530ba647	1031平方根（循環小数）	603	35
76dc611d6ebaafc66cc0879c71b5db5c	0414 図形と相似「導入問題」	5036	41
88e1ce84f9feef5a08d0df0334c53468	1024BC_29A後期数Ｓ「03 面積の最大値と最小値」 	4843	39
f8b932c70d0b2e6bf071729a4fa68dfc	0717確率演習（座標平面上  辺上を動く点）	758	40
e846fb8a4f365ca8e84393d4f34e1b07	022_３年数学「難関入試問題に挑戦」週末課題No.022生徒解答	283	21
cfbce4c1d7c425baf21d6b6f2babe6be	11_一次関数Bライン	394	23
f4334c131c781e2a6f0a5e34814c8147	09WH1024解答	6	2
c215b446bcdf956d848a8419c1b5a920	[STEP中1]第6章 空間図形	58615	126
50dd7100bcbd98c41b1179143a2325a4	1210二次方程式「二次方程式の利用2」（整数・容積）	877	36
4ebccfb3e317c7789f04f7a558df4537	7/24 マーカー確認用_いつも確かめよう ミシン（下糸と上糸の準備 縫う）_OCR_フリガナ削除	9	2
b19aa25ff58940d974234b48391b9549	015_３年数学「三平方の定理」週末課題No.015生徒解答	54	7
83cdcec08fbf90370fcf53bdd56604ff	7_食塩水 解答例	410	24
3cc578f087ea520aefaaf92c802c1a34	10_演習	979	39
95d309f0b035d97f69902e7972c2b2e6	11_テスト前トレーニング2 解答	441	16
616	後期　高校数学	1	1
2c3ddf4bf13852db711dd1901fb517fa	R7夏休みの基本課題（中３）模範解答	5562	40
c850371fda6892fbfd1c5a5b457e5777	The Milkmaid	112	4
606555cf42a6719782a952aa33cfa2cb	サンプルPDF（Moodle新規アカウント追加方法）	13	2
5ee0070c40a7c781507b38c59c3eb8d4	26_２年数学「平方根」週末課題No.26	82	11
2122c699d5e3d2fa6690771845bd7904	32_後期中間数学S 模範解答	18	6
e464f78f1b3fa6bfe6d887029bf66f0c	No.36 0128, 0129	4769	120
6236c78e73f52110ae39e588ba88de0b	6章自己評価シート（まとめ例）	55	10
eb1e78328c46506b46a4ac4a1e378b91	11_前期中間テスト数学 解説	1039	35
53a1320cb5d2f56130ad5222f93da374	250926 ３年前期期末テスト(数S)模範解答	308	37
f4f6dce2f3a0f9dada0c2b5b66452017	No.3(0509)	202	20
8c19f571e251e61cb8dd3612f26d5ecf	8章 標本調査とデータの活用（R7用 未来へひろがる数学3）	30	7
69adc1e107f7f7d035d7baf04342e1ca	数学広場2年_学びをふりかえろう	5	3
3fe94a002317b5f9259f82690aeea4cd	0418 図形と相似「平行線と比」	1785	32
479	夏季休業	14	4
169	2025年度高校2年12組[数学]	2	1
600	3年3章二次方程式	10	6
61bdf049525b7d4c2cf79257ec7c2c56	学年末4「包絡線」 	309	32
cc7e2b878868cbae992d1fb743995d8f	0701図形の性質と証明（三角形の角と辺の関係他）解答例	703	53
5848ad959570f87753a60ce8be1567f3	05_前期期末数学Sテスト解答例	326	38
e0f120eefd76be864f36ffa8d1a1505a	R7 春課題A（２年生になる前の確認編）	15	1
ccc81a97c1535f9a631b9db584a264e4	7  2年1章 式の計算自己評価シート	437	55
9af76329c78e28c977ab1bcd1c3fe9b8	13_図形の性質と証明（確認テスト）	110	17
58e4d44e550d0f7ee0a23d6b02d9b0db	006_３年数学「相似」週末課題No.006生徒解答	217	13
f6e794a75c5d51de081dbefa224304f9	0620三平方の定理「３辺がわかる三角形の面積を求める」模範解答	131	14
a098b2eb3138551138d127925d092d67	16_三角形の五心解答例	53	16
89ae0fe22c47d374bc9350ef99e01685	08_2年数学週末課題「図形の調べ方」No.08	114	15
b7fede84c2be02ccb9c77107956560eb	演習問題②	6285	27
757b505cfd34c64c85ca5b5690ee5293	5章 図形の性質と証明（R7用 未来へひろがる数学2）	1226	19
674bfc5f6b72706fb769f5e93667bd23	Under Blue Skies: Verses & Pictures	103	3
3569df159ec477451530c4455b2a9e86	[チャート式数C]第3章 複素数平面_	158	1
443	週末・長期休暇課題	3	2
251	問題集1-12[数学]外進	4	2
4921f95baf824205e1b13f22d60357a1	2章自己評価シート（まとめ例）	395	18
d90e5b6628b4291225cba0bdc643c295	1217二次方程式「二次方程式の利用7」（無理数係数・連立）	1092	39
26588e932c7ccfa1df309280702fe1b5	The Jungle Baby	149	8
3de2334a314a7a72721f1f74a6cb4cee	No.7(0613)	9908	39
d254c8a084d4545bd80577481aa03076	013_３年数学「三平方の定理」週末課題No.013	54	8
f0f6cc51dacebe556699ccb45e2d43a8	34_２年数学「関数」週末課題No.34	295	21
656f0dbf9392657eed7feefc486781fb	11/14_教材所有者表示確認用【単独A】サンプルPDF	10	3
0188e8b8b014829e2fa0f430f0a95961	Punky Dunk and the Spotted Pup	24	2
537de305e941fccdbba5627e3eefbb24	3_いろいろな方程式 	805	43
704afe073992cbe4813cae2f7715336f	解答[STEP中1]第2章 文字と式	11398	42
f12ee9734e1edf70ed02d9829018b3d9	EEQ2019part1 a-e1202シート5	27	8
2d3b02917ea2900fe129741a9c0f3857	R7 No.25(0316)解説	240	37
c54e7837e0cd0ced286cb5995327d1ab	R. Caldecott\'s Picture Book (No. 2)	32	3
145	中2 数学広場 2-B	2	1
455	サクシード数Ａ（新課程版）	1	1
d16509f6eaca1022bd8f28d6bc582cae	大人になれなかった弟たちに　本文_OCR済_20250707	3797	43
e6cbc650cd5798a05dfd0f51d14cde5c	10_比例.反比例の利用　解答例（格子点、平行四辺形となる点、変域から式を求める）	299	27
88c040adb393832c87914347cc2afc3f	6_等比数列 解答例	9	1
2e5c2cb8d13e8fba78d95211440ba326	120X_後期数Ｓ「07 空間図形」 模範解答	2	1
327708dd10d68b1361ad3addbaca01f2	0916標本調査とデータの活用「適切な標本調査の方法の検討」模範解答	1	1
590494d54ebe8eda5858c48f34e12b51	6_三元一次・置き換え2解答例	271	35
a40511cad8383e5ae8ddd8b855d135da	250606 ３年前期中間テスト(数学)解答用紙	687	40
2000f6325dfc4fc3201fc45ed01c7a5d	0213二次関数13「西京の過去問たち」解答例	935	70
04115ec378e476c56d19d827bcf8db56	受動態英作文スライド基本2026　0122	61	4
a3f390d88e4c41f2747bfa2f1b5f87db	（旧）改・未来へひろがる数学3	953	16
119	テスト2025 1-B	42	8
b5f1e8fb36cd7fbeb7988e8639ac79e9	250616 ３年6章Blineテスト　解答用紙	344	37
01a0683665f38d8e5e567b3b15ca98bf	R7夏休みの予習課題（中３）模範解答	1884	39
6351bf9dce654515bf1ddbd6426dfa97	[STEP中3]第8章 標本調査 学習のポイント	135	11
220a7f49d42406598587a66f02584ac3	解答[サクシード数Ⅰ]総合問題	31	9
0a09c8844ba8f0936c20bd791130d6b6	No.1(0418)	9754	42
1d2a48c55f6f10010887cc7d849469a1	06_後期中間数学解答例	256	48
7fa215c9efebb3811a7ef58409907899	testpdf	74	2
dabd8d2ce74e782c65a973ef76fd540b	Nonsense Books	96	7
ee14c41e92ec5c97b54cf9b74e25bd99	1029C_30B_1113A後期数Ｓ「04 約束記号問題」	4006	39
666	三角比	2	1
564	MES November	7	4
2291d2ec3b3048d1a6f86c2c4591b7e0	0428_一次関数の利用「動点問題」解答例	156	8
9683cc5f89562ea48e72bb321d9f03fb	Ideals in Art: Papers Theoretical, Practical, Critical	20	3
6a61d423d02a1c56250dc23ae7ff12f3	Stories Pictures Tell. Book 8	22	5
7895fc13088ee37f511913bac71fa66f	0526解答例 図形の調べ方「証明練習２」	106	15
a8e864d04c95572d1aece099af852d0a	0507_08 メネラウスの定理・チェバの定理(追加問題)	37	8
3f647cadf56541fb9513cb63ec370187	12_立方体の切り口①解答例ｋ	1209	83
d58e2f077670f4de9cd7963c857f2534	12_比例.反比例の利用（対称な点、垂直に交わる２直線、動点問題）	8734	110
0a348ede8ac3768875037baca5de6e26	研究大会①	16850	38
672d30ab508237ac28b92c3472c56688	032_３年数学「後期期末テスト　基本演習」週末課題No.032	229	45
0172d289da48c48de8c5ebf3de9f7ee1	解答[サクシード数Ⅱ]第2章複素数と方程式	5568	54
285ab9448d2751ee57ece7f762c39095	Stories Pictures Tell. Book 4	31	2
2ef3e50fd7c1091dda165f25be7f64fd	解答[青チャート数Ⅱ]総合演習第2部	18	1
ae587cfeea5ac21a8f1c1ea51027fef0	2025 0912BookRoll Reading03+04問題　答え	166	23
8ed36a8485e30937b99c0d247e9c3832	No.21 1104 7MES	6	1
e113bb92c69391dd39e2488f9f588382	3編 1章-1 衣服の役割	4732	121
135	週末課題 2025 1-C	16	6
daa96d9681a21445772454cbddf0cac1	11_一次関数Bライン補習解答例	143	20
9529fbba677729d3206b3b9073d1e9ca	30_２年数学「二次方程式」週末課題No.30	234	20
aab3238922bcc25a6f606eb525ffdc56	01 PETER RABBIT_1	54	1
57aeee35c98205091e18d1140e9f38cf	数学広場3年_学びをいかそう	7	2
dc0c398086fee58f9d64e1e47aa4e586	[新課程版サクシード数III]第4章 微分法の応用	454	6
02180771a9b609a26dcea07f272e141f	14_１年数学「変化と対応」週末課題No.14解答例	286	25
26751be1181460baf78db8d5eb7aad39	解答[STEP中1]第3章 1次方程式	12	3
19f3cd308f1455b3fa09a282e0d496f4	春休み明けテスト模範解答	210	44
221	絵本	10	3
548	Lesson05	2	1
123	自己評価シート 2025 1-B	17	9
6b4e2b9376139fa09a68b94ec04dbe94	260224  ３年後期期末テスト(数Ｓ)　問題用紙	13	5
ac1dd209cbcc5e5d1c6e28598e8cbbe8	8章 標本調査とデータの活用（R7用 未来へひろがる数学3）	54	8
c46482dd5d39742f0bfd417b492d0e8e	1031平方根（循環小数）	1767	38
4be5a36cbaca8ab9d2066debfe4e65c1	【9】 2016年度　本試験　英語【筆記】 第４問　Ａ	2724	102
db9ad56c71619aeed9723314d1456037	24_１年数学「図形」週末課題No24解答例2	71	10
a7d8ae4569120b5bec12e7b6e9648b86	Nonsense Drolleries	460	11
6195f47dcff14b8f242aa333cdb2703e	08_2年1章Bラインテスト 解説	1085	67
89f03f7d02720160f1b04cf5b27f5ccb	250605 ３年前期中間テスト(数S)解答用紙	521	36
ae0909a324fb2530e205e52d40266418	R7 1年後期期末　定期テスト解答用紙	511	40
f21e255f89e0f258accbe4e984eef486	0829確率演習（確認問題）	379	21
ad61ab143223efbc24c7d2583be69251	（旧）改・未来へひろがる数学2	6610	41
e0f7a4d0ef9b84b83b693bbf3feb8e6e	0630図形の性質と証明（等積変形）解答例	283	21
1fb2a1c37b18aa4611c3949d6148d0f8	大人になれなかった弟たちに　本文_OCR済_20250707	3881	42
1625abb8e458a79765c62009235e9d5b	冬休み課題　その１（チャート数ⅠA）	609	27
b4df9f494056d51f86c7f1a89850c467	学年末3「桜の開花予想2026」	1694	37
73231e53eeef362c814c8522f5257286	研究大会②	10773	36
8ebda540cbcc4d7336496819a46a1b68	0501図形と相似「基本理解度チェック　解答用紙」	30	6
9a3d458322d70046f63dfd8b0153ece4	Punky Dunk and the Gold Fish	217	4
3b92d18aa7a6176dd37d372bc2f1eb71	0623三平方の定理「基本理解度チェック　解答用紙」	21	6
ad68473a64305626a27c32a5408552d7	25_１年数学「文字の式」週末課題No.25	59	12
5b168fdba5ee5ea262cc2d4c0b457697	【16】 2015年度　追試験　英語【筆記】 第５問	64	4
22c5a901070d1c2ad33e821d071ae97e	06_6章Bラインテスト 解説	697	46
edfbe1afcf9246bb0d40eb4d8027d90f	No.10(0627)解答	2	1
043c3d7e489c69b48737cc0c92d0f3a2	0523 図形の調べ方「証明練習１」	1680	39
8f121ce07d74717e0b1f21d122e04521	3章 二次方程式（R7用 未来へひろがる数学3）	1086	28
4ea6a546c19499318091a9df40a13181	[サクシード数Ⅱ]総合問題	72	1
a113c1ecd3cace2237256f4c712f61b5	Mother Stories from the New Testament	114	2
6cfe0e6127fa25df2a0ef2ae1067d915	[STEP中2]第4章 図形の性質と合同 学習のポイント	150	8
f976b57bb9dd27aa2e7e7df2825893a6	センター試験問題例	274	3
bdbca288fee7f92f2bfa9f7012727740	260224  ３年後期期末テスト(数Ｓ)　詳しい解説	66	8
3ce83f544dbe69bb4fb19211fc442c2f	【12冬】 2013年度　本試験　英語【筆記】 第６問	200	6
f7664060cc52bc6f3d620bcedc94a4b6	5章 図形と相似（R7用 未来へひろがる数学3）	21	5
641d77dd5271fca28764612a028d9c8e	解答[青チャート数III]第4章 微分法の応用	51	3
102f0bb6efb3a6128a3c750dd16729be	7/7_クイズ一括登録確認用（PDF_Moodle新規アカウント追加方法）	18	3
29530de21430b7540ec3f65135f7323c	青チャート数C 第2章 空間のベクトル (問＆解答)	3447	27
16a5cdae362b8d27a1d8f8c7b78b4330	数学広場3年_学びをふりかえろう	7	3
7f01c939761597f9b832694d4c381512	17_１年数学「平面図形」週末課題No.17解答例	224	31
da4fb5c6e93e74d3df8527599fa62642	サクセスコーチ英語３年【2025】_解答	2863	26
90f1f4972d133619a60c30f3559ec0c5	複数コース登録PDF_1章 5何を考えて決めますか～意思決定のプロセス～_OCR_フリガナ削除	2	1
15e122e839dfdaa7ce969536f94aecf6	演習問題①（解法４）	3	2
63cb524a9f51b7858733e1108bf556fa	1_データの傾向や特徴 解答	50	8
814a9c18f5abff398787c9cfcbf3d80c	250616 ３年6章Blineテスト　詳しい解説つき問題用紙	1250	38
2bc8ae25856bc2a6a1333d1331a3b7a6	解答[新課程版サクシード数Ⅱ]総合問題	38	2
c7635bfd99248a2cdef8249ef7bfbef4	Denslow\'s Three Bears	526	13
43cca4b3de2097b9558efefd0ecc3588	The Adventures of the Little Woman, Her Dog and the Pedlar	7	2
a7f592cef8b130a6967a90617db5681b	0911標本調査とデータの活用「導入課題」	197	15
5680522b8e2bb01943234bce7bf84534	On the Tree Top	474	19
8a1d694707eb0fefe65871369074926d	18_１年数学「平面図形」週末課題No.18解答例	339	28
4ca9764c98c203d7bc747cbce9d9174f	1210二次方程式「二次方程式の利用2」（整数・容積）解答例	479	59
ef4e3b775c934dada217712d76f3d51f	006_３年数学「相似」週末課題No.006	20	5
a9df2255ad642b923d95503b9a7958d8	2_式の加法・減法解答例	156	22
4de81d9105c85bca6e6e4666e6dd536a	3編 1章-1 衣服の役割	26	2
b5c01503041b70d41d80e3dbe31bbd8c	2025bookroll001 the great wall黄色マーカーを引こう	2	1
e250c59336b505ed411d455abaa30b4d	11/14_教材一覧表示確認用【複数ABC】サンプルPDF	34	3
f52378e14237225a6f6c7d802dc6abbd	250521 ３年5章Blineテスト　詳しい解説	1106	34
9cc138f8dc04cbf16240daa92d8d50e2	0514図形と相似「etime 三角形の面積比と線分比」	6177	39
705f2172834666788607efbfca35afb3	数学広場3年_力をつけよう	4	2
9b8619251a19057cff70779273e95aa6	0414 図形と相似「導入問題」	6271	42
e5522f7ac7cd76f19b396595c9c25b40	22_前期期末テスト数S 模範解答	272	45
87db7e7138edb20aec02bb8ca2281dd0	No.28(0130)解答	383	19
45	STEP中2	4	2
14	2025年度中学2年A組[数学]	3	1
7eb7eabbe9bd03c2fc99881d04da9cbd	サクシード数Ⅰ 第3章 2次関数 (問＆解答)	88	7
9ab0d88431732957a618d4a469a0d4c3	0520円の性質「基本理解度チェック　解答用紙」解答	8	3
cfcce0621b49c983991ead4c3d4d3b6b	1024A_1114BC 後期数Ｓ「06 等周問題」模範解答	269	15
d010396ca8abf6ead8cacc2c2f2f26c7	02_2章Bラインテスト模範解答 	200	26
eb76c035d5d0a2bd2a0d0834b93c9c26	R7_2年夏休みの演習課題_解答（A問題,一次関数）	23637	125
2838023a778dfaecdc212708f721b788	[STEP中3]第5章 相似 学習のポイント	122	9
e354fd90b2d5c777bfec87a352a18976	8/4解像度確認用 大人になれなかった弟たちに　本文_OCRなし元ファイル	65	2
de043a5e421240eb846da8effe472ff1	030_３年数学「難関入試問題に挑戦」週末課題No.030	274	22
c68c9c8258ea7d85472dd6fd0015f047	0922三平方の定理「テスト前演習」	2528	37
cab070d53bd0d200746fb852a922064a	[チャート式数C]第2章 空間のベクトル	152	1
728f206c2a01bf572b5940d7d9a8fa4c	2025年2年生前期中間テスト模範解答改訂版0611	333	26
7501e5d4da87ac39d782741cd794002d	Ring O\' Roses: A Nursery Rhyme Picture Book	216	5
ff2cc3b8c7caeaa068f2abbc234583f5	[サクシード数A]第1章 場合の数と確率	294	13
4ad13f04ef4373992c9d3046200aa350	08HW1022解答	3	1
6fab6e3aa34248ec1e34a4aeedecddc8	021_３年数学「難関入試問題に挑戦」週末課題No.021生徒解答	817	60
0e4f5cc9f4f3f7f1651a6b9f9214e5b1	Unit6 授業スライド	359	15
2a8a812400df8963b2e2ac0ed01b07b8	0630図形の性質と証明（等積変形）	1242	39
2ba3c4b9390cc43edb94e42144729d33	R7 No.19(1222)	4	1
6364d3f0f495b6ab9dcf8d3b5c6e0b01	テストPDF１	2	1
2d199f9abd28ea425d262558bde5cf22	31_２年数学「3学年共通課題」週末課題No.31	287	21
203	Lesson02	4	2
bca382c81484983f2d437f97d1e141f3	後期中間テスト振り返り　問題	13	7
82489c9737cc245530c7a6ebef3753ec	0512図形と相似「etime  外角の二等分線の定理」解答	44	7
46123e470d3226911c48df4e9867b9db	251223_チャレンジ問題_授業資料_解答	7	1
908c9a564a86426585b29f5335b619bc	03_前期期末数学解説	1529	84
208e43f0e45c4c78cafadb83d2888cb6	How Freckle Frog Made Herself Pretty	93	5
82c2559140b95ccda9c6ca4a8b981f1e	Oregon, the Picturesque	35	3
61b1fb3f59e28c67f3925f3c79be81a1	[STEP中3]第7章 三平方の定理 学習のポイント	261	12
cd0f74b5955dc87fd0605745c4b49ee8	R7_3年夏休みの基本課題	48179	132
c61fbef63df5ff317aecdc3670094472	ログパレテスト用_公開期間	13	2
b265ce60fe4c5384e622b09eb829b8df	0530円の性質「ヘロンの公式」	5	1
215	６章　円の性質	4	2
407	青チャート数Ｃ（新課程版）	3	1
117	演習プリント 2025 1-A	19	9
d880067f879409df09ac50ba315707aa	251128 ３年後期中間テスト(数S)模範解答	438	38
a8ef1979aeec2737ae3830ec543ed0df	36_２年数学「関数」週末課題No.36	639	29
2e0bff759d057e28460eaa5b2cb118e5	015_３年数学「三平方の定理」週末課題No.015生徒解答	54	7
c12d1f7cc7c4b41a125b5752d1238b03	251223_チャレンジ問題_授業資料	26	6
13384ffc9d8bdb21c53c6f72d46f7866	030_３年数学「難関入試問題に挑戦」週末課題No.030生徒解答	3424	98
0ce2ffd21fc958d9ef0ee9ba5336e357	The Little Mother Goose	207	8
cf67355a3333e6e143439161adc2d82e	【問題編】Sirius21国語発展Vol.3	3265	34
217f5e7754c92d28fc6835d42f43548d	030_３年数学「難関入試問題に挑戦」週末課題No.030	284	23
8b6a80c3cf2cbd5f967063618dc54f39	サクシード数 A 第2章 図形の性質 (問＆解答)	102	7
8b6dd7db9af49e67306feb59a8bdc52c	0516 図形の調べ方「角度演習1」	357	24
cd3bbc2d7ca1bbdc055acf58609e6c24	20251208_北海道ニセコ高等学校様_接続テスト	181	7
0b8aff0438617c055eb55f0ba5d226fa	0520円の性質「基本理解度チェック　解答用紙」解答	20	4
1f50893f80d6830d62765ffad7721742	[STEP中1]第2章 文字と式 学習のポイント	132	19
644	MES January	8	4
d77f00766fd3be3f2189c843a6af3fb2	解答[STEP中1]第4章 比例と反比例	17552	95
4079016d940210b4ae9ae7d41c4a2065	The Pied Piper of Hamelin	523	8
86a1793f65aeef4aeef4b479fc9b2bca	1110, 1113 No.22 1027 7MES	6	1
7a6a6127ff85640ec69691fb0f7cb1a2	No.25(0109)	36870	120
be6c7b094f88532b6c6b35bbcd525ee8	10_１年数学「方程式」週末課題No10	56	17
58d4d1e7b1e97b258c9ed0b37e02d087	0502図形と相似「etime  アーチを作る」	9177	42
211ed78fe91938b90f84a51944b08d5a	1024BC_29A後期数Ｓ「03 面積の最大値と最小値」 	7496	38
b085c4fa543afe32970749f5e2bcdc6a	【6冬】 2017年度　本試験　英語【筆記】 第５問	1380	66
652	第4章関数ｙ＝ax^2	3	2
250413d2982f1f83aa62a3a323cd2a87	12_１年数学「方程式」週末課題No.12	136	20
f550e0ba9e1c4e8bb4a5ed0ac23a952d	28_２年数学「二次方程式」週末課題No.28	169	20
44feb0096faa8326192570788b38c1d1	解答[青チャート数C]総合演習第1部	11	1
8613985ec49eb8f757ae6439e879bb2a	No.01(0416)タッチペン	7086	41
c1b70d965ca504aa751ddb62ad69c63f	No.17 1006, 07 7MES	4325	117
29c0c0ee223856f336d7ea8052057753	No.28(0130)	32975	115
05edf455cb266ccb3ea3ac2715f87326	ログパレテスト用_手書きが消えるかテスト_20251117	493	3
e820a45f1dfc7b95282d10b6087e11c0	0527 図形の調べ方（星形の角度ほか）	7	1
e8fd4a8a5bab2b3785d794ab51fef55c	サクシード数Ⅰ 第1章 数と式 (問＆解答)	225	10
ade55409d1224074754035a5a937d2e0	[サクシード数B]第1章 数列	1607	29
26	STEP中1	57	19
e3b0ab92511ce1f46960bed57f65f532	8_利用（速さ）解答例	267	39
7d571e5c15bad5ef8c4352ce7a1d9e78	No.29(1217)タッチペン	17136	74
0f28b5d49b3020afeecd95b4009adf4c	１正の数・負の数 自己評価シート	1081	26
07a9d3fed4c5ea6b17e80258dee231fa	R7夏休みの基本課題（中３）模範解答	7273	41
28d437661d95291767e7402dfe969962	解答[青チャート数III]第6章 積分法の応用	7	1
57c0531e13f40b91b3b0f1a30b529a1d	2025年2年生前期中間テスト模範解答改訂版0611	262	28
b2b7c555125ecacf4bb7678d9dc39a21	1208二次方程式「式の整理・置き換え他」解答例	679	63
12e086066892a311b752673a28583d3f	西京力1023模範解答	232	32
9f44e956e3a2b7b5598c625fcc802c36	0626三平方の定理「共通接線」	4242	38
4b21cf96d4cf612f239a6c322b10c8fe	14_１年数学「変化と対応」週末課題No.14	137	16
7288251b27c8f0e73f4d7f483b06a785	西京力テスト10月解答	27	6
54a367d629152b720749e187b3eaa11b	0514図形と相似「etime 三角形の面積比と線分比」解答	18	6
52d2752b150f9c35ccb6869cbf074e48	青チャート数C 第4章 式と曲線 (問＆解答)	316	11
5e4450dc93010bbeea7cd28eba296850	8_式の値・代入解答例 	109	15
142c65e00f4f7cf2e6c4c996e34005df	12_立方体の切り口①	40416	118
09c6c3783b4a70054da74f2538ed47c6	Little Bo-Peep: A Nursery Rhyme Picture Book	59	4
56c51a39a7c77d8084838cc920585bd0	5_A=B=C・置き換え	262	9
7e0a0209b929d097bd3e8ef30567a5c1	0918標本調査とデータの活用「黄金虫問題」	72	7
cc70903297fe1e25537ae50aea186306	Summer MES 08	1056	45
aa36c88c27650af3b9868b723ae15dfc	42_後期期末数S 模範解答	155	32
cd14821dab219ea06e2fd1a2df2e3582	2025 2年前期中間テスト模範解答	5	1
0307fec2cef6aec340b8426490977ef0	学年末1「テストに選ばれなかった問題たち」解答例	859	62
6b180037abbebea991d8b1232f8a8ca9	No.6(0530)	7615	40
f7696a9b362ac5a51c3dc8f098b73923	13_図形の性質と証明（確認テスト）	18	5
ef35613fc5fa4c4c512d552533f5e6f2	7_利用（代金の問題・割合の問題）解答例 	229	24
5f268dfb0fbef44de0f668a022707b86	250926 ３年前期期末テスト(数S)模範解答	386	38
ab2b41c63853f0a651ba9fbf502b0cd8	コース表示用テストPDF	33	8
1397386b7a1507535c59764a15ee0c98	016_３年数学「難関入試問題に挑戦」週末課題No.016生徒解答	914	57
a4613e8d72a61b3b69b32d040f89ad81	[青チャート数A]第1章 場合の数	128	4
ac5dab2e99eee9cf9ec672e383691302	2025 2年前期中間テスト模範解答	234	39
38913e1d6a7b94cb0f55994f679f5956	No.03(0430)タッチペン	3758	40
34306d99c63613fad5b2a140398c0420	[青チャート数C] 総合演習第2部	56	1
c2964caac096f26db222cb325aa267cb	1112平方根（無理数係数）解答例	336	52
d56b9fc4b0f1be8871f5e1c40c0067e7	11_一次関数Bライン解説	1107	26
acf666483bc8723fae7feda6f6a9cb7a	20260206後期数Ｓ「平成22年度入試」模範解答	82	17
1a68e5f4ade56ed1d4bf273e55510750	0708三平方の定理「いろいろな問題」模範解答	5	1
0c8ce55163055c4da50a81e0a273468c	0528円の性質「方べきの定理」解答	67	7
e3ea33961a7c5b1ec04d6c97aa3b5379	1111平方根（根号を含む計算）	452	35
81ca0262c82e712e50c580c032d99b60	Tales and Novels of J. de La Fontaine Complete	197	9
0b1ec366924b26fc98fa7b71a9c249cf	0620三平方の定理「３辺がわかる三角形の面積を求める」	6	2
5ac8bb8a7d745102a978c5f8ccdb61b8	夏明けテスト解答	157	27
08040837089cdf46631a10aca5258e16	12_図形の調べ方Bライン解答例	265	31
0314c9b108b8c39f1cf878ed93fdd5ae	No.26(0116)	36058	117
b98249b38337c5088bbc660d8f872d6a	1016A_21BC_後期数Ｓ「02 整数問題」模範解答	2	1
850af92f8d9903e7a4e0559a98ecc857	R7 No.８(0623)	14993	114
36ed197b3f31618fdbadb3df86f804bd	R7_NH2_補充リーディングワークシートこたえ1－5	303	24
2812e5cf6d8f21d69c91dddeefb792a7	The Song of Sixpence	26	1
383	第5章図形の性質と証明	3	2
3d2d8ccb37df977cb6d9da15b76c3f3a	R7 No.３ (0512)	6762	41
39dcaf7a053dc372fbc391d4e6b5d693	解答[STEP中1]第6章 空間図形	24614	102
fc76150735dde1d2d860aeb77ee2009e	251223_授業資料_解答	50	3
7553e94d39fd4649ff75386a83ed3789	R7 1年後期中間　定期テスト解答用紙	396	38
692f93be8c7a41525c0baf2076aecfb4	0515図形と相似「etime  平行四辺形の中の三角形」解答	18	5
ff4d5fbbafdf976cfdc032e3bde78de5	10_0428正の数・負の数(指数) 	9280	42
fb7b9ffa5462084c5f4e7e85a093e6d7	002_３年数学「相似」週末課題No.002	39	7
95192c98732387165bf8e396c0f2dad2	[STEP中2]第1章 式の計算	29046	130
2cd4e8a2ce081c3d7c32c3cde4312ef7	011_３年数学「三平方の定理」週末課題No.011	20	3
02ae6a786bbf135d3d223cbc0e770b6e	21_発展演習1,2模範解答	11	4
eb160de1de89d9058fcb0b968dbbbd68	サクセスコーチ英語３年【2025】_本冊	5253	26
58ae749f25eded36f486bc85feb3f0ab	rust_charm	2	1
4ae67a7dd7e491f8fb6f9ea0cf25dfdb	2025bookroll001 the great wall問題入り語注なし	1419	40
c22abfa379f38b5b0411bc11fa9bf92f	解答[STEP中2]第4章 図形の性質と合同	2489	22
bffc98347ee35b3ead06728d6f073c68	0527円の性質「内接円・外接円」解答	85	12
aff0a6a4521232970b2c1cf539ad0a19	08_2年数学週末課題「図形の調べ方」No.08	83	9
779efbd24d5a7e37ce8dc93e7c04d572	解答[青チャート数Ⅱ]第4章 三角関数	727	15
a588a6199feff5ba48402883d9b72700	11_前期中間テスト数学 模範解答	91	17
0004d0b59e19461ff126e3a08a814c33	8_方程式の利用（割合）	789	41
5b69b9cb83065d403869739ae7f0995e	0425図形と相似「中点連結定理」解答	276	20
dc727151e5d55dde1e950767cf861ca5	R7 後期中間テスト解答例	537	39
7e3b7a5bafcb0fa8e8dfe3ea6aca9186	R7 No.10(0707)	6090	36
8db9264228dc48fbf47535e888c02ae0	コース表示用テストPDF_BR	5	1
39e4973ba3321b80f37d9b55f63ed8b8	The Farmer\'s Boy	955	24
8d8818c8e140c64c743113f563cf750f	解答[STEP中2]第1章 式の計算	15682	122
dbe272bab69f8e13f14b405e038deb64	0421_一次関数「一直線上の３点 ・変域から値を求める」解答例	130	14
6048ff4e8cb07aa60b6777b6f7384d52	0710三平方の定理「中線定理」	140	13
1d49780520898fe37f0cd6b41c5311bf	解答[青チャート数Ⅰ]総合演習第1部	71	3
fe7ee8fc1959cc7214fa21c4840dff0a	0515図形と相似「etime  平行四辺形の中の三角形」解答	10	3
be53d253d6bc3258a8160556dda3e9b2	R7 2年西京力テスト6月解答例	186	38
d68a18275455ae3eaa2c291eebb46e6d	[STEP中2]第6章 データの活用	1473	39
7fa732b517cbed14a48843d74526c11a	0526 図形の調べ方「証明練習２」	6	1
b035d6563a2adac9f822940c145263ce	No.37(0211)タッチペン	17278	79
361440528766bbaaaa1901845cf4152b	解答[青チャート数Ⅰ]第5章 データの分析	59	4
ccb421d5f36c5a412816d494b15ca9f6	3_代表値	91	16
92f54963fc39a9d87c2253186808ea61	1年生サマサテ課題(模範解答)	124	12
a869ccbcbd9568808b8497e28275c7c8	0630 三平方の定理「折り返し・移動」	563	21
101951fe7ebe7bd8c77d14f75746b4bc	ELEMENT Lesson8 Scene1	16	1
04ad5632029cbfbed8e136e5f6f7ddfa	R7 No.９(0630)	3325	36
a8aa681aaa4588a8dbd3b42b26d59a1a	[サクシード数Ⅰ]第4章 図形と計量	4149	27
584b98aac2dddf59ee2cf19ca4ccb75e	08_１年数学「文字と式」週末課題No.8解答例	152	11
e8c0653fea13f91bf3c48159f7c24f78	10_0428正の数・負の数(指数) 	7085	43
e069ea4c9c233d36ff9c7f329bc08ff1	13_不等式を解く 解説	778	34
e655c7716a4b3ea67f48c6322fc42ed6	01_1章Bラインテスト解説	146	15
13f320e7b5ead1024ac95c3b208610db	【問題編】Sirius21国語発展Vol.2	1018	18
f3a3a63a79eb1831b0a2776bfd20d838	1219後期数Ｓ「二次関数（復習）」模範解答	124	8
06997f04a7db92466a2baa6ebc8b872d	No.9(0620)解答	2	1
a0872cc5b5ca4cc25076f3d868e1bdf8	The Tale of Mr. Jeremy Fisher	81	5
43	問題集2-C[数学]	5	3
280	サクシード数Ａ（新課程版）	3	2
2ba8698b79439589fdd2b0f7218d8b07	The Frog Prince and Other Stories	152	7
0234c510bc6d908b28c70ff313743079	Ans002 New Zealand	89	16
1706f191d760c78dfcec5012e43b6714	15_１年数学「方程式」週末課題No.15解答例	505	33
d210cf373cf002a04ec72ee395f66306	015_３年数学「三平方の定理」週末課題No.015生徒解答	106	9
649a066d415bdda4ce2a7088292645e0	形容詞・副詞・名詞比較級単語などなど穴埋本文から2025 1117	207	4
dc20d1211f3e7a99d775b26052e0163e	[青チャート数Ⅱ]第2章 複素数と方程式	701	10
4e0223a87610176ef0d24ef6d2dcde3a	No.1_2018年度　本試験　英語【筆記】 第４問　Ａ	279	6
38651c4450f87348fcbe1f992746a954	Lesson4 Writing Practice2	2253	48
4311359ed4969e8401880e3c1836fbe1	[STEP中2]第4章 図形の性質と合同	1597	19
2192890582189ff58ddbb2b79900f246	10_係数と解・2元1次の整数解	313	21
7cbbc409ec990f19c78c75bd1e06f215	（旧）改・未来へひろがる数学3	1324	24
cb12d7f933e7d102c52231bf62b8a678	No.17 0930 7MES	8	1
ab1a4d0dd4d48a2ba1077c4494791306	The Moving Picture Girls at Sea	93	5
b23f52202479e957b9bada847c1175d7	1008 式の展開と因数分解「因数分解演習②」解答	368	34
9ddb9dd5d8aee9a76bf217a2a3c54833	1006後期数Ｓ「01 平方完成」模範解答	140	13
33ceb07bf4eeb3da587e268d663aba1a	Stories Pictures Tell. Book 3	42	5
786	春季課題	7	7
b4a721cfb62f5d19ec61575114d8a2d1	2025 0912BookRoll Reading03+04問題	11	1
fa612be4940bae15b019b36f9282c5ab	2_相対度数 解答	62	15
8cbd005a556ccd4211ce43f309bc0eac	MES01	46	1
6a4cbdaedcbda0fa8ddc7ea32073c475	14_2年数学週末課題「図形の性質と証明」No.14	80	12
db85e2590b6109813dafa101ceb2faeb	0428図形と相似「相似比と面積比・表面積比・体積比」解答	102	8
d0bb8259d8fe3c7df4554dab9d7da3c9	解答[サクシード数B]総合問題	66	5
20f07591c6fcb220ffe637cda29bb3f6	2章 平方根（R7用 未来へひろがる数学3）	2148	27
2596a54cdbb555cfd09cd5d991da0f55	サクシード数Ⅰ 第2章 集合と命題 (問＆解答)	7	2
192fc044e74dffea144f9ac5dc9f3395	0430_1次関数「直線で囲まれた三角形の面積・面積を二等分する直線の式」解答例	110	10
1cdf14d1e3699d61d237cf76ce1c2dca	【20冬】 2014年度　追試験　英語【筆記】 第５問	108	5
d1f255a373a3cef72e03aa9d980c7eca	0430_1次関数「直線で囲まれた三角形の面積・面積を二等分する直線の式」	1357	41
7eacb532570ff6858afd2723755ff790	0428_一次関数の利用「動点問題」	675	34
a11f9e533f28593768ebf87075ab34f2	012_３年数学「三平方の定理」週末課題No.012	19	6
fc4ddc15f9f4b4b06ef7844d6bb53abf	0616図形の性質と証明（直角三角形の合同2）解答例	323	23
757f843a169cc678064d9530d12a1881	BRadmin解答[STEP中1]第3章 1次方程式	49	3
316	問題集2-12[数学]理発展	4	2
c0a62e133894cdce435bcb4a5df1db2d	Unit 10 Bline（模範解答）	64	12
7d2be41b1bde6ff8fe45150c37488ebb	演習問題①（解法４）	315	2
390e982518a50e280d8e2b535462ec1f	中3理科 徹底演習テキスト	10794	96
77340c2e00e9e6ad1b2784dad06291ea	ELEMENT Lesson8 Scene2	2	1
92fde850d824c2ba9b563cb6fa4078c3	26_１年数学「式の計算・連立方程式」週末課題No.26解答例	2	1
0768281a05da9f27df178b5c39a51263	0527円の性質「内接円・外接円」	43	2
12311d05c9aa67765703984239511212	解答[新課程版サクシード数Ⅱ]第4章 三角関数	7708	68
06fe1c234519f6812fc4c1baae25d6af	Summer MES 09	995	45
5f6371c9126149517d9ba475def53139	大人になれなかった弟たちに	35	4
b5dc4e5d9b495d0196f61d45b26ef33e	0501_１次関数「グラフの読み取り」解答例	133	10
6de4bfe9504589a457d6e92fae4f9613	09_後期期末数学解説	3282	102
a50abba8132a77191791390c3eb19fe7	Uncle Remus and Brer Rabbit	64	6
806fec5af7f5b48b8a31a003e171f3fb	0704三平方の定理「正三角柱・円錐に内接する球・辺接する球」	377	20
ba304f3809ed31d0ad97b5a2b5df2a39	06_6章Bラインテスト	185	19
352fe25daf686bdb4edca223c921acea	No.2(0425)	7874	42
2ca65f58e35d9ad45bf7f3ae5cfd08f1	No.10(0627)	2	1
2d3acd3e240c61820625fff66a19938f	R7 No.９(0630)	3681	39
bd3ef5c19067fe179f71c8b86ea4b39b	【18冬】 2014年度　本試験　英語【筆記】 第５問	118	6
653ac11ca60b3e021a8c609c7198acfc	0630図形の性質と証明（等積変形）解答例	161	18
a58149d355f02887dfbe55ebb2b64ba3	Stories Pictures Tell. Book 1	112	6
d947bf06a885db0d477d707121934ff8	5章 図形と相似（R7用 未来へひろがる数学3）	50	7
36a16a2505369e0c922b6ea7a23a56d2	A Frog He Would A-Wooing Go	2834	55
716e1b8c6cd17b771da77391355749f3	0703三平方の定理「正四面体の内接球・外接球」	2107	39
e53a0a2978c28872a4505bdb51db06dc	The Child\'s Picture Book	127	5
e2c420d928d4bf8ce0ff2ec19b371514	（旧）改・未来へひろがる数学3_入試問題	32	5
f47d0ad31c4c49061b9e505593e3db98	06_2年数学週末課題「一次関数図形」No.06	186	18
3f53d7190148675e3cd472fc826828c5	013_３年数学「三平方の定理」週末課題No.013	17	5
d9fc0cdb67638d50f411432d0d41d0ba	1衣服の役割_OCR済_20250711	63	7
7221e5c8ec6b08ef6d3f9ff3ce6eb1d1	1015 式の展開と因数分解「式の計算の利用」解答例	1555	90
7cf64379eb6f29a4d25c4b6a2df713e4	MES01	177	22
81c8727c62e800be708dbf37c4695dff	0529 ５章・６章テスト勉強用	452	17
e8f2779682fd11fa2067beffc27a9192	10_比例.反比例の利用解答例（格子点、平行四辺形となる点、変域から式を求める）	218	31
299fb2142d7de959380f91c01c3a293c	11_1章Bラインテスト模範解答	37	7
453	青チャート数Ａ（新課程版）	1	1
241	2025年度中学1年[MES]	6	2
143	数学広場1-C	3	2
dc6a70712a252123c40d2adba6a11d84	0507_１次関数「回転体の体積」解答例	150	18
944626adf9e3b76a3919b50dc0b080a4	0616図形の性質と証明（直角三角形の合同2）	4019	42
995e1fda4a2b5f55ef0df50868bf2a8f	250408 ３年春休み明けテスト　模範解答	2	1
d14220ee66aeec73c49038385428ec4c	15_正の数負の数(魔方陣・部分分数分解)	3458	42
ccb0989662211f61edae2e26d58ea92f	No.11(0704)解答	3	1
b197ffdef2ddc3308584dce7afa3661b	0527円の性質「内接円・外接円」	1255	18
d4dd111a4fd973394238aca5c05bebe3	0702 三平方の定理「円柱に内接する球」	397	20
d3f5d4de09ea19461dab00590df91e4f	1222二次方程式「二次方程式の利用10」（４次方程式）	641	35
a376033f78e144f494bfc743c0be3330	R7_中３夏休みの基本課題（解答）	7	2
63f44623dd8686aba388944c8810087f	解答[青チャート数Ⅱ]第5章 指数関数と対数関数	398	15
e0126439e08ddfbdf4faa952dc910590	研究大会①	13529	36
7f7c351ee977c765aa8cd5c7020bc38f	[青チャート数Ⅰ]総合演習第2部	101	4
0eec27c419d0fe24e53c90338cdc8bc6	Come Lasses and Lads	402	11
155	2025年度高校2年567組[数学]	2	1
f69041d874533096748e2d77480c1fea	28_１年数学「式の値・連立方程式」自宅学習課題No.28 	901	24
a0160709701140704575d499c997b6ca	An Entertaining History of Tom Thumb	244	8
f3e52c300b822a8123e7ace55fe15c08	08_１年数学「文字と式」週末課題No.8解答例	141	11
52d080a3e172c33fd6886a37e7288491	11_前期中間テスト数学	1312	20
88855547570f7ff053fff7c54e5148cc	R7_NH2_補充リーディングワークシート自習課題５０分用16-20	24	2
e546594ad40b116388b50d48c6955f2b	0129二次関数5「回転体の体積・二等分する直線」解答例	918	75
9d684c589d67031a627ad33d59db65e5	Unit5 Bline解答	64	15
5a5eab21ca2a8fef4af5e35709ecca15	1212二次方程式「二次方程式の利用4」（各種方程式）	862	36
7dc1c7653ac42a05642a667959c12239	0627 三平方の定理「円の性質」	4225	37
cbef46321026d8404bc3216d4774c8a9	01_前期中間数学再	153	29
b2330fc4531de135266de49078c270dd	08_2年1章Bラインテスト 模範解答	110	25
285a25c17f351708754cdb6d56f3962e	1024A_1114BC 後期数Ｓ「06 等周問題」模範解答	162	13
f9fd2624beefbc7808e4e405d73f57ab	17_2年数学週末課題「箱ひげ図」No.17	59	6
a941493eeea57ede8214fd77d41806bc	12_前期中間テスト数S 模範解答	112	18
cd63a3eec3319fd9c84c942a08316e00	0613図形の性質と証明（直角三角形の合同1）	2869	37
540ae6b0f6ac6e155062f3dd4f0b2b01	0527図形の調べ方「角度演習２」	7194	34
f3b7e5d3eb074cde5b76e26bc0fb5776	夏休み明けテスト復習問題_answer	13	2
2de5d16682c3c35007e4e92982f1a2ba	The Entertaining History of Jobson & Nell	19	2
7a53928fa4dd31e82c6ef826f341daec	03_１年数学「正負の数」週末課題0502解答例	167	13
ec47a5de1ebd60f559fee4afd739d59b	No.17 0930 7MES	8	1
56db57b4db0a6fcb7f9e0c0b504f6472	1203特別講座(最大公約数) 	50	18
d77e68596c15c53c2a33ad143739902d	1024BC_29A後期数Ｓ「03 面積の最大値と最小値」 	7946	38
e555ebe0ce426f7f9b2bef0706315e0c	0507_08 メネラウスの定理・チェバの定理	85	11
42c8938e4cf5777700700e642dc2a8cd	23_１年数学「空間図形」週末課題No.23解答例	71	9
82	週末課題	4	2
20	2025年度中学1年C組[英語]	1	1
71	教科書2-C[数学]	20	9
30aaf34d6afd4b11cc3b3ac4704c7908	コース表示用テストPDF_BR	14	2
05a5cf06982ba7892ed2a6d38fe832d6	[STEP中3]1,2年の復習	575	16
194cf6c2de8e00c05fcf16c498adc7bf	011_３年数学「三平方の定理」週末課題No.011	20	4
4aecfbe5d21e3f7912bf8eb29124423a	ELEMENTI L4 S3	2715	46
040a99f23e8960763e680041c601acab	西京2014フロスト解答例	116	19
4a5876b450b45371f6cfe5047ac8cd45	0910箱ひげ図演習（入試問題より）解答例	299	16
d67d8ab4f4c10bf22aa353e27879133c	[STEP中1]算数の復習	1064	34
45cef8e5b9570959bd9feaacae2bf38d	13WH1128解答	24	5
b1f62fa99de9f27a048344d55c5ef7a6	No.18(1001)タッチペン	34129	111
c0f971d8cd24364f2029fcb9ac7b71f5	No.17(1024)	27629	117
dc5c768b5dc76a084531934b34601977	11_テスト前トレーニング2 解答	613	26
07cb5f86508f146774a2fac4373a8e50	250616 ３年6章Blineテスト　解答用紙	445	40
37f0e884fbad9667e38940169d0a3c95	【解答編】Sirius21国語発展Vol.2	8735	35
6d70cb65d15211726dcce4c0e971e21c	11_1章Bラインテスト	313	10
f93882cbd8fc7fb794c1011d63be6fb6	The Tale of Jimmy Rabbit	231	13
298	青チャート数Ｂ（新課程版）	2	1
2cb6b10338a7fc4117a80da24b582060	250605 ３年前期中間テスト(数S)問題用紙	448	29
b432f34c5a997c8e7c806a895ecc5e25	新課程版サクシード数Ⅱ 第3章 図形と方程式 (問＆解答)	265	9
643de7cf7ba769c7466ccbc4adfd7fac	022_３年数学「難関入試問題に挑戦」週末課題No.022	127	13
966b6dfb6b0819cc10644bea3115cf20	演習問題②（解法３）	3	2
f85454e8279be180185cac7d243c5eb3	0501_１次関数「グラフの読み取り」	2457	41
7f39f8317fbdb1988ef4c628eba02591	[STEP中1]第1章 正の数と負の数	24434	45
69f357fcc8e6d119f3d95f33cedb5915	1119, 1120 7MES	4340	115
f0e52b27a7a5d6a1a87373dffa53dbe5	0430図形と相似「相似の利用」解答	159	6
f15eda31a2da646eea513b0f81a5414d	15_2年数学週末課題「場合の数と確率」No.15	64	11
452bf208bf901322968557227b8f6efe	008_３年数学「円の性質」週末課題No.008模範解答	104	14
47d1e990583c9c67424d369f3414728e	No.1(0418)解答	20	5
b837305e43f7e535a1506fc263eee3ed	2年２章 問題集 (STEP)チェックシート 	60	22
33267e5dc58fad346e92471c43fcccdc	解答[サクシード数A]総合問題	23	5
cdc0d6e63aa8e41c89689f54970bb35f	0502_１次関数「直線と図形に関する問題」「線分と交わる直線の傾き」	3444	37
5421e013565f7f1afa0cfe8ad87a99ab	1107展開因数分解演習解答例	213	34
7cce53cf90577442771720a370c3c723	05_１年数学「正負の数」週末課題No.5	28	9
dea9ddb25cbf2352cf4dec30222a02a5	青チャート数Ⅱ 第3章 図形と方程式 (問＆解答)	96	5
e2065cb56f5533494522c46a72f1dfb0	演習問題①（解法３）	500	2
c30fb4dc55d801fc7473840b5b161dfa	R7夏休みの演習課題（中３）模範解答	11073	40
49c0fa7f96aa0a5fb95c62909d5190a6	R7 No.16(1201)	9259	36
7949e456002b28988d38185bd30e77fd	99_宮部教頭先生特別課題	964	28
679d8bbd776e0bbf3b044306c5be94ae	4_四則混合・展開 解答例	63	11
3435c378bb76d4357324dd7e69f3cd18	【解答編】Sirius21国語発展Vol.2	5050	28
f6b5f8c32c65fee991049a55dc97d1ce	05_前期期末数学Sテスト解答例	330	34
b7bb35b9c6ca2aee2df08cf09d7016c2	0515図形と相似「etime  平行四辺形の中の三角形」	5323	40
3f67fd97162d20e6fe27748b5b372509	Tame Animals	233	7
b8af7d0fbf094517781e0382102d7b27	250929 ３年前期期末テスト(数学)　削除した１問	767	10
275	サクシード数Ａ（新課程版）	2	1
467	MES July	4	2
4e2ecebbfafe27a7c00e0462fad0873a	R7 No.24(0309)解説	490	30
cfecdb276f634854f3ef915e2e980c31	6章 場合の数と確率（R7用 未来へひろがる数学2）	216	13
8232e119d8f59aa83050a741631803a6	09_１年数学「文字の式」週末課題No.9	82	23
98cac9d33aad44bb31800130e8c50b5f	R7 No.17(1208)	11171	38
27d8d40b22f812a1ba6c26f8ef7df480	0209二次関数12「放物線と三角形の習熟を図る」	2932	108
277a78fc05c8864a170e9a56ceeabc4c	[STEP中1]第4章 比例と反比例	33829	109
471	夏季休業	14	6
773	学年末演習	1	1
35051070e572e47d2c26c241ab88307f	テスト	8	1
b5a1d925221b37e2e399f7b319038ba0	ELEMENT U6 Scene12	1770	39
fed33392d3a48aa149a87a38b875ba4a	8_利用（周の長さ・薬師算）	1744	38
8c8a58fa97c205ff222de3685497742c	新課程版サクシード数Ⅱ 総合問題 (問＆解答)	63	3
eaa32c96f620053cf442ad32258076b9	0526解答例 図形の調べ方「証明練習２」	103	18
74306eef5860833e2e47ff169a73b45b	【2冬】 2018年度　本試験　英語【筆記】 第６問	2886	106
db6ebd0566994d14a1767f14eb6fba81	0527図形の調べ方「角度演習２」	1664	32
04df4d434d481c5bb723be1b6df1ee65	青チャート数Ⅱ 総合演習第1部 (問＆解答)	85	3
86ecfcbc1e9f1ae5ee2d71910877da36	【4】 2018年度　追試験　英語【筆記】 第５問	3132	108
1b69ebedb522700034547abc5652ffac	08_R7冬休み明けテスト解答	126	17
1cc3633c579a90cfdd895e64021e2163	0526 図形の調べ方「証明練習２」	9	1
46031b3d04dc90994ca317a7c55c4289	01_前期中間数学	222	12
0070d23b06b1486a538c0eaa45dd167a	0620図形の性質と証明（平行四辺形 角度ほか）	3653	40
24e27b869b66e9e62724bd7725d5d9c1	0710三平方の定理「中線定理」	97	11
149ef6419512be56a93169cd5e6fa8fd	material	13	1
17f98ddf040204eda0af36a108cbdea4	Summer MES 06	2	1
8e68c3c7bf14ad0bcaba52babfa470bd	Summer MES 10	1423	61
632	冬季休業	8	5
38	2025年度中学2年B組[数学]	4	2
69	教科書2-A[数学]	20	7
619205da514e83f869515c782a328d3c	R7 2年西京力テスト6月解答例	131	34
3de568f8597b94bda53149c7d7f5958c	0630 三平方の定理「折り返し・移動」模範解答	123	14
eb06b9db06012a7a4179b8f3cb5384d3	R7 2年夏休み課題テスト解答用紙0826模範	6	1
b166b57d195370cd41f80dd29ed523d9	0626三平方の定理「共通接線」模範解答	14	3
602d1305678a8d5fdb372271e980da6a	No.10(0704)	9475	38
63923f49e5241343aa7acb6a06a751e7	4章 関数y=ax2（R7用 未来へひろがる数学3）	3241	38
c0e90532fb42ac6de18e25e95db73047	【19】 2014年度　追試験　英語【筆記】 第４問　Ａ	78	4
4a06d868d044c50af0cf9bc82d2fc19f	7/7 解像度 OCR確認_大人になれなかった弟たちに　本文	48	2
e93028bdc1aacdfb3687181f2031765d	03_前期期末数学解答例	85	19
ad4cc1fb9b068faecfb70914acc63395	新課程版サクシード数C 第4章 式と曲線 (問＆解答)	3508	29
c182f930a06317057d31c73bb2fedd4f	0630 三平方の定理「折り返し・移動」	3287	38
b60c5ab647a27045b462934977ccad9a	02_2章Bラインテスト模範解答 	222	25
dc40b7120e77741d191c0d2b82cea7be	2025 2年前期中間テスト模範解答	4	1
734e6bfcd358e25ac1db0a4241b95651	2015再生可能エネルギー訳例2025 1106	10	3
526	８章　標本調査とデータの活用	4	2
697e382cfd25b07a3e62275d3ee132b3	青チャート数III 総合演習第2部 (問＆解答)	29	2
5103c3584b063c431bd1268e9b5e76fb	新課程版サクシード数B 第1章 数列 (問＆解答)	6625	49
c5f5c23be1b71adb51ea9dc8e9d444a8	研究大会①（別解２）	4371	22
766d856ef1a6b02f93d894415e6bfa0e	No.6(0530)解答	225	16
30a0b73609456022ae729282fd9753d4	R7 No.15(1117)	10621	39
f34185c4ca5d58e781d4f14173d41e5d	20251208_北海道ニセコ高等学校様_接続テスト	59	3
e49b8b4053df9505e1f48c3a701c0682	No.7(0530)	2	1
d7aab42e6b85c49c0f1d3a115e939c74	10WH1031解答	18	5
8fb134f258b1f7865a6ab2d935a897c9	1222二次方程式「二次方程式の利用10」（４次方程式）	2532	40
06d5ae105ea1bea4d800bc96491876e9	0624三平方の定理「複数の円の関係」模範解答	376	19
111	５章　図形と相似	4	2
5eac43aceba42c8757b54003a58277b5	The Collector	170	11
3a0844cee4fcf57de0c71e9ad3035478	0902三平方の定理「正四面体と円柱」	4287	38
77369e37b2aa1404f416275183ab055f	青チャート数Ⅱ 第4章 三角関数 (問＆解答)	65	2
ce47be4abd80ac324c645fd57a27fc73	1024A_1114BC 後期数Ｓ「06 等周問題5」 	21978	115
0efbe98067c6c73dba1250d2beaa81f9	[STEP中1]第3章 1次方程式 学習のポイント	1068	73
03e7d2ebec1e820ac34d054df7e68f48	T_コース表示用テストPDF	2	2
46a558d97954d0692411c861cf78ef79	0630 三平方の定理「折り返し・移動」模範解答	146	14
be93cca187e923aabc702667ba5f0d06	26_１年数学「式の計算・連立方程式」週末課題N026解答例	30	8
7f278ad602c7f47aa76d1bfc90f20263	7_三角数と四角数	2305	85
db5cea26ca37aa09e5365f3e7f5dd9eb	[青チャート数Ⅱ]第3章 図形と方程式	644	17
26408ffa703a72e8ac0117e74ad46f33	12_0501正の数・負の数(四則計算基礎演習）解答	372	36
7d97667a3e056acab9aaf653807b4a03	1223二次方程式「二次方程式の利用11」（関数）	2	1
1534b76d325a8f591b52d302e7181331	4章 図形の調べ方（R7用 未来へひろがる数学2）	777	15
d58072be2820e8682c0a27c0518e805e	15_正の数負の数(魔方陣・部分分数分解)解答例	61	12
c6bff625bdb0393992c9d4db0c6bbe45	Aunt Friendly\'s Picture Book	166	9
0b5e29aa1acf8bdc5d8935d7036fa4f5	学年末4「包絡線」 	1005	38
107	５章　図形と相似	22	6
7f6ffaa6bb0b408017b62254211691b5	サクセスコーチ英語２年【2025】_解答	5434	39
68148596109e38cf9367d27875e185be	08_１年数学「文字と式」週末課題No.8	13	5
02bf86214e264535e3412283e817deaa	Unit 8 模範解答	60	10
2b346a0aa375a07f5a90a344a61416c4	1201, 1202  No.26 7MES	4573	119
65f2a94c8c2d56d5b43a1a3d9d811102	夏休み明けテスト模範解答 (0826)	654	34
d7a84628c025d30f7b2c52c958767e76	[STEP中3]学年末問題	257	9
f29b38f160f87ae86df31cee1982066f	The Tale of Mrs. Tiggy-Winkle	150	5
4ee78d4122ef8503fe01cdad3e9ea4ee	No.32 0108 7MES	6881	121
be3159ad04564bfb90db9e32851ebf9c	0428_一次関数の利用「動点問題」解答例	60	16
7f018eb7b301a66658931cb8a93fd6e8	250918 ３年8章Blineテスト　模範解答	76	16
7af6266cc52234b5aa339b16695f7fc4	BRAdminコース表示用テストPDF	9	3
357a6fdf7642bf815a88822c447d9dc4	02_2年数学週末課題「関数」No.0２	171	17
3806734b256c27e41ec2c6bffa26d9e7	0528円の性質「方べきの定理」	3925	37
831caa1b600f852b7844499430ecac17	0717(解答)確率演習（座標平面上 辺上を動く点）	88	14
b8b9c74ac526fffbeb2d39ab038d1cd7	250918 ３年8章Blineテスト　問題用紙	107	6
6d9c547cf146054a5a720606a7694467	No.7(0613)	9201	42
cba0a4ee5ccd02fda0fe3f9a3e7b89fe	1219二次方程式「二次方程式の利用9」（連立二元二次方程式）	1229	38
344	サクシード数Ⅱ（新課程版）	2	1
654	第4章関数ｙ＝ax^2	6	3
17b3c7061788dbe82de5abe9f6fe22b3	【17】 2014年度　本試験　英語【筆記】 第４問　Ａ	57	4
5812f92450ccaf17275500841c70924a	6章(STEP)チェックシート 	151	37
4110a1994471c595f7583ef1b74ba4cb	R7 1年前期期末　定期テスト解答用紙	261	29
2f2b265625d76a6704b08093c652fd79	0418 図形と相似「平行線と比」解答	112	10
44ac09ac6a149136a4102ee4b4103ae6	250908 ３年7章Blineテスト　模範解答	284	35
b44afe91b8a427a6be2078cc89bd6f9b	解答[青チャート数Ⅱ]第2章 複素数と方程式	345	15
17e23e50bedc63b4095e3d8204ce063b	02_2章Bラインテスト	1998	24
b9228e0962a78b84f3d5d92f4faa000b	03_１年数学「正負の数」週末課題	98	17
83adc9225e4deb67d7ce42d58fe5157c	A Bit of Sunshine	62	5
b4fd1d2cb085390fbbadae65e07876a7	No.18(1031) 解答空間図形	68	17
50905d7b2216bfeccb5b41016357176b	The Tale of Squirrel Nutkin	576	5
aec851e565646f6835e915293381e20a	冬休み課題　その１（チャート数ⅠA）	594	29
1d8d70dddf147d2d92a634817f01b239	37_２年数学「関数」週末課題No.37	39	8
540	後期　数Ｓ	2	2
db209d71df52e8a3595972ef488b636a	R7 後期期末テスト解答用紙 解答例	436	37
6f2268bd1d3d3ebaabb04d6b5d099425	No.10(0627)解答	5	1
2f37d10131f2a483a8dd005b3d14b0d9	12_0501正の数・負の数(四則計算基礎演習）解答	501	40
1f3202d820180a39f736f20fce790de8	0526解答例 図形の調べ方「証明練習２」	63	13
3c7781a36bcd6cf08c11a970fbe0e2a6	0430_1次関数「直線で囲まれた三角形の面積・面積を二等分する直線の式」	3346	36
7fcc48d22804dbbe9b66b607d51389d4	19_１年数学「空間図形」週末課題No19解答例	405	33
b31df16a88ce00fed951f24b46e08649	0922 式の展開と因数分解「展開演習②」	7511	119
6c97cd07663b099253bc569fe8d342bb	R7 2年西京力テスト6月解答例	2	1
4fa7c62536118cc404dec4a0ca88d4f6	Unit2 授業スライド	1850	31
e94550c93cd70fe748e6982b3439ad3b	No.11(0704)解答	2	1
136f951362dab62e64eb8e841183c2a9	新課程版サクシード数C 第3章 複素数平面 (問＆解答)	75	7
6a5889bb0190d0211a991f47bb19a777	One Year Abroad	319	21
663772ea088360f95bac3dc7ffb841be	6_反比例のグラフ(基本)解答例	238	34
490640b43519c77281cb2f8471e61a71	0529 ５章・６章テスト勉強用　詳しい解説	985	19
a1d50185e7426cbb0acad1e6ca74b9aa	Little Black Sambo	3416	61
85	数S Wednesday	11	6
27	2025年度中学1年B組[数学]	7	4
94b5bde6de888ddf9cde6748ad2523d1	６空間図形自己評価シート	1161	58
91378b331327b40e564390c43cd6b2be	9_おうぎ形の計量 解答	729	29
500e75a036dc2d7d2fec5da1b71d36cc	0509_１次関数「前期中間過去問より」	2045	41
c44799b04a1c72e3c8593a53e8000c78	新課程版サクシード数Ⅱ 第1章 式と証明 (問＆解答)	1464	13
803ef56843860e4a48fc4cdb3065e8ce	6-2_R8公立前期	368	58
708f3cf8100d5e71834b1db77dfa15d6	[解答]中3理科 徹底演習テキスト	13383	96
201e5bacd665709851b77148e225b332	[青チャート数III] 総合演習第2部	58	1
a385d7d1e52d89d1a445faa37f5b5307	1113平方根「式の値・ガウス記号」解答例 	238	47
5b4a2146246bc3a3a941f32225bbb792	Group formation with AI - test session	270	16
a5e00132373a7031000fd987a3c9f87b	No.0(0417)解答	57	10
dfd7468ac613286cdbb40872c8ef3b06	The Tale of the Flopsy Bunnies	311	7
65f148c815a4ebfaf8eb150460ba94fc	260224  ３年後期期末テスト(数Ｓ)　詳しい解説	103	9
a57e8915461b83adefb011530b711704	17_2年数学週末課題「箱ひげ図」No.17	64	8
6c0958d82a830a02c0718147b1b565c1	11_立体の中を動く球　解答例	16	1
63ce12dcf1ede17589befd56bb5281a5	[新課程版サクシード数III]総合問題	14	1
300d1539c3b6aa1793b5678b857732cf	1016A_21BC_後期数Ｓ「02 整数問題」模範解答	209	12
84ddfb34126fc3a48ee38d7044e87276	[STEP中2]第2章 連立方程式 学習のポイント	575	43
c254e7753095807e1cca159e48eceb21	形容詞比較級22問巻末から　2025 1118	1	1
6add07cf50424b14fdf649da87843d01	15_正多面体 解答例	167	21
f670ef5d2d6bdf8f29450a970494dd64	250605 ３年前期中間テスト(数S)問題用紙	5	2
e37b08dd3015330dcbb5d6663667b8b8	解答[青チャート数Ⅱ]総合演習第1部	18	1
95f8d9901ca8878e291552f001f67692	R7_3年夏休みの予習課題	7368	117
3be0214185d6177a9aa6adea5a720b09	冬休み課題　その２（高校入試問題）模範解答	2783	36
3e195b0793297114c668f772c6e2d9ba	解答[新課程版サクシード数III]第4章 微分法の応用	628	9
4fc848051e4459b8a6afeb210c3664ec	R7 No.18(1215)	10129	38
8bf1211fd4b7b94528899de0a43b9fb3	0424_一次関数「連立方程式の解と2直線 3直線が三角形をつくらない」	2405	37
db2b4182156b2f1f817860ac9f409ad7	An Elegy on the Glory of Her Sex, Mrs. Mary Blaize	257	14
597	Lesson06(Haga)	1	1
385	第5章図形の性質と証明	2	1
f076073b2082f8741a9cd07b789c77a0	0919 式の展開と因数分解「展開演習①」	601	41
e22cb9d6bbb4c290a94e4fff4d68a831	解答[青チャート数Ⅱ]第3章 図形と方程式	1401	28
703957b6dd9e3a7980e040bee50ded65	1110, 1113 7MES	4506	119
9bab7341f4429f78ade492da0318aa42	09_後期期末数学解答例	161	28
64f1f27bf1b4ec22924fd0acb550c235	250606 ３年前期中間テスト(数学)解答用紙	688	38
f9b902fc3289af4dd08de5d1de54f68f	0421図形と相似「内角の二等分線」	5278	35
2bf7e9e8f3f3bce1ac5212f22414aa57	35_２年数学「関数」週末課題No.35	181	21
92bf5e6240737e0326ea59846a83e076	0910箱ひげ図演習（入試問題より）解答例	145	15
b24d516bb65a5a58079f0f3526c87c57	The Absurd ABC	237	7
b4affa4f6b27df047d63d66fe4ac5600	[青チャート数III]第1章 関数	65	1
1cecc7a77928ca8133fa24680a88d2f9	The Peacock \'At Home\' AND The Butterfly\'s Ball AND The Fancy Fair	55	5
abea47ba24142ed16b7d8fbf2c740e0d	More Nonsense	55	7
8b0dc65f996f98fd178a9defd0efa077	250521 ３年5章Blineテスト　詳しい解説	2	1
581	多読	4	2
cee8d6b7ce52554fd70354e37bbf44a2	解答[STEP中2]1年の復習	349	35
c70daf247944fe3add32218f914c75a6	The Wise Mamma Goose	269	12
fde9264cf376fffe2ee4ddf4a988880d	0430図形と相似「相似の利用」解答	27	7
aa2a77371374094fe9e0bc1de3f94ed9	[STEP中2]第5章 三角形と四角形 学習のポイント	705	34
3147da8ab4a0437c15ef51a5cc7f2dc4	0626三平方の定理「共通接線」模範解答	231	11
3335881e06d4d23091389226225e17c7	0122二次関数2「定義域・値域の習熟を図る」	1135	40
4e4b5fbbbb602b6d35bea8460aa8f8e5	ESP32-C3-DEVKIT-RUST-1	2	1
839ab46820b524afda05122893c2fe8e	解答[STEP中1]第1章 正の数と負の数	16528	40
e254457f7497c00fbb0d2bb4ac36487b	5_A=B=C・置き換え	513	33
98986c005e5def2da341b4e0627d4712	9_テスト前トレーニング2 解答	3	1
64a08e5f1e6c39faeb90108c430eb120	解答[青チャート数Ⅰ]第1章 数と式	1152	35
8ccfb1140664a5fa63177fb6e07352f0	29_１年数学「連立方程式」No.29解答例	242	25
3ef815416f775098fe977004015c6193	250408 ３年春休み明けテスト　問題用紙	290	16
a3d06db1f8c85b2837b4603a51834425	サマサテ夏までの復習編解答例	152	16
9d068c869fd3e03fc606ec297fcd00be	後期中間解答	101	17
7c220a2091c26a7f5e9f1cfb099511e3	11/14_教材一覧表示確認用【単独A】サンプルPDF	23	3
370	サクシード数Ｂ（新課程版）	1	1
562	Lesson05	2	1
660	7章演習プリント2025 1-C	3	2
109	５章　図形と相似	10	4
13b919438259814cd5be8cb45877d577	Unit7 授業スライド	1575	25
e74c0d42b4433905293aab661fcf8ddb	新課程版サクシード数Ⅱ 第6章 微分法と積分法 (問＆解答)	16741	77
c0d0e461de8d0024aebcb0a7c68836df	コース表示用テストPDF	87	23
71f6278d140af599e06ad9bf1ba03cb0	The Play-day Book: New Stories for Little Folks	53	1
c8758b517083196f05ac29810b924aca	解答[STEP中3]学年末問題	506	10
beda24c1e1b46055dff2c39c98fd6fc1	Unit 9 Bline（0203版）模範解答	222	26
3c7417b8df0daf23f39f445e740c7a43	No.30(0213)	15233	118
4d6e4749289c4ec58c0063a90deb3964	250602 New_Bookroll_Haga 	1282	19
c5b270a763686e776039618cc709f3a6	025_３年数学「難関入試問題に挑戦」週末課題No.025生徒解答	942	61
c563c2c394023a07d56ad6b3eb09537a	リスニングテストR7 1年後期中間	107	10
258e130476290221f597c56d351224b6	解答[新課程版サクシード数C]総合問題	20	1
77ec6f21c85b637cc42bb997841e11a6	20_発展演習1	2220	114
0530e22dea41e24a039563139cdc215e	R7 No.20(0126)	4696	36
ab8aa05e782481f55fc1412a97e7ac34	SNE_test_CPT-neko	2763	17
56e6a93212e4482d99c84a639d254b67	後期中間解答	366	37
8c01a75941549a705cf7275e41b21f0d	青チャート数A 第4章 数学と人間の活動 (問＆解答)	125	4
ae614c557843b1df326cb29c57225459	250606 ３年前期中間テスト(数学)詳しい解説つき問題用紙	1136	39
41a60377ba920919939d83326ebee5a1	0529_1円の性質「トレミーの定理」解答	81	11
9332c513ef44b682e9347822c2e457ac	解答[青チャート数III]第3章 微分法	69	3
e761813f83dfc86fa1c6e0da5510c3b8	ELEMENT U6 Scene34	2524	39
275d7fb2fd45098ad5c3ece2ed4a2824	解答[青チャート数B]総合演習第2部	36	1
2cbca44843a864533ec05b321ae1f9d1	Cecily Parsley\'s Nursery Rhymes	293	10
df6d2338b2b8fce1ec2f6dda0a630eb0	0516図形と相似「etime  補助線の利用（切断１）」解答	22	5
01882513d5fa7c329e940dda99b12147	11_一次関数Bライン	410	14
d464b5ac99e74462f321c06ccacc4bff	9_余りの問題解答例	170	14
8068fee5f49946b3a8f85b1007cd40bb	23_１年数学「空間図形」週末課題No.23	140	10
227	2025年度高校2年5-7組[数学]文系発展	1	1
62f91ce9b820a491ee78c108636db089	1008 式の展開と因数分解「因数分解演習①」	1351	37
46b2644cbdf489fac0e2d192212d206d	[サクシード数Ⅱ]第6章 微分法と積分法	920	29
a87ff679a2f3e71d9181a67b7542122c	ESP32-C3-DEVKIT-RUST-1	6	1
289dff07669d7a23de0ef88d2f7129e7	4章 関数y=ax2（R7用 未来へひろがる数学3）	5	2
5938b4d054136e5d59ada6ec9c295d7a	2025bookroll001 the great wall問題入り語注なし	2	1
c9f06bc7b46d0247a91c8fc665c13d0e	11_立体の中を動く球　解答例	425	51
43ec517d68b6edd3015b3edc9a11367b	250408 ３年春休み明けテスト　問題用紙	425	17
ecf5631507a8aedcae34cef231aa7348	08_2年1章Bラインテスト	247	21
a8badd37c221a3f19d9ad0ac2196849a	8_式の値・代入	2669	97
062ddb6c727310e76b6200b7c71f63b5	A Bit of Sunshine	9506	233
a9be4c2a4041cadbf9d61ae16dd1389e	Johnny Crow\'s Party	892	22
27b587bbe83aecf9a98c8fe6ab48cacc	【5冬】 2017年度　本試験　英語【筆記】 第４問　Ａ	1535	68
977b33ace8251dd9bee913e7ba56eebc	R7 後期期末テスト解答用紙 解答例	320	34
d5c186983b52c4551ee00f72316c6eaa	Saikyo_Niseko_homework	19	2
217c0e01c1828e7279051f1b6675745d	No.2_2018年度　本試験　英語【筆記】 第５問	12	2
ead81fe8cfe9fda9e4c2093e17e4d024	Unit6 授業スライド	292	15
a3048e47310d6efaa4b1eaf55227bc92	23_１年数学「空間図形」週末課題No.23解答例	71	8
794288f252f45d35735a13853e605939	0707三平方の定理「正四角錐の内接球の表面積と体積・正八面体の内接球」	4747	36
faa9afea49ef2ff029a833cccc778fd0	0428_一次関数の利用「動点問題」	1024	41
133	演習プリント 2025 1-C	6	4
df42e2244c97a0d80d565ae8176d3351	No.23(1212)解答	86	21
46922a0880a8f11f8f69cbb52b1396be	12_0501正の数・負の数(四則計算基礎演習)	258	30
1b113258af3968aaf3969ca67e744ff8	コース表示用テストPDF_BR	2	1
6e79ed05baec2754e25b4eac73a332d2	青チャート数Ⅱ 第3章 図形と方程式 (問＆解答)	54	1
55743cc0393b1cb4b8b37d09ae48d097	0507_１次関数「回転体の体積 他」	3578	40
bb7946e7d85c81a9e69fee1cea4a087c	The Twelve Labours of Hercules, Son of Jupiter & Alcmena	27	2
3b5020bb891119b9f5130f1fea9bd773	1009 式の展開と因数分解「因数分解演習③」	7	1
4c5bde74a8f110656874902f07378009	4章 変化と対応（R7用 未来へひろがる数学1）	2152	33
92049debbe566ca5782a3045cf300a3c	17_２つの不等式の利用 解説	673	32
20b5e1cf8694af7a3c1ba4a87f073021	04_１年数学「正負の数」週末課題No.4解答例	105	10
85d8ce590ad8981ca2c8286f79f59954	数学広場2年_学びをふりかえろう	19	6
23755432da68528f115c9633c0d7834f	1223二次方程式「二次方程式の利用11」（関数）	1450	39
2aedcba61ca55ceb62d785c6b7f10a83	No.10_2016年度　本試験　英語【筆記】 第５問	9	1
58521e4e2bd3d4b988cbd17d7365df3c	進学サテライト英語1205	116	8
362387494f6be6613daea643a7706a42	[サクシード数A]総合問題	39	3
7d6044e95a16761171b130dcb476a43e	11_一次関数Bライン補習	727	17
f2217062e9a397a1dca429e7d70bc6ca	No.1(0418)解答	5	1
169779d3852b32ce8b1a1724dbf5217d	EEQ2019part1 a-e1202シート4	30	8
4da04049a062f5adfe81b67dd755cecc	Baseball ABC	4058	81
d8a4e572d866aa45da78418d9d2ff9f9	99_テスト前演習（発展） 解答	352	20
3e524bf740dc8cfd3f49bd3e96daee6e	コース表示用テストPDF	2	2
f197002b9a0853eca5e046d9ca4663d5	Just-William	97	6
cdf1e288ca02272e717c9d5e4cb180bd	0626図形の性質と証明（平行四辺形になる条件）	1875	39
6081594975a764c8e3a691fa2b3a321d	16_正の数負の数(部分分数分解 2)	2495	33
9ee70b7987a735c046ac30a1556272c8	10_後期期末数学Sテスト解答例	234	33
b0169350cd35566c47ba83c6ec1d6f82	No.20 1027, 28 7MES	5634	118
4f1f29888cabf5d45f866fe457737a23	13_１年数学「変化と対応」週末課題No.13解答例	457	30
587524833eaf98eb779a387e33768c6a	【17冬】 2014年度　本試験　英語【筆記】 第４問　Ａ	104	5
0deb1c54814305ca9ad266f53bc82511	No.2(0425)	9183	42
a51c896c9cb81ecb5a199d51ac9fc3c5	12_前期中間テスト数S 模範解答	73	17
c02f9de3c2f3040751818aacc7f60b74	250929 ３年前期期末テスト(数学)模範解答	371	40
35464c848f410e55a13bb9d78e7fddd0	0530円の性質「2円の共通外接円」解答	58	11
1e48c4420b7073bc11916c6c1de226bb	7_食塩水(難問)	1094	41
84d9ee44e457ddef7f2c4f25dc8fa865	7章 箱ひげ図とデータの活用（R7用 未来へひろがる数学2）	558	26
78f7d96ea21ccae89a7b581295f34135	[青チャート数A]第3章 図形の性質	151	4
16e6a3326dd7d868cbc926602a61e4d0	Marigold Garden	267	7
c042f4db68f23406c6cecf84a7ebb0fe	0418 図形と相似「平行線と比」解答	95	14
193002e668758ea9762904da1a22337c	The Maid and the Magpie	49	4
b6d67a24906e8a8541291882f81d31ca	2014西京　和訳フロスト	137	19
599	3年3章二次方程式	2	1
3c1e4bd67169b8153e0047536c9f541e	250605 ３年前期中間テスト(数S)問題用紙	750	29
aee92f16efd522b9326c25cc3237ac15	解答[サクシード数Ⅱ]第1章 式と証明	5962	63
630b7d8dd49a0bab667498f287d68c16	Unit5 Bline解答	90	18
e2f9247929b404b2fe98ba6f32301e3b	解答[青チャート数Ⅱ]第1章 式と証明	393	19
e1b90346c92331860b1391257a106bb1	11_演習2 解答例	748	38
f3144cefe89a60d6a1afaf7859c5076b	009_３年数学「円の性質」週末課題No.009	15	4
54ebdfbbfe6c31c39aaba9a1ee83860a	21_発展演習2	5661	114
90aef91f0d9e7c3be322bd7bae41617d	0626三平方の定理「共通接線」模範解答	200	16
99ef04eb612baf0e86671a5109e22154	ELEMENTⅡ L5 S12	3576	58
069059b7ef840f0c74a814ec9237b6ec	01_2年数学週末課題「数列」No.01	168	14
1141938ba2c2b13f5505d7c424ebae5f	03_１年数学「正負の数」週末課題0502解答例	87	7
feecee9f1643651799ede2740927317a	0708三平方の定理「いろいろな問題」模範解答	69	10
2417dc8af8570f274e6775d4d60496da	250826 夏休み明けテスト　問題用紙	284	16
642e92efb79421734881b53e1e1b18b6	[STEP中3]第5章 相似	1229	26
9f36407ead0629fc166f14dde7970f68	A Defective Santa Claus	958	53
5adaacd4531b78ff8b5cedfe3f4d5212	033_３年数学「後期期末テスト(数S)　出題しようと思った問題」週末課題No.033生徒解答	99	8
ea119a40c1592979f51819b0bd38d39d	0626図形の性質と証明（平行四辺形になる条件）解答例	196	19
120ca817ebe8caa71e92ac53049b2c6a	R7 No.22(0209)	5901	29
a5a61717dddc3501cfdf7a4e22d7dbaa	[STEP中3]第4章 関数y=ax2	5585	80
08fe2621d8e716b02ec0da35256a998d	No.6(0530)	10840	39
2b8f621e9244cea5007bac8f5d50e476	0204特別授業(連立方程式)	321	43
28267ab848bcf807b2ed53c3a8f8fc8a	04_１年数学「正負の数」週末課題No.4	14	5
af3303f852abeccd793068486a391626	Unit3 授業スライド	1620	27
1731592aca5fb4d789c4119c65c10b4b	R7 No.25(0316)解説	180	36
291d43c696d8c3704cdbe0a72ade5f6c	21_１年数学「空間図形」週末課題No.21	1064	32
936a40b7e8eea0dc537e5f2edee1387a	10_比例式の利用 	1845	104
fe2d010308a6b3799a3d9c728ee74244	Reading: How to Teach It	81	4
e5841df2166dd424a57127423d276bbe	14_0508正の数・負の数(仮平均)	1004	36
f937c8fddbe66ab03c563f16d5cfa50c	1_等差数列解答例	67	19
996009f2374006606f4c0b0fda878af1	The Tale of Benjamin Bunny	429	6
e5f6ad6ce374177eef023bf5d0c018b6	0430図形と相似「相似の利用」	30	7
5b8e4fd39d9786228649a8a8bec4e008	16_２つの不等式	3728	122
34173cb38f07f89ddbebc2ac9128303f	試行：教材登録　[STEP中1]第1章 正の数と負の数 学習のポイント	105	2
b2dd140336c9df867c087a29b2e66034	11_テスト前トレーニング	2401	26
18d10dc6e666eab6de9215ae5b3d54df	008_３年数学「円の性質」週末課題No.008模範解答	74	10
bf8229696f7a3bb4700cfddef19fa23f	2章 文字の式（R7用 未来へひろがる数学1）	8757	40
1f36c15d6a3d18d52e8d493bc8187cb9	コース表示用テストPDF_BR	55	17
cac8e13055d2e4f62b6322254203b293	1212～(愛宕嶺)２次方程式の解の存在範囲(解の配置)	253	7
cd758e8f59dfdf06a852adad277986ca	The Great Big Treasury of Beatrix Potter	66	2
453fadbd8a1a3af50a9df4df899537b5	解像度問題PDF_1衣服の役割_OCR_フリガナ削除(嶌本)	9	3
309fee4e541e51de2e41f21bebb342aa	1 Bline Test Unit 2	532	41
7ce3284b743aefde80ffd9aec500e085	03WH解答	544	27
5b6ba13f79129a74a3e819b78e36b922	青チャート数Ⅱ 第5章 指数関数と対数関数 (問＆解答)	54	1
c6a01432c8138d46ba39957a8250e027	03_前期期末数学再（図形・確率）	75	6
11f524c3fbfeeca4aa916edcb6b6392e	MES放送用 大問５	5851	117
594	中2 教科書（R7用）1-A	2	1
386	3章演習プリント 2025 1-C	14	7
68897f19b106926ed889fe3f7e3d01c9	1219二次方程式「二次方程式の利用9」（連立二元二次方程式）解答例	664	66
a0f3601dc682036423013a5d965db9aa	BRadmin[STEP中1]第3章 1次方程式	63	5
42a6845a557bef704ad8ac9cb4461d43	14_確率・箱ひげ図Bライン解答例	66	11
94f6d7e04a4d452035300f18b984988c	解答[STEP中3]第5章 相似	1761	20
2067e2650cd701ae71c68080f9dbbdc1	09WH1024解答	3	2
67d96d458abdef21792e6d8e590244e7	005_３年数学「相似」週末課題No.005	218	7
af21d0c97db2e27e13572cbf59eb343d	Babes of the Empire: An alphabet for young England	117	7
2b64c2f19d868305aa8bbc2d72902cc5	18_２年数学「式の展開」週末課題No.18	92	11
a4351b79d9ea3d842efa89fae5d02b24	R7_NH2_補充リーディングワークシートこたえ16－20	1	1
fdeea652a89ec3e970d22a86698ac8c4	0108二次方程式「二次方程式の利用12」（様々な利用・対称式）	4005	113
390	Lesson04	3	2
52	問題集3-C[数学]	2	1
55a7cf9c71f1c9c495413f934dd1a158	10_0428正の数・負の数(指数) 	5	1
c9f95a0a5af052bffce5c89917335f67	Book about Animals	668	21
9d28de8ff9bb6a3fa41fddfdc28f3bc1	【2】 2018年度　本試験　英語【筆記】 第５問	4300	117
cd0cbcc668fe4bc58e0af3cc7e0a653d	R7_3年夏休みの予習課題（解答）	4	1
86d7c8a08b4aaa1bc7c599473f5dddda	【解答編】Sirius21国語発展Vol.1	5514	33
74bba22728b6185eec06286af6bec36d	R7 No.5 (0526)	7349	39
65b9eea6e1cc6bb9f0cd2a47751a186f	サクセスコーチ英語１年【2025】_本冊	13914	42
c5c1cb0bebd56ae38817b251ad72bedb	05_前期期末数学Sテスト解答例	419	39
502e4a16930e414107ee22b6198c578f	5章 図形と相似（R7用 未来へひろがる数学3）	72	4
7b7a53e239400a13bd6be6c91c4f6c4e	解答[STEP中2]第2章 連立方程式	20062	115
d71f5142463efcf6dc7be216cf4644b5	学年末3「桜の開花予想2026」	1306	34
c5a4e7e6882845ea7bb4d9462868219b	4_工夫して解く方程式 解答例	113	15
16c222aa19898e5058938167c8ab6c57	003_３年数学「相似」週末課題No.003	40	7
b0b79da57b95837f14be95aaa4d54cf8	0630図形の性質と証明（等積変形）解答例	149	17
f8e59f4b2fe7c5705bf878bbd494ccdf	サクシード数Ⅰ 第5章 データの分析 (問＆解答)	5	2
1e1d184167ca7676cf665225e236a3d2	Mother Hubbard, Her Picture Book	152	5
f90f2aca5c640289d0a29417bcb63a37	解答[STEP中1]第1章 正の数と負の数	14391	48
6e62a992c676f611616097dbea8ea030	BRadmin_コース表示用テストPDF	110	23
1305f6c705349316360c3ccfe7cfe847	コース表示用テストPDF	2	2
512fc3c5227f637e41437c999a2d3169	1007 式の展開と因数分解「因数分解演習①」	1934	39
7a674153c63cff1ad7f0e261c369ab2c	No.10(0704)解答	15	7
f06ae085fe74cd78ad5e89496b197fe1	後期期末解答	2	1
f79921bbae40a577928b76d2fc3edc2a	04_2年数学GW週末課題「一次関数」No.04	226	20
d709f38ef758b5066ef31b18039b8ce5	0421図形と相似「内角の二等分線」	7234	40
f2c3b258e9cd8ba16e18f319b3c88c66	18_二次関数Bライン	282	24
6775a0635c302542da2c32aa19d86be0	[サクシード数B]第2章 統計的な推測	1092	52
fc325d4b598aaede18b53dca4ecfcb9c	250926 ３年前期期末テスト(数S)問題用紙	64	8
29921001f2f04bd3baee84a12e98098f	11_テスト前トレーニング 解答	341	32
a3788c8c64fd65c470e23e7534c3ebc8	No.14(0919) 解答	296	74
3a824154b16ed7dab899bf000b80eeee	解答[STEP中3]1,2年の復習	313	24
3f998e713a6e02287c374fd26835d87e	13_図形の性質と証明（確認テスト）解答例 	172	16
586f9b4035e5997f77635b13cc04984c	11WH1107解答	10	5
228b25587479f2fc7570428e8bcbabdc	形容詞副詞副詞名詞級英並べ替え本文から2025 1115	202	9
e52ad5c9f751f599492b4f087ed7ecfc	R7 No.15(1117)	8816	34
6346dc723395e1ee8ef57f4883be4cb4	25_２年数学「平方根」週末課題No.25	178	15
206	テスト	3	2
104	週末課題解答例	9	5
23fc4cba066f390a8cc729c7592b6ee8	[青チャート数Ⅰ]第3章 2次関数	1920	28
a9986cb066812f440bc2bb6e3c13696c	19_２年数学「式の展開」週末課題No.19	244	31
740a02d0786a4239a62076f650cd26da	27_２年数学「平方根」週末課題No.27	142	12
40cccad2ac57c29035a432356f3c978d	18_二次関数Bライン解答例	63	14
42cd63cb189c30ed03e42ce2c069566c	1029C_30B_1113A後期数Ｓ「04 約束記号問題」	7844	40
505259756244493872b7709a8a01b536	Unit4 授業スライド	1330	26
1595af6435015c77a7149e92a551338e	No.4(0509)	8359	42
c0560792e4a3c79e62f76cbf9fb277dd	250606 ３年前期中間テスト(数学)問題用紙	2003	32
a60937eba57758ed45b6d3e91e8659f3	ELEMENT I L2S34	4362	45
6c530aae768250b8d9c3c908a13ee287	学年末2「二重根号」解答例 	12	4
f55cadb97eaff2ba1980e001b0bd9842	Summer MES 01	8603	121
7d62a275027741d98073d42b8f735c68	No.37 0205, 0209	4210	117
555	3年2章平方根	4	2
0777d5c17d4066b82ab86dff8a46af6f	7章 データの活用（R7用 未来へひろがる数学1）	531	25
559cb990c9dffd8675f6bc2186971dc2	10_0428正の数・負の数(指数) 	9	1
6c4b761a28b734fe93831e3fb400ce87	1章 正の数・負の数（R7用 未来へひろがる数学1）	12974	52
4476b929e30dd0c4e8bdbcc82c6ba23a	The Tale of Mrs. Tittlemouse	145	6
a732804c8566fc8f498947ea59a841f8	0204二次関数9 「いろいろな関数」	7892	111
5d44ee6f2c3f71b73125876103c8f6c4	0502_１次関数「直線と図形に関する問題」「線分と交わる直線の傾き」	1497	38
cc8b6a16d74a2462a1be02e79a57fb95	3_部分分数の和解答例	55	10
806beafe154032a5b818e97b4420ad98	３方程式・不等式自己評価シート	1409	30
7993e11204b215b27694b6f139e34ce8	P2_嶌本テスト（後で削除）	15	1
834a3bd235bca0caa53141f2ebc30438	251217_授業資料	7076	11
c44e503833b64e9f27197a484f4257c0	Peter Pry\'s Puppet Show	98	4
351	青チャート数Ⅱ（新課程版）	2	1
543	5章演習プリント 2025 1-A	2	1
98d6f58ab0dafbb86b083a001561bb34	ログパレテスト用_アップロードテスト20250516	2	1
7bccfde7714a1ebadf06c5f4cea752c1	The Death and Burial of Cock Robin	78	4
d961e9f236177d65d21100592edb0769	250603	14019	39
36e729ec173b94133d8fa552e4029f8b	Summer MES 04	1767	67
f7f580e11d00a75814d2ded41fe8e8fe	Harry\'s Ladder to Learning	281	7
95c9d994f8d75d4d60f8bb8f25902339	31_後期中間数学 解説	2553	90
0e4e946668cf2afc4299b462b812caca	No.9(0627)解答	23	9
0f46c64b74a6c964c674853a89796c8e	0703三平方の定理「正四面体の内接球・外接球」	405	21
ef50c335cca9f340bde656363ebd02fd	No.6(0530)	6953	41
177540c7bcb8db31697b601642eac8d4	５平面図形自己評価シート	578	64
8dd48d6a2e2cad213179a3992c0be53c	0422図形と相似「内角の二等分線」発展演習	5855	39
33e75ff09dd601bbe69f351039152189	esp32-s3_datasheet	14	1
60	令和7年度版STEP演習[中3]	2	1
31	2025年度中学1年C組[数学]	15	7
93	問題集	16	6
1e4d36177d71bbb3558e43af9577d70e	コース表示用テストPDF_BR	60	14
87f4d79e36d68c3031ccf6c55e9bbd39	1014 式の展開と因数分解「因数分解演習④」 演習_解答	1720	41
43baa6762fa81bb43b39c62553b2970d	A Christmas Hamper	3332	123
7ec12aa91918c9b6e577c1ae18a0a34b	3_代表値 解答	62	9
7486cef2522ee03547cfb970a404a874	020_３年数学「難関入試問題に挑戦」週末課題No.020生徒解答	740	62
186fb23a33995d91ce3c2212189178c8	P3	5	2
c73dfe6c630edb4c1692db67c510f65c	250521 ３年5章Blineテスト　解答用紙	471	38
03e0704b5690a2dee1861dc3ad3316c9	No.6(0530)解答	303	14
69b09198d4248b8f24494f27a01367b9	Scene 1-2 本文	2	1
43b52842663fa6e4100c72751d08de6f	Scene 3-4 本文	15	2
283085d30e10513624c8cece7993f4de	【18】 2014年度　本試験　英語【筆記】 第５問	96	4
0ebcc77dc72360d0eb8e9504c78d38bd	rust_charm_202506031825	8	2
4b0250793549726d5c1ea3906726ebfe	11_一次関数Bライン	174	16
5dd3e474f6e08e3316ce5e3bc36c666e	No.29(0206)	17397	114
b445e314138101eecc58503e98aa2b2d	R7_NH2_補充リーディングワークシート自習課題５０分用16-20	1	1
690d83983a63aa1818423fd6edd3bfdb	9_利用（仕事・食塩水）解答例	268	34
6624b6d8217cf71640993409df58204f	14_テスト前演習 解答	66	9
e9fb2eda3d9c55a0d89c98d6c54b5b3e	1014 式の展開と因数分解「因数分解演習④」 演習_解答	1640	39
6e2d5d50a943a0e0d738377f51011685	英語HW(Dec.16)解答	7	3
7504adad8bb96320eb3afdd4df6e1f60	[STEP中1]第2章 文字と式	22673	44
e6b4b2a746ed40e1af829d1fa82daa10	0507_１次関数「回転体の体積」	20	1
9edcc1391c208ba0b503fe9a22574251	[青チャート数B]第1章 数列	36	1
4c56ff4ce4aaf9573aa5dff913df997a	サクセスコーチ英語３年【2025】_本冊	852	17
b994697479c5716eda77e8e9713e5f0f	リスニングテストR7 1年後期中間	36	10
144a3f71a03ab7c4f46f9656608efdb2	Slovenly Betsy	43	4
9cfdf10e8fc047a44b08ed031e1f0ed1	1章 式の展開と因数分解（R7用 未来へひろがる数学3）	57	5
db576a7d2453575f29eab4bac787b919	16_正の数負の数(部分分数分解 2)解答例	36	8
e45823afe1e5120cec11fc4c379a0c67	コース表示用テストPDF_BR	142	30
0e55666a4ad822e0e34299df3591d979	Twentieth Century Standard Puzzle Book	193	7
be1df9a5d08724971f64a511e24fc904	P4_嶌本テスト（後で削除）	17	2
02e656adee09f8394b402d9958389b7d	2025bookroll002New Zealand語注なしマーカーを引こう	2	1
ca4b33532855080dfa79cf8a925d146d	冬多読事後診断	15008	320
20aee3a5f4643755a79ee5f6a73050ac	11_一次関数Bライン解答例	61	9
4e6cd95227cb0c280e99a195be5f6615	11_テスト前トレーニング	130	24
c8dfece5cc68249206e4690fc4737a8d	0702 三平方の定理「円柱に内接する球」模範解答	444	16
fca0789e7891cbc0583298a238316122	0623三平方の定理「基本理解度チェック」	117	8
e8aac01231200e7ef318b9db75c72695	No.30(0213)解答	58	16
07a96b1f61097ccb54be14d6a47439b0	04_2年数学GW週末課題「一次関数」No.04	321	14
db29450c3f5e97f97846693611f98c15	サクシード数Ⅰ 第2章 集合と命題 (問＆解答)	67	4
388	3章演習プリント 2025 1-A	18	7
996a7fa078cc36c46d02f9af3bef918b	0430図形と相似「相似の利用」	25	7
0e9fa1f3e9e66792401a6972d477dcc3	The Queen of Hearts, and Sing a Song for S	137	5
d87c68a56bc8eb803b44f25abb627786	1016A_21BC_後期数Ｓ「02_3 整数問題」	10118	38
53c3bce66e43be4f209556518c2fcb54	解答[STEP中2]第3章 1次関数	3257	32
c26820b8a4c1b3c2aa868d6d57e14a79	A Apple Pie	224	10
fb2e203234df6dee15934e448ee88971	250616 ３年6章Blineテスト　問題用紙	947	28
573eec40e4ef4f2089531dd5cbf629f8	0902三平方の定理「正四面体と円柱」	1617	39
473803f0f2ebd77d83ee60daaa61f381	260224  ３年後期期末テスト(数Ｓ)　詳しい解説	189	11
cbcb58ac2e496207586df2854b17995f	ESP32-C3-DEVKIT-RUST-1	4	1
8b3bac12926cc1d9fb5d68783376971d	0917標本調査とデータの活用「推定」模範解答	51	6
43a115cbd6f4788924537365be3d6012	21_発展演習1,2模範解答	9	3
d516b13671a4179d9b7b458a6ebdeb92	解答[STEP中1]第2章 文字と式	160	4
d9b1655c134b831076d6c45620a78c33	5章　問題集(STEP)チェックシート (2)	38	15
9bd5ee6fe55aaeb673025dbcb8f939c1	18_１年数学「平面図形」週末課題No.18	185	28
73278a4a86960eeb576a8fd4c9ec6997	サクセスコーチ英語２年【2025】_本冊	12851	42
208	テスト	3	2
561	6章演習プリント 2025 1-C	9	5
729c68884bd359ade15d5f163166738a	0527解答例 図形の調べ方「角度演習２」	693	32
ca1d3153a1cf0ed998d4879fbb50d9ab	20251010週末課題「ベネッセ対策Ａ」模範解答	1422	99
55a988dfb00a914717b3000a3374694c	No.1_2018年度　本試験　英語【筆記】 第４問　Ａ	206	4
8485ae387a981d783f8764e508151cd9	1113平方根「式の値・ガウス記号」 	1826	38
9dcb88e0137649590b755372b040afad	数学広場2年_学びをいかそう	2	1
b887d8d5e65ac4dec3934028fe23ad72	0929 Answers	65	18
5737c6ec2e0716f3d8a7a5c4e0de0d9a	0421_一次関数「一直線上の３点 ・変域から値を求める」	1679	39
33ebd5b07dc7e407752fe773eed20635	Tom Swift and His Wizard Camera; Or, Thrilling Adventures While Taking Moving Pictures	22	4
dbc4d84bfcfe2284ba11beffb853a8c4	R8 春休みの演習課題（近畿公立過去問）【解答】	8860	105
00e26af6ac3b1c1c49d7c3d79c60d000	Luncheons: A Cook\'s Picture Book	155	4
2297607a5db8576d5ad6bbd83696ff60	1209二次方程式「二次方程式の利用1」（他の解・面積）解答例	653	64
e22dd5dabde45eda5a1a67772c8e25dd	青チャート数Ⅰ 第3章 2次関数 (問＆解答)	17	2
298923c8190045e91288b430794814c4	No.5(0516)	226	11
043ab21fc5a1607b381ac3896176dac6	学年末4「包絡線」 解答例	388	43
1102a326d5f7c9e04fc3c89d0ede88c9	R7 2年夏明けテスト解答用紙0826模範	568	39
a8f15eda80c50adb0e71943adc8015cf	No.0(0417)解答	69	15
0e095e054ee94774d6a496099eb1cf6a	Pages for Laughing Eyes	219	6
856fc81623da2150ba2210ba1b51d241	解説	85	8
365	サクシード数Ⅱ（新課程版）	4	2
bd1354624fbae3b2149878941c60df99	14_確率・箱ひげ図Bライン解答例	102	19
021bbc7ee20b71134d53e20206bd6feb	0527円の性質「内接円・外接円」	7176	37
a64bd53139f71961c5c31a9af03d775e	西京2014フロスト解答例	2	1
f0bda020d2470f2e74990a07a607ebd9	青チャート数A 第1章 場合の数 (問＆解答)	43	3
bc7f621451b4f5df308a8e098112185d	P2	295	27
c04c19c2c2474dbf5f7ac4372c5b9af1	後期中間テスト振り返り　模範解答	55	13
df83971673de5c8e71ca1e2645718dad	3_投影図_解答	307	40
48ab2f9b45957ab574cf005eb8a76760	0515図形と相似「etime  平行四辺形の中の三角形」	40	6
1ec3e7af38e33222bde173fecaef6bfa	14_確率・箱ひげ図Bライン解答例	108	18
596dedf4498e258e4bdc9fd70df9a859	R7 No.７(0616)	5593	40
3dd48ab31d016ffcbf3314df2b3cb9ce	00_春テスト 解答	51	13
f09696910bdd874a99cd74c8f05b5c44	The Tale of Tom Kitten	432	9
115f89503138416a242f40fb7d7f338e	4章 関数y=ax2（R7用 未来へひろがる数学3）	38	3
bb04af0f7ecaee4aae62035497da1387	The Moving Picture Girls Under the Palms	8	2
6f3e29a35278d71c7f65495871231324	The Tailor of Gloucester	160	5
7aee26c309def8c5a2a076eb250b8f36	[サクシード数A]第3章 数学と人間の活動	738	13
46ba9f2a6976570b0353203ec4474217	数学広場3年_学びをいかそう	113	8
42ffcf057e133f94c1b7b5cf543ef3bd	0527解答例 図形の調べ方（星形の角度ほか）	113	12
43e04dd08bb1305428b0c9c8d8a2660a	9_余りの問題解答例	153	14
d4a897919a124958e699170b2b1dc8f2	1014 式の展開と因数分解「因数分解演習④」 演習	2576	40
224	理科	2	1
e1021d43911ca2c1845910d84f40aeae	13WH1128解答	35	5
bbcbff5c1f1ded46c25d28119a85c6c2	No.2(0425)	7242	41
5cce8dede893813f879b873962fb669f	06_１年数学「正負の数,文字の式」週末課題No.6解答例	167	11
a7a3d70c6d17a73140918996d03c014f	250908 ３年7章Blineテスト　問題用紙	1031	20
aace49c7d80767cffec0e513ae886df0	Aunt Mary\'s Primer	382	12
fc6709bfdf0572f183c1a84ce5276e96	6/10 BR複数フォルダ同時登録	57	4
ce052ea95dfe35291c6fa7fcf8819492	1_等差数列	6025	109
d360a502598a4b64b936683b44a5523a	R7 No.19(1222)	11155	35
42e77b63637ab381e8be5f8318cc28a2	0512図形と相似「etime  外角の二等分線の定理」	6804	39
bedc7106ffa9616ddc27e360b9ac02a6	34_２年数学「関数」週末課題No.34	208	25
eecca5b6365d9607ee5a9d336962c534	1章 正の数・負の数（R7用 未来へひろがる数学1）	15582	45
5d0cb12f8c9ad6845110317afc6e2183	09_2年2章Bラインテスト	539	24
2120606d6a751a93e392b46d945bba9d	260224  ３年後期期末テスト(数Ｓ)　問題用紙	35	5
78	2025年度中学2年A組[国語]	1	1
349	サクシード数Ⅱ（新課程版）	3	2
130	問題集1-C[数学]	39	17
29	STEP中2	21	10
659	7章演習プリント2025 1-B	5	3
1651cf0d2f737d7adeab84d339dbabd3	0425図形と相似「中点連結定理」	6477	40
1ef91c212e30e14bf125e9374262401f	250605 ３年前期中間テスト(数S)詳しい解答つき問題用紙	5	2
d3630410c51e60941a9001a46871070e	No.19 1021, 22, 23 7MES	5690	121
4a2ddf148c5a9c42151a529e8cbdcc06	サクシード数 A 第3章 数学と人間の活動 (問＆解答)	960	8
88fee0421317424e4469f33a48f50cb0	[サクシード数Ⅰ]第3章 2次関数	4271	50
094bb65ef46d3eb4be0a87877ec333eb	0202二次関数7「線分の比」	4892	114
0141a8aedb1b53970fac7c81dac79fbe	演習問題①（解法４）	3	2
7eabe3a1649ffa2b3ff8c02ebfd5659f	数学広場2年_力をつけよう	19	6
a424ed4bd3a7d6aea720b86d4a360f75	11_1章Bラインテスト解説	36	4
b6cda17abb967ed28ec9610137aa45f7	0702 三平方の定理「円柱に内接する球」模範解答	206	13
06964dce9addb1c5cb5d6e3d9838f733	[STEP中3]第8章 標本調査	1270	32
28fc2782ea7ef51c1104ccf7b9bea13d	No.9(0627)	7044	40
204da255aea2cd4a75ace6018fad6b4d	08_2年数学週末課題「図形の調べ方」No.08	152	17
66f041e16a60928b05a7e228a89c3799	[STEP中1]第1章 正の数と負の数 学習のポイント	698	37
315	サクシード数Ｂ（新課程版）	1	1
c361bc7b2c033a83d663b8d9fb4be56e	0501図形と相似「基本理解度チェック」	25	3
8fb21ee7a2207526da55a679f0332de2	0602円の性質「ヘロンの公式」	1232	28
dd77279f7d325eec933f05b1672f6a1f	Child-Land: Picture-Pages for the Little Ones	351	7
1c66f4627f1b9679f8db47d1287d7e98	1212～(桂川)２次方程式の解の存在範囲(解の配置)	81	8
afab3e9707435d6b0888b566d7ad3ff8	R7 No.15(1117)	11445	39
2dffbc474aa176b6dc957938c15d0c8b	0529_2円の性質「垂心の存在証明」	2460	33
e46bc064f8e92ac2c404b9871b2a4ef2	9_利用（仕事・食塩水）	1698	104
859b00aec8885efc83d1541b52a1220d	1218二次方程式「二次方程式の利用8」（共通解）	1550	35
56577889b3c1cd083b6d7b32d32f99d5	R7 No.19(1222)	10062	38
1b9812b99fe2672af746cefda86be5f9	250826 夏休み明けテスト　解答用紙	176	23
3ce3bd7d63a2c9c81983cc8e9bd02ae5	260224  ３年後期期末テスト(数Ｓ)　模範解答	49	19
511	MES September	4	3
613	２次関数	2	1
07c5807d0d927dcd0980f86024e5208b	16_正の数負の数(部分分数分解 2)	3830	37
8b0d268963dd0cfb808aac48a549829f	11_一次関数Bライン補習	530	18
0f21f0349462cacdc5796990d37760ae	[青チャート数Ⅱ]総合演習第1部	56	2
9c19a2aa1d84e04b0bd4bc888792bd1e	1 Bline Test Unit 2	112	24
072b030ba126b2f4b2374f342be9ed44	[STEP中1]第1章 正の数と負の数 学習のポイント	468	30
5dcd0ddd3d918c70d380d32bce4e733a	0126二次関数3「接線の式」	1328	38
7385db9a3f11415bc0e9e2625fae3734	0613図形の性質と証明（直角三角形の合同1）	766	39
9b9b05072dd20d1cc3e54607b84c889b	R7_NH2_補充リーディングワークシート自習課題５０分用31-35	5	1
471c75ee6643a10934502bdafee198fb	0529_1円の性質「トレミーの定理」解答	50	9
a8f8f60264024dca151f164729b76c0b	0527図形の調べ方「角度演習２」	7409	37
140	教科書1-C[数学]	82	19
450	サクシード数Ⅰ（新課程版）	1	1
242	模範解答	4	2
339	サクシード数Ⅱ（新課程版）	1	1
34f9a343f945196b66f807e0eb6249fd	R7 春課題A（２年生になる前の確認編）	21241	121
a381c2c35c9157f6b67fd07d5a200ae1	青チャート数III 第5章 積分法 (問＆解答)	29	2
ee26fc66b1369c7625333bedafbfcaf6	青チャート数III 第6章 積分法の応用 (問＆解答)	29	2
0584ce565c824b7b7f50282d9a19945b	0422図形と相似「内角の二等分線」発展演習	351	17
fa2e8c4385712f9a1d24c363a2cbe5b8	解答[サクシード数A]第3章 数学と人間の活動	5441	38
f3175210f90bfc7ea82901db0ef7452f	解答[青チャート数C] 総合演習第2部	11	1
7e889fb76e0e07c11733550f2a6c7a5a	5_データの活用(公立入試) 解答	96	13
af5afd7f7c807171981d443ad4f4f648	0602 B-line Unit 2 模範解答	17	3
2451041557a22145b3701b0184109cab	BRadmin[STEP中1]第3章 1次方程式 学習のポイント	56	4
07a4e20a7bbeeb7a736682b26b16ebe8	新課程版サクシード数Ⅱ 第2章複素数と方程式 (問＆解答)	59	2
60dcc0d0012f3056175c01d54c2e1722	R7 No.25(0316)	6792	39
40dba662fae60cd3bcceaa76a82d2873	23_１年数学「空間図形」週末課題No.23	290	9
5f245ebebce62ddcfacd1b6292c69392	11_工夫した解法解答例	352	34
887a185b1a4080193d5cf63873ac6d70	テスト用	5	2
bb702465f3c3141263ddd046c9585b27	12/15_栄養素のはたらきpdf_OCR_cropped	58	2
b299ad862b6f12cb57679f0538eca514	複数コース登録お試し_20151017	5	2
a209ca7b50dcaab2db7c2d4d1223d4d5	0929 Answers	100	18
77edbe5f897a5dbcde49d31bec1537b8	R7 1年前期期末　定期テスト解答用紙	362	34
1700002963a49da13542e0726b7bb758	解答[STEP中1]第1章 正の数と負の数	8656	39
77f959f119f4fb2321e9ce801e2f5163	0527円の性質「内接円・外接円」解答	95	10
7e7e69ea3384874304911625ac34321c	Safar Nameh, Persian Pictures: A Book Of Travel	5	1
fd2c5e4680d9a01dba3aada5ece22270	Happy and Gay Marching Away	271	12
e243aa93e6b6e031797f86d0858f5e40	41_後期期末テスト数学 模範解答	59	21
5878a7ab84fb43402106c575658472fa	数学広場1年_学びをふりかえろう	58	14
88bfcf02e7f554f9e9ea350b699bc6a7	012_３年数学「三平方の定理」週末課題No.012	27	6
e5afb0f2dbc6d39b312d7406054cb4c6	026_３年数学「難関入試問題に挑戦」週末課題No.026模範解答	740	89
eb9fc349601c69352c859c1faa287874	0916標本調査とデータの活用「適切な標本調査の方法の検討」	887	37
01eee509ee2f68dc6014898c309e86bf	2025bookroll002New Zealand問題入り語注なし	5674	41
a48564053b3c7b54800246348c7fa4a0	10_2年数学週末課題「図形の性質と証明」No.10	322	39
c3992e9a68c5ae12bd18488bc579b30d	【問題編】Sirius21国語発展Vol.1	16827	45
335f5352088d7d9bf74191e006d8e24c	6章 円の性質（R7用 未来へひろがる数学3）	5	2
fe70c36866add1572a8e2b96bfede7bf	007_３年数学「相似」週末課題No.007生徒解答	241	11
e36286b94d3c219f414e0427e5f73aa5	2020 西京高校　中長文解説	13	2
4f284803bd0966cc24fa8683a34afc6e	Peggy\'s Giant	45	3
1f187c8bc462403c4646ab271007edf4	後期期末解答	2	1
62e7f2e090fe150ef8deb4466fdc81b3	形容詞比較級22問巻末から　2025 1118	243	8
48c3ec5c3a93a9e294a8a6392ccedeb4	【15】 2015年度　追試験　英語【筆記】 第４問　Ａ	99	6
df5354693177e83e8ba089e94b7b6b55	1219後期数Ｓ「二次関数（復習）」	3462	36
7c9d0b1f96aebd7b5eca8c3edaa19ebb	Goody Two-Shoes	291	15
185e65bc40581880c4f2c82958de8cfe	No.6(0523)	2	1
d0aa518d4d3bfc721aa0b8ab4ef32269	ELEMENT U6 Scene12	75	1
94	問題集	7	4
67	数SMonday	18	8
d47844673f2db74d78da8687d794523d	2025 0912BookRoll Reading03+04問題	9727	40
24896ee4c6526356cc127852413ea3b4	0516 図形の調べ方「角度演習1」	156	22
bf424cb7b0dea050a42b9739eb261a3a	0620三平方の定理「３辺がわかる三角形の面積を求める」	475	12
7a4bf9ba2bd774068ad50351fb898076	1029C_30B_1113A後期数Ｓ「04 約束記号問題」new	197	16
48a79bcf6049ad894ef98cbc17afec96	9_期末試験に向けて問題編	671	57
24e01830d213d75deb99c22b9cd91ddd	7_三角数と四角数解答例	69	11
946e3ece1fc8b24bd656449d88eca941	1024BC_29A後期数Ｓ「03 面積の最大値と最小値」模範解答 	367	26
86df7dcfd896fcaf2674f757a2463eba	0527解答例 図形の調べ方「角度演習２」	878	32
5249ee8e0cff02ad6b4cc0ee0e50b7d1	コース表示用テストPDF_BR	89	20
dda99de58ff020cfb57fec1404c97003	R7_NH2_補充リーディングワークシート自習課題５０分用1-5	12731	35
2612aa892d962d6f8056b195ca6e550d	青チャート数Ⅰ 第1章 数と式 (問＆解答)	58	4
06c284d3f757b15c02f47f3ff06dc275	ELEMENTI L3 S12	2936	41
912d2b1c7b2826caf99687388d2e8f7c	No.9(0620)解答	2	1
1e8c391abfde9abea82d75a2d60278d4	青チャート数III 第4章 微分法の応用 (問＆解答)	33	3
b147a61c1d07c1c999560f62add6dbc7	6/9 コース表示用テストPDF	15	2
148260a1ce4fe4907df4cd475c442e28	03_R7夏休み明けテスト解答	197	31
295	テスト関連	3	2
785	春季課題	8	7
197	授業スライド	5	3
a655fbe4b8d7439994aa37ddad80de56	0109　週末課題模範解答	678	91
53fde96fcc4b4ce72d7739202324cd49	【問題編】Sirius21国語発展Vol.3	2990	27
d87ca511e2a8593c8039ef732f5bffed	16_平方根Bライン解説	1225	69
35936504a37d53e03abdfbc7318d9ec7	0704三平方の定理「正三角柱・円錐に内接する球・辺接する球」	4550	37
c8cd63e1bf13c5016881652983fb615a	1006後期数Ｓ「01 平方完成」	2441	40
7b4773c039d539af17c883eb9283dd14	16_２つの不等式 解説	662	32
fb4ab556bc42d6f0ee0f9e24ec4d1af0	【3C】4編 1章 5 何を考えて決めますか～意思決定のプロセス～	1497	38
78d69f40906679a976dc4d45cebffbe6	15_正多面体	12666	75
9425be43ba92c2b4454ca7bf602efad8	12/17 栄養素のはたらきpdf(OCR フリガナ削除 cropped)	56	2
38b3eff8baf56627478ec76a704e9b52	サクセスコーチ英語２年【2025】_本冊	19775	41
ab8df9f7733db5611fd53748f1db282e	【10冬】 2015年度　本試験　英語【筆記】 第６問	1360	64
e4873aa9a05cc5ed839561d121516766	R7 1年前期中間テスト模範解答	358	32
38ed162a0dbef7b3fe0f628aa08b90e7	1016A_21BC_後期数Ｓ「02_2 整数問題」	5423	38
8e2cfdc275761edc592f73a076197c33	The Magic Fishbone	120	5
73640de25b7d656733ce2f808a330f18	022_３年数学「難関入試問題に挑戦」週末課題No.022	50	8
2d969e2cee8cfa07ce7ca0bb13c7a36d	0624三平方の定理「複数の円の関係」模範解答	235	21
186a157b2992e7daed3677ce8e9fe40f	No.8(0620)解答	35	9
f442d33fa06832082290ad8544a8da27	2025 2年前期中間テスト模範解答	145	21
276	問題集1-567[数学]外進2	1	1
464	夏季休業	7	4
4ba29b9f9e5732ed33761840f4ba6c53	0617図形の性質と証明（外心・内心の証明）解答例	289	22
4e8412ad48562e3c9934f45c3e144d48	7_食塩水 解答例	286	25
a96b65a721e561e1e3de768ac819ffbb	02_１年数学「正負の数」週末課題	141	25
65cc2c8205a05d7379fa3a6386f710e1	0526円の性質「図形の性質の証明(作図)」	2665	16
a787f02ed34fd886eb6d49e60d9c9120	0209二次関数12「放物線と三角形の習熟を図る」解答例	1125	91
f69e505b08403ad2298b9f262659929a	0528円の性質「方べきの定理」	5	1
96055f5b06bf9381ac43879351642cf5	解答[STEP中2]第7章 確率	4263	60
7a430339c10c642c4b2251756fd1b484	1006後期数Ｓ「01 平方完成」模範解答	201	18
959ef477884b6ac2241b19ee4fb776ae	P4	496	24
13d63838ef1fb6f34ca2dc6821c60e49	1111平方根（根号を含む計算）	2111	34
6ae07dcb33ec3b7c814df797cbda0f87	0612三平方の定理「演習」	960	34
472	長期休業課題	14	6
b14680dec683e744ada1f2fe08614086	20251110 数学Ⅰ確認テスト（２）問題用紙	1290	69
e56954b4f6347e897f954495eab16a88	6章 円の性質（R7用 未来へひろがる数学3）	6	3
233509073ed3432027d48b1a83f5fbd2	0516図形と相似「etime  補助線の利用（切断１）」	45	5
e6c2dc3dee4a51dcec3a876aa2339a78	Unit 3 Bline（模範解答）0623	116	15
2b6921f2c64dee16ba21ebf17f3c2c92	250908 ３年7章Blineテスト　問題用紙	156	10
d0fb963ff976f9c37fc81fe03c21ea7b	0617図形の性質と証明（外心・内心の証明）解答例	208	23
10c272d06794d3e5785d5e7c5356e9ff	02_前期中間数学Sテスト解答例	249	35
96c5c28becf18e71190460a9955aa4d8	3_いろいろな方程式 	2290	42
690bb330e5e7e3e07867fafc4d32ec82	32_後期中間数学S 模範解答	175	39
2b24d495052a8ce66358eb576b8912c8	No.0(0417)	6467	40
522a9ae9a99880d39e5daec35375e999	A Book of Nonsense	2992	119
321	問題集2-34[数学]理発展	4	3
533	3年1章式の展開と因数分解	6	2
631	冬季休業	6	3
70222949cc0db89ab32c9969754d4758	The Queen of the Pirate Isle	47	4
30a237d18c50f563cba4531f1db44acf	西京高入試過去問2022解答解説	7	2
49c0b9d84c2a16fcaf9d25694fda75e1	0701 三平方の定理「関数」模範解答 	217	14
da4902cb0bc38210839714ebdcf0efc3	No.13(0709)タッチペン	9527	39
28acfe2da49d2b9a7f177458256f2540	[サクシード数Ⅱ]第1章 式と証明	579	26
0bed45bd5774ffddc95ffe500024f628	[サクシード数Ⅰ]第1章 数と式	2625	60
f9d1152547c0bde01830b7e8bd60024c	3_いろいろな方程式 	1645	42
4cb811134b9d39fc3104bd06ce75abad	R7 No.９(0630)	3727	38
6ecbdd6ec859d284dc13885a37ce8d81	0422図形と相似「内角の二等分線」発展演習解答	50	7
296472c9542ad4d4788d543508116cbc	250616 ３年6章Blineテスト　詳しい解説つき問題用紙	1218	39
0ebf197205c00fc6e0aac7261a8c1bdc	250929 ３年前期期末テスト(数学)模範解答	283	34
d6bcb486f72ae7b5dc68b5b7df7ec887	0703三平方の定理「正四面体の内接球・外接球」	3731	38
8710ef761bbb29a6f9d12e4ef8e4379c	36_２年数学「関数」週末課題No.36	358	27
cda72177eba360ff16b7f836e2754370	02_2章Bラインテスト模範解答 	124	23
8f53295a73878494e9bc8dd6c3c7104f	7章 データの活用（R7用 未来へひろがる数学1）	278	19
7171e95248ff768e1ebee3edde01ea7a	1211二次方程式「二次方程式の利用3」（動点・座標問題）	769	36
525	８章　標本調査とデータの活用	2	1
627	Lesson07	3	2
712a3c9878efeae8ff06d57432016ceb	6/9他アカ 複数コース選択確認用	80	3
c4015b7f368e6b4871809f49debe0579	0512 西京力テスト	207	32
46d3f6029f6170ebccb28945964d09bf	1208～２次関数の最大最小 	98	5
d3e8fc83b3e886a0dc2aa9845a5215bf	サクシード数Ⅰ 第1章 数と式 (問＆解答)	7	1
018dd1e07a2de4a08e6612341bf2323e	No.21(1121)	16591	106
b56a18e0eacdf51aa2a5306b0f533204	06_2年数学週末課題「一次関数図形」No.06	64	11
2d2ca7eedf739ef4c3800713ec482e1a	2016年度　本試験　英語【筆記】 第４問　Ａ	2	1
21ce689121e39821d07d04faab328370	解答[新課程版サクシード数C]第4章 式と曲線	105	5
22b1f2e0983160db6f7bb9f62f4dbb39	解答[青チャート数A]第3章 図形の性質	36	2
bf499a12e998d178afd964adf64a60cb	6-2_R8公立前期 解答	39	14
e92d74ccacdc984afa0c517ad0d557a6	No.12_2016年度　追試験　英語【筆記】 第５問	5	1
89885ff2c83a10305ee08bd507c1049c	10_2年数学週末課題「図形の性質と証明」No.10	2	1
fb0650ff38f84d526883336ff5119dc0	R7_1年_冬課題	27208	125
09a5e2a11bea20817477e0b1dfe2cc21	0829確率演習（確認問題）	498	18
11d0e6287202fced83f79975ec59a3a6	09_2年数学週末課題「図形の性質と証明」No.09	70	8
65d2ea03425887a717c435081cfc5dbb	[STEP中2]第1章 式の計算 学習のポイント	871	53
6b5754d737784b51ec5075c0dc437bf0	0714 MES 7-2025	8147	122
b139e104214a08ae3f2ebcce149cdf6e	青チャート数B 総合演習第2部 (問＆解答)	54	1
39027dfad5138c9ca0c474d71db915c3	青チャート数Ⅱ 第1章 式と証明 (問＆解答)	1057	17
cb5f984421c93f1efb42b53a43f83c3a	【12冬】 2013年度　本試験　英語【筆記】 第６問	107	6
84117275be999ff55a987b9381e01f96	0423_一次関数「連立方程式の解と2直線 3直線が三角形をつくらない」解答例	132	7
1587965fb4d4b5afe8428a4a024feb0d	8_利用（周の長さ・薬師算）	2463	40
56503192b14190d3826780d47c0d3bf3	1111平方根（根号を含む計算）	2075	39
32cbf687880eb1674a07bf717761dd3a	1016A_21BC_後期数Ｓ「02_3 整数問題」	9615	38
8929c70f8d710e412d38da624b21c3c8	新課程版サクシード数III 総合問題 (問＆解答)	13	3
13fe9d84310e77f13a6d184dbf1232f3	3章 二次方程式（R7用 未来へひろがる数学3）	20	3
5807a685d1a9ab3b599035bc566ce2b9	No.8(0613)	2	1
e02a35b1563d0db53486ec068ebab80f	20260213後期数Ｓ「平成２１年度入試」模範解答	25	7
77143919d1234297079f075357988f3b	1211二次方程式「二次方程式の利用3」（動点・座標問題）解答例	547	62
7f975a56c761db6506eca0b37ce6ec87	7_食塩水	3041	38
a11ce019e96a4c60832eadd755a17a58	解答[青チャート数B]第3章 数学と社会生活	44	4
2b44928ae11fb9384c4cf38708677c48	サクセスコーチ英語２年【2025】_本冊	14399	44
59eb5dd36914c29b299c84b7ddaf08ec	【8】 2017年度　追試験　英語【筆記】 第５問	1741	82
0d5bd023a3ee11c7abca5b42a93c4866	031_３年数学「難関入試問題に挑戦」週末課題No.031	517	51
b06f50d1f89bd8b2a0fb771c1a69c2b0	0717(解答)確率演習（座標平面上 辺上を動く点）	151	17
363763e5c3dc3a68b399058c34aecf2c	04WH解答	228	33
0cdf61037d7053ca59347ab230818335	R7 No.12(1006)	32	4
2bcab9d935d219641434683dd9d18a03	0520円の性質「基本理解度チェック」	192	6
e4bb4c5173c2ce17fd8fcd40041c068f	No.4(0509)	11510	41
8562ae5e286544710b2e7ebe9858833b	青チャート数C 総合演習第2部 (問＆解答)	88	6
8d30aa96e72440759f74bd2306c1fa3d	1022_平方根「さまざまな面積の正方形(導入)」	7832	40
3e77a14629775492504515dc4b23deda	21_１年数学「空間図形」週末課題No.21解答例	645	39
e836d813fd184325132fca8edcdfb40e	ESP32-C3-DEVKIT-RUST-1	5	1
b75bd27b5a48a1b48987a18d831f6336	ELEMENTⅡ L4 S12	2546	47
39ea40e164f970c54b0530436d5a9f7a	251128 ３年後期中間テスト(数S)問題用紙	1114	27
2aaaddf27344ee54058548dc081c6541	7/7 P4_OCR処理確認用_大人になれなかった弟たちに　本文	60	3
0c215f194276000be6a6df6528067151	03_R7夏休み明けテスト解答	75	24
7940ab47468396569a906f75ff3f20ef	The Tale of Master Meadow Mouse	59	5
199	授業スライド	2	1
7369f3c86bf3c0a354615432832d9e8f	0129二次関数5「回転体の体積・二等分する直線」	5220	118
8065d07da4a77621450aa84fee5656d9	[STEP中3]第6章 円	1792	13
ef2a4be5473ab0b3cc286e67b1f59f44	11_前期中間テスト数学	394	18
f269cb7796c3319c9aa4d146b52139e6	1209二次方程式「二次方程式の利用1」（他の解・面積）	1243	36
b440509a0106086a67bc2ea9df0a1dab	Ans002 New Zealand	88	18
a09e75c5c86a7bf6582d2b4d75aad615	冬休みの課題説明	521	39
598920e11d1eb2a49501d59fce5ecbb7	2025bookroll001 the great wall黄色マーカーを引こう	924	40
6516c28727509c3db6280ae16254e916	2_式の加法・減法解答例 改	79	15
2c7f9ccb5a39073e24babc3a4cb45e60	サクシード数Ⅰ 第5章 データの分析 (問＆解答)	1	1
e8542a04d734d0cae36d648b3f519e5c	[新課程版サクシード数C]第2章 空間のベクトル	117	1
0aae0fede9a4d278e2f9a171e62fc76b	05_5章Bラインテスト模範解答 	126	36
7f53f8c6c730af6aeb52e66eb74d8507	No.7(0613)解答	57	11
443dec3062d0286986e21dc0631734c9	2025bookroll001 the great wall黄色マーカーを引こう	738	37
83691715fdc5baf20ed0742b0b85785b	黄　動作確認用	9	1
e17184bcb70dcf3942c54e0b537ffc6d	250408 ３年春休み明けテスト　模範解答	5	1
351b33587c5fdd93bd42ef7ac9995a28	11_テスト前トレーニング 解答	190	36
ec8ce6abb3e952a85b8551ba726a1227	7章 三平方の定理（R7用 未来へひろがる数学3）	132	9
3c947bc2f7ff007b86a9428b74654de5	0613図形の性質と証明（直角三角形の合同1）解答例	122	17
ed277964a8959e72a0d987e598dfbe72	ELEMENTⅡ L4 S34	2399	48
0d7363894acdee742caf7fe4e97c4d49	0711　Unit 4 Bline（模範解答）	181	17
c92a10324374fac681719d63979d00fe	[STEP中3]第2章 平方根 学習のポイント	412	16
df263d996281d984952c07998dc54358	No.10(0627)	2	1
0731460a8a5ce1626210cbf4385ae0ef	2025 2年前期中間テスト模範解答	2	1
f5c3dd7514bf620a1b85450d2ae374b1	青チャート数Ⅰ 第5章 データの分析 (問＆解答)	71	4
30da227c6b5b9e2482b6b221c711edfd	34_１年数学「データの活用」週末課題No.34	21	10
71a5c0514ab83382d98154e5a5f9d813	022_３年数学「難関入試問題に挑戦」週末課題No.022	40	8
7612936dcc85282c6fa4dd9d4ffe57f1	9_余りの問題	2247	104
acab0116c354964a558e65bdd07ff047	009_３年数学「円の性質」週末課題No.009生徒解答	48	8
