contents_id	contents_name	uniq_events	uniq_users	nav_instability_rate	memo_rate	marker_rate	rec_open_rate	rec_click_through_rate	quiz_rate	median_gap	z_nav_instability_rate	z_memo_rate	z_rec_open_rate	z_median_gap	z_rec_click_through_rate	pilot_friction_score
fc192b0c0d270dbf41870a63a8c76c2f	0910箱ひげ図演習（店選び）	3866	119	0.18805	0.136834	0.001035	0.043973	0.782353	0	6	0.9243756387935866	-0.6097939904572803	11.100162293823134	4.6928889308163475	5.232283015155083	10.875349857820705
1f1baa5b8edac74eb4eaa329f14a0361	前期中間模範	478	37	0.096234	0	0	0	0	0	12	0.10574254085517491	-1.0062055001622547	-0.22043664344346706	10.594039687280569	-0.181740525870158	9.65488061040018
f0f6ba4b5e0000340312d33c212c3ae8	【1】 2018年度　本試験　英語【筆記】 第４問　Ａ	7950	130	0.089686	0.038365	0.004906	0.038994	0.606452	0.166289	4	0.04736045575779844	-0.8950611386013027	9.818347041085081	2.7258386786616065	4.015016442533925	7.681468594369258
3fab5890d8113d0b5a4178201dc842ad	前期中間模範	452	39	0.066372	0	0	0	0	0	9.5	-0.16050758516465663	-1.0062055001622547	-0.22043664344346706	8.135226872087143	-0.181740525870158	6.929817669186923
daaaf13651380465fc284db6940d8478	R7 2年夏明けテスト解答用紙0826模範	364	39	0.118132	0.002747	0	0	0	0	9	0.3009855004554117	-0.9982473726708451	-0.22043664344346706	7.643464309048458	-0.181740525870158	6.907506319259715
9d28de8ff9bb6a3fa41fddfdc28f3bc1	【2】 2018年度　本試験　英語【筆記】 第５問	4300	117	0.063023	0.037674	0.012791	0.035116	0.768212	0.181395	4	-0.1903673290545641	-0.897062982830121	8.819977981009128	2.7258386786616065	5.134424750543536	5.323961597242514
09fb05dd477d4ae6479985ca56c5a12d	0612三平方の定理「演習」模範解答	445	37	0.076404	0	0	0	0	0	7.5	-0.07106209376317817	-1.0062055001622547	-0.22043664344346706	6.168176619932403	-0.181740525870158	5.052212908433661
4175a4b46a45813fccf4bd34c779d817	【1冬】 2018年度　本試験　英語【筆記】 第４問　Ａ	3670	77	0.103542	0.031608	0.005177	0.043869	0.913043	0.129428	2	0.17090079954357246	-0.9146363360747122	11.073388084888657	0.7587884265068656	6.136681332253106	4.951759642611277
515ab26c135e92ed8bf3a594d67e4ade	01_前期中間数学解説	593	33	0.151771	0	0	0	0	0	6	0.6009114260190415	-1.0062055001622547	-0.22043664344346706	4.6928889308163475	-0.181740525870158	4.2488987390998245
33bb83720ba9d2b6da87114380314af5	R7夏休みの予習課題（中３）模範解答	1885	38	0.334218	0	0	0	0	0	4	2.2276121407046023	-1.0062055001622547	-0.22043664344346706	2.7258386786616065	-0.181740525870158	3.908549201630645
c45008212f7bdf6eab6050c2a564435a	0612三平方の定理「演習」模範解答	431	38	0.104408	0	0	0	0	0	6	0.1786220710301834	-1.0062055001622547	-0.22043664344346706	4.6928889308163475	-0.181740525870158	3.826609384110967
cf67355a3333e6e143439161adc2d82e	【問題編】Sirius21国語発展Vol.3	3265	34	0.421746	0.010107	0	0.000306	0	0	3	3.0080133539610423	-0.9769252691627359	-0.14165868254010408	1.742313552584236	-0.181740525870158	3.8134834807125966
347665597cbfaef834886adbb848011f	R7夏休みの演習課題（中３）模範解答	10532	41	0.413217	0.011109	0	0.000285	0	0	3	2.9319686374375964	-0.9740224501797026	-0.14706501319033488	1.742313552584236	-0.181740525870158	3.7349352525219532
b2f627fff19fda463cb386442eac2b3d	【解答編】Sirius21国語発展Vol.1	3749	37	0.533742	0	0	0	0	0	2	4.006571692776831	-1.0062055001622547	-0.22043664344346706	0.7587884265068656	-0.181740525870158	3.720458501548132
4b86abe48d358ecf194c56c69108433e	Saikyo_Niseko_homework	2826	39	0.16419	0.014154	0.219038	0.001062	0	0.013447	5	0.711639452107056	-0.965201009258209	0.05296922086820442	3.709363804738977	-0.181740525870158	3.6905119943261866
2f4fe03d77724a7217006e5d16728874	R7夏休みの基本課題（中３）模範解答	6698	41	0.388623	0.016572	0	0.000149	0	0	3	2.712688093625	-0.9581960029698112	-0.1820774402584962	1.742313552584236	-0.181740525870158	3.4964687288510867
07a9d3fed4c5ea6b17e80258dee231fa	R7夏休みの基本課題（中３）模範解答	7273	41	0.397223	0	0	0	0	0	3	2.7893658474181335	-1.0062055001622547	-0.22043664344346706	1.742313552584236	-0.181740525870158	3.4867777822668056
92a0e7a415d64ebafcb16a8ca817cde4	【3】 2018年度　追試験　英語【筆記】 第４問　Ａ	3504	112	0.067637	0.033105	0.01855	0.03339	0.974359	0.168094	4	-0.14922882254275965	-0.910299489749761	8.375629090423493	2.7258386786616065	6.560999085801061	3.480940370991517
d16509f6eaca1022bd8f28d6bc582cae	大人になれなかった弟たちに　本文_OCR済_20250707	3797	43	0.151172	0.02897	0.544377	0.000527	0	0	5	0.595570731307171	-0.9222786878484066	-0.08476348855434193	3.709363804738977	-0.181740525870158	3.4796328855135576
7ffd85d93a3e4de5c490d304ccd9f864	前期中間模範	381	37	0.062992	0	0	0	0	0	6	-0.1906437256089346	-1.0062055001622547	-0.22043664344346706	4.6928889308163475	-0.181740525870158	3.4573435874718492
a3c65c2974270fd093ee8a9bf8ae7d0b	サクセスコーチ英語１年【2025】_解答	8863	41	0.4978	0	0	0	0	0	2	3.68611217802883	-1.0062055001622547	-0.22043664344346706	0.7587884265068656	-0.181740525870158	3.399998986800132
74563ba21a90da13dacf2a73e3ddefa7	01_前期中間数学解説	627	32	0.15949	0.007974	0	0	0	0	5	0.6697341680573202	-0.9831046233451812	-0.22043664344346706	3.709363804738977	-0.181740525870158	3.357297231877807
443dec3062d0286986e21dc0631734c9	2025bookroll001 the great wall黄色マーカーを引こう	738	37	0	0.147696	0.448509	0	0	0	6	-0.7522815240899885	-0.5783265056332203	-0.22043664344346706	4.6928889308163475	-0.181740525870158	3.3235847835198298
2c3ddf4bf13852db711dd1901fb517fa	R7夏休みの基本課題（中３）模範解答	5562	40	0.358684	0.009889	0.000719	0.000539	0	0	3	2.4457514342281836	-0.9775568205981664	-0.08167415675421007	1.742313552584236	-0.181740525870158	3.310574535330201
53c3bce66e43be4f209556518c2fcb54	解答[STEP中2]第3章 1次関数	3257	32	0.574148	0.001842	0	0.000614	0	0	1	4.366832311354196	-1.000869180235361	-0.062365833003385815	-0.2247366995705047	-0.181740525870158	3.260601124415103
6492d38d732122c58b44e3fdc3e9e9f3	01_前期中間数学再解答例	546	45	0.142857	0	0.001832	0	0	0	5	0.5214340426106705	-1.0062055001622547	-0.22043664344346706	3.709363804738977	-0.181740525870158	3.185896229614084
7f6ffaa6bb0b408017b62254211691b5	サクセスコーチ英語２年【2025】_解答	5434	39	0.556864	0	0	0.00092	0	0	1	4.212727858265764	-1.0062055001622547	0.01641212789997717	-0.2247366995705047	-0.181740525870158	3.17993831230314
28dd2c7955ce926456240b2ff0100bde	（旧）改・未来へひろがる数学2	10524	42	0.400323	0.11279	9.5e-05	0.00114	0	0	2	2.8170055028551935	-0.679450057950348	0.07304987756906163	0.7587884265068656	-0.181740525870158	3.151134274850931
2723d092b63885e0d7c260cc007e8b9d	サクセスコーチ英語１年【2025】_本冊	13887	46	0.420465	0.098293	0.00216	0.00036	0	0	2	2.996591935053018	-0.72144822840647	-0.12775668943951063	0.7587884265068656	-0.181740525870158	3.0879159695840612
16ba72172e6a4f1de54d11ab6967e371	ELEMENTⅡ L3 S12 Writing Practice	905	47	0.098343	0.001105	0	0.001105	0	0.089503	5	0.12454642257025846	-1.0030042876111052	0.06403932648534368	3.709363804738977	-0.181740525870158	3.0766857920536324
729c68884bd359ade15d5f163166738a	0527解答例 図形の調べ方「角度演習２」	693	32	0.122655	0.001443	0.002886	0	0	0	5	0.34131264933987016	-1.0020250931836947	-0.22043664344346706	3.709363804738977	-0.181740525870158	3.0099552433218437
0738069b244a1c43c83112b735140a16	解答[サクシード数Ⅱ]第6章 微分法と積分法	5379	50	0.555122	0	0	0.000186	0	0	1	4.197196155113713	-1.0062055001622547	-0.1725520005414229	-0.2247366995705047	-0.181740525870158	2.9754424807096886
ad61ab143223efbc24c7d2583be69251	（旧）改・未来へひろがる数学2	6610	41	0.388956	0.077912	0.004236	0.00121	0	0	2	2.715657127580014	-0.7804924935693469	0.0910709797364976	0.7587884265068656	-0.181740525870158	2.9667645661241884
37f0e884fbad9667e38940169d0a3c95	【解答編】Sirius21国語発展Vol.2	8735	35	0.668804	0.002175	0.000343	0	0	0	0	5.210786900080107	-0.9999044709326167	-0.22043664344346706	-1.208261825647875	-0.181740525870158	2.9639244859263063
01a0683665f38d8e5e567b3b15ca98bf	R7夏休みの予習課題（中３）模範解答	1884	39	0.317941	0	0	0.000531	0	0	3	2.0824861176242724	-1.0062055001622547	-0.08373371128763131	1.742313552584236	-0.181740525870158	2.9166009846287806
d1fe173d08e959397adf34b1d77e88d7	（旧）改・未来へひろがる数学2	16392	42	0.354075	0.171059	0.000244	0.000976	0	0	2	2.4046575078057937	-0.5106433121196395	0.030829009633925934	0.7587884265068656	-0.181740525870158	2.8653721576971036
c30fb4dc55d801fc7473840b5b161dfa	R7夏休みの演習課題（中３）模範解答	11073	40	0.402149	0.036395	0	0.000813	0	0	2	2.8332861515094097	-0.9007682777196415	-0.011134413984532103	0.7587884265068656	-0.181740525870158	2.8619124121822597
5ef059938ba799aaa845e1c2e8a762bd	サクセスコーチ英語３年【2025】_解答	3872	30	0.535899	0	0	0	0	0	1	4.0258035433502934	-1.0062055001622547	-0.22043664344346706	-0.2247366995705047	-0.181740525870158	2.756165226044225
d86ea612dec96096c5e0fcc8dd42ab6d	【解答編】Sirius21国語発展Vol.1	4451	34	0.424848	0.001123	0.002247	0	0	0	2	3.0356708414338676	-1.0029521411623084	-0.22043664344346706	0.7587884265068656	-0.181740525870158	2.7528110092051157
26408ffa703a72e8ac0117e74ad46f33	12_0501正の数・負の数(四則計算基礎演習）解答	372	36	0.126344	0	0	0.002688	0	0	4	0.37420383930997136	-1.0062055001622547	0.4715736797860743	2.7258386786616065	-0.181740525870158	2.7471512234655555
069d3bb002acd8d7dd095917f9efe4cb	03-2_1年数学GW中の課題0502_解答例	1250	41	0.1792	0	0	0.0008	0	0	4	0.8454688805297226	-1.0062055001622547	-0.014481190101341638	2.7258386786616065	-0.181740525870158	2.732361394797891
26505e0494662534f633586941b77d0c	R7_1年夏休みの演習課題（解答）	28410	127	0.4088	0.02221	0.003942	0.000211	0	0	2	2.8925865864487275	-0.9418625763966155	-0.16611589262448145	0.7587884265068656	-0.181740525870158	2.725137069804654
dc58e3a306451c9d670adcd37004f48f	中2理科 徹底演習テキスト	12964	95	0.370025	0.07598	0.004782	0.000926	0	0	2	2.5468679930384077	-0.7860895457402255	0.017956793800043093	0.7587884265068656	-0.181740525870158	2.719264193475249
5103c3584b063c431bd1268e9b5e76fb	新課程版サクシード数B 第1章 数列 (問＆解答)	6625	49	0.526491	0	0	0	0	0	1	3.941921647107759	-1.0062055001622547	-0.22043664344346706	-0.2247366995705047	-0.181740525870158	2.6722833298016906
e74c0d42b4433905293aab661fcf8ddb	新課程版サクシード数Ⅱ 第6章 微分法と積分法 (問＆解答)	16741	77	0.515919	0.005675	0	0.000239	0	0	1	3.8476615060495023	-0.9897648836665321	-0.1589074517575071	-0.2247366995705047	-0.181740525870158	2.6559929969251166
9752d873fa71c19dc602bf2a0696f9b5	解答[サクシード数B]第1章 数列	14872	96	0.514726	0	0.000403	0.000269	0	0	1	3.8370246967151758	-1.0062055001622547	-0.15118412225717737	-0.2247366995705047	-0.181740525870158	2.636638900595397
5f93f983524def3dca464469d2cf9f3e	サクセスコーチ英語１年【2025】_解答	5766	37	0.508151	0.004162	0	0.000347	0	0	1	3.7784018791349605	-0.9941480823904137	-0.13110346555632016	-0.2247366995705047	-0.181740525870158	2.61015415748788
51de85ddd068f0bc787691d356176df9	R7_2年夏休みの演習課題_解答（AI先生付き）	28181	123	0.361662	0.027394	0.000142	0.001313	0	0	2	2.472303335483527	-0.9268443991430777	0.11758774435429625	0.7587884265068656	-0.181740525870158	2.603575633071769
0e4a2c65bdaddd66a53422d93daebe68	【5】 2017年度　本試験　英語【筆記】 第４問　Ａ	3149	108	0.060337	0.051445	0.009527	0.032391	0.921569	0.16926	3	-0.21431575308809386	-0.857168052475478	8.118442218062514	1.742313552584236	6.195682786469784	2.593589178613393
8c59fd6fbe0e9793ec2b27971221cace	【1】 2018年度　本試験　英語【筆記】 第４問　Ａ	4610	91	0.099783	0.010846	0.014534	0.00282	0	0.177657	4	0.13738548832166683	-0.9747843677371254	0.505556329587525	2.7258386786616065	-0.181740525870158	2.575736654703831
4fa7c62536118cc404dec4a0ca88d4f6	Unit2 プランシート	1850	31	0.404865	0	0	0	0	0	2	2.857502056079427	-1.0062055001622547	-0.22043664344346706	0.7587884265068656	-0.181740525870158	2.571388864850729
86d7c8a08b4aaa1bc7c599473f5dddda	【解答編】Sirius21国語発展Vol.1	5514	33	0.4037	0.000907	0.001269	0	0	0	2	2.8471148952458227	-1.0035778985478725	-0.22043664344346706	0.7587884265068656	-0.181740525870158	2.563629305631507
0c0a7566915f4f24853fc4192689aa7e	Unit2 授業スライド	2154	31	0.4039	0	0.000464	0	0	0	2	2.8488980988224073	-1.0062055001622547	-0.22043664344346706	0.7587884265068656	-0.181740525870158	2.5627849075937092
f7efa4f864ae9b88d43527f4b14f750f	★ELEMENTⅡ L8	6074	59	0.351992	0.008561	0.084623	0.005433	0	0.031116	1	2.386085442555667	-0.9814040697094121	1.178258329066242	-0.2247366995705047	-0.181740525870158	2.53994352821215
86ecfcbc1e9f1ae5ee2d71910877da36	【4】 2018年度　追試験　英語【筆記】 第５問	3132	108	0.045977	0.029374	0.016922	0.03129	1.010204	0.202427	4	-0.34234976988686094	-0.9211082897754072	7.834996025400412	2.7258386786616065	6.809052935953167	2.4883237084465843
1102a326d5f7c9e04fc3c89d0ede88c9	R7 2年夏明けテスト解答用紙0826模範	568	39	0.107394	0.033451	0	0	0	0	4.5	0.20524530042859	-0.9092971191228852	-0.22043664344346706	3.2176012417002915	-0.181740525870158	2.474853305432687
f61d6947467ccd3aa5af24db320235dd	01_１年数学「正負の数」週末課題 解答例	803	41	0.13325	0	0	0.001245	0	0	4	0.43577785880943404	-1.0062055001622547	0.1000815308202156	2.7258386786616065	-0.181740525870158	2.4372330939991595
b030afbb3a8af8fb0759241c97466ee4	解答[サクシード数Ⅱ]第3章 図形と方程式	5557	54	0.38438	0	0.00018	0.00018	0	0	2	2.6748574297477603	-1.0062055001622547	-0.17409666644148883	0.7587884265068656	-0.181740525870158	2.4350842155210404
ffd52f3c7e12435a724a8f30fddadd9c	01_１年数学「正負の数」週末課題 解答例	1305	45	0.268199	0.003831	0.007663	0	0	0	3	1.638985556091942	-0.9951069976432921	-0.22043664344346706	1.742313552584236	-0.181740525870158	2.3474959934595767
1fb2a1c37b18aa4611c3949d6148d0f8	大人になれなかった弟たちに　本文_OCR済_20250707	3881	42	0.144808	0.041742	0.564803	0	0	0	4	0.5388291935002522	-0.8852778854019976	-0.22043664344346706	2.7258386786616065	-0.181740525870158	2.340693869186552
86df7dcfd896fcaf2674f757a2463eba	0527解答例 図形の調べ方「角度演習２」	878	32	0.158314	0	0	0	0	0	4	0.6592489310270035	-1.0062055001622547	-0.22043664344346706	2.7258386786616065	-0.181740525870158	2.3401859919530463
0fcbc61acd0479dc77e3cccc0f5ffca7	Unit1 授業スライド	3375	38	0.368593	0	0	0.000296	0	0	2	2.534100255430063	-1.0062055001622547	-0.14423312570688065	0.7587884265068656	-0.181740525870158	2.3241905819379514
140f6969d5213fd0ece03148e62e461e	3章 方程式（R7用 未来へひろがる数学1）	2210	34	0.345701	0.053394	0.000905	0.000452	0	0	2	2.329994774054201	-0.8515217508807356	-0.1040718123051662	0.7587884265068656	-0.181740525870158	2.314930163245323
08b255a5d42b89b0585260b6f2360bdd	03-2_1年数学GW中の課題0502_解答例	1174	42	0.143952	0.03322	0	0	0	0	4	0.5311970821924705	-0.9099663318824467	-0.22043664344346706	2.7258386786616065	-0.181740525870158	2.3083733113983214
53adaf494dc89ef7196d73636eb2451b	[解答]中1理科 徹底演習テキスト	2267	32	0.468902	0.007499	0	0.000441	0	0	1	3.4284570932481353	-0.9844807101884355	-0.10690369978862042	-0.2247366995705047	-0.181740525870158	2.2940765095707327
1b0114c51cc532ed34e1954b5b9e4b58	[解答]中2理科 徹底演習テキスト	7266	72	0.447151	0.000138	0.000138	0.001101	0	0	1	3.2345247882766883	-1.0058057107214777	0.06300954921863303	-0.2247366995705047	-0.181740525870158	2.248732453073497
56f9f88906aebf4ad985aaec7fa01313	ELEMENT I L4Intro	602	44	0.049834	0	0	0.003322	0	0	4	-0.30796068891242884	-1.0062055001622547	0.6347933765597087	2.7258386786616065	-0.181740525870158	2.2282063920167894
46515dcd99ea50dd0671bc6840830404	R7夏休みの演習課題（中３）模範解答	10847	40	0.361021	0.015488	0	0	0	0	2	2.4665881680205732	-0.9613363779973642	-0.22043664344346706	0.7587884265068656	-0.181740525870158	2.2253440989567657
819e3d6c1381eac87c17617e5165f38c	MES放送用 大問６	830	107	0.06506	0.237349	0.007229	0	0	0	4	-0.1722054006270509	-0.31859952929999846	-0.22043664344346706	2.7258386786616065	-0.181740525870158	2.196337631161248
12311d05c9aa67765703984239511212	解答[新課程版サクシード数Ⅱ]第4章 三角関数	7708	68	0.47055	0.005189	0	0	0	0	1	3.4431506907191918	-0.9911728377840513	-0.22043664344346706	-0.2247366995705047	-0.181740525870158	2.1885450357913268
ad47a008a2f806aa6eb1b53852cd8b37	解答[サクシード数A]第2章 図形の性質	2949	33	0.468294	0.006104	0	0	0	0	1	3.4230361543753185	-0.9885220599702035	-0.22043664344346706	-0.2247366995705047	-0.181740525870158	2.171081277261301
8a20a8621978632d76c43dfd28b67767	R7夏休みの予習課題（中３）模範解答	1630	38	0.248466	0	0	0	0	0	3	1.4630457752082322	-1.0062055001622547	-0.22043664344346706	1.742313552584236	-0.181740525870158	2.1604577100569045
4ae67a7dd7e491f8fb6f9ea0cf25dfdb	2025bookroll001 the great wall問題入り語注なし	1419	40	0.093023	0.408034	0.033122	0.000705	0	0	3	0.07711320743311073	0.17587917141761245	-0.038938400185719035	1.742313552584236	-0.181740525870158	2.138108057119398
65b9eea6e1cc6bb9f0cd2a47751a186f	サクセスコーチ英語１年【2025】_本冊	13914	42	0.307101	0.260313	0.007259	0.002587	0	0	1	1.9858364837733928	-0.25207224873475126	0.445571803801631	-0.2247366995705047	-0.181740525870158	2.136339865139926
9d949c3d8baa0f9df6f22c4661946a61	【1冬】 2018年度　本試験　英語【筆記】 第４問　Ａ	4057	118	0.088982	0.068277	0.012817	0.008381	0	0.144935	2	0.04108357916822103	-0.8084053288004109	1.937204174631974	0.7587884265068656	-0.181740525870158	2.1104113773768076
b139aeda1c2914e3b579aafd3ceeb1bd	解答[新課程版サクシード数Ⅱ]第5章 指数関数と対数関数	5156	57	0.456943	0	0	0.000194	0	0	1	3.321830435386265	-1.0062055001622547	-0.17049244600800162	-0.2247366995705047	-0.181740525870158	2.1021363155156623
c9e1074f5b3f9fc8ea15d152add07294	サクセスコーチ英語１年【2025】_解答	5042	38	0.451012	0	0	0.000397	0	0	1	3.268949533322652	-1.0062055001622547	-0.11823124972243731	-0.2247366995705047	-0.181740525870158	2.1015166097376135
1700002963a49da13542e0726b7bb758	解答[STEP中1]第1章 正の数と負の数	8656	39	0.327403	0.049445	0	0.000116	0	0	2	2.1668494788324852	-0.862962102341812	-0.19057310270885885	0.7587884265068656	-0.181740525870158	2.053843226158838
85353d3b2f39b9c9b5ee3576578c04b7	【7】 2017年度　追試験　英語【筆記】 第４問　Ａ	2808	103	0.050926	0.050926	0.00641	0.032051	0.977778	0.176994	3	-0.2982243973842775	-0.8586716084157917	8.03091115039211	1.742313552584236	6.584659181035265	2.03166951614101
73278a4a86960eeb576a8fd4c9ec6997	サクセスコーチ英語２年【2025】_本冊	12851	42	0.400202	0.150416	0.002646	0.000156	0	0	1	2.81592666469136	-0.5704465978150061	-0.18027533004175259	-0.2247366995705047	-0.181740525870158	2.022208563134255
2b44928ae11fb9384c4cf38708677c48	サクセスコーチ英語２年【2025】_本冊	14399	44	0.366137	0.233975	0.001111	0.000347	0	0	1	2.512202515509605	-0.32837409142450397	-0.13110346555632016	-0.2247366995705047	-0.181740525870158	2.009728784828434
f899139df5e1059396431415e770c6dd	サクセスコーチ英語２年【2025】_解答	4036	37	0.436819	0.000496	0.009415	0.000248	0	0	1	3.142404491510333	-1.0047685757954041	-0.15659045290740817	-0.2247366995705047	-0.181740525870158	1.9380492891071737
96055f5b06bf9381ac43879351642cf5	解答[STEP中2]第7章 確率	4263	60	0.426226	0.022519	0	0.000235	0	0	1	3.0479571140765347	-0.940967395692267	-0.15993722902421773	-0.2247366995705047	-0.181740525870158	1.904056315659703
059fdcd96baeb75112f09fa1dcc740cc	Unit3 授業スライド	2000	33	0.3295	0	0	0	0	0	2	2.185546368332974	-1.0062055001622547	-0.22043664344346706	0.7587884265068656	-0.181740525870158	1.8994331771042758
359f38463d487e9e29bd20e24f0c050a	Unit2 授業スライド	2212	30	0.32821	0	0	0	0	0	2	2.1740447052640035	-1.0062055001622547	-0.22043664344346706	0.7587884265068656	-0.181740525870158	1.8879315140353055
a64c94baaf368e1840a1324e839230de	11_一次関数Bライン解説	2654	34	0.211379	0	0.004145	0.01168	0	0	0	1.1323774199842858	-1.0062055001622547	2.7865129753515636	-1.208261825647875	-0.181740525870158	1.8861635953958773
ff1418e8cc993fe8abcfe3ce2003e5c5	11_前期中間テスト数学 解説	863	34	0.195829	0.060255	0.002317	0	0	0	3	0.9937333419048409	-0.8316452628142768	-0.22043664344346706	1.742313552584236	-0.181740525870158	1.8657055141014909
a8345c3bb9e3896ea538ce77ffaf2c20	解答[サクシード数Ⅰ]第3章 2次関数	6036	61	0.420477	0.030981	0	0.000166	0	0	1	2.996698927267613	-0.9164527707078078	-0.177700886874976	-0.2247366995705047	-0.181740525870158	1.8595490959844825
df877f3865752637daa540ea9cbc474f	Unit1 授業スライド	4863	37	0.323669	0	0	0	0	0	2	2.1335570680576526	-1.0062055001622547	-0.22043664344346706	0.7587884265068656	-0.181740525870158	1.8474438768289545
6c4b761a28b734fe93831e3fb400ce87	1章 正の数・負の数（R7用 未来へひろがる数学1）	12974	52	0.270926	0.107292	0.024202	0.000617	0	0	2	1.6632995368586714	-0.6953779010329001	-0.061593500053352825	0.7587884265068656	-0.181740525870158	1.846857088149442
e0ab531ec312161511493b002f9be2ee	解答[STEP中2]第5章 三角形と四角形	6194	68	0.403132	0.071844	0	0.000161	0	0	1	2.8420505970883227	-0.7980716408638042	-0.1789881084583643	-0.2247366995705047	-0.181740525870158	1.8219946740658073
1d94108e907bb8311d8802b48fd54b4a	【3】 2018年度　追試験　英語【筆記】 第４問　Ａ	2632	87	0.084347	0.006079	0.00266	0.00038	0	0.208587	4	-0.00024216371912473447	-0.9885944855935326	-0.12260780310595748	2.7258386786616065	-0.181740525870158	1.7961347521131494
38b3eff8baf56627478ec76a704e9b52	サクセスコーチ英語２年【2025】_本冊	19775	41	0.252996	0.322225	0.016334	0.002427	0	0	1	1.5034353362178712	-0.07271164107251547	0.4043807131332059	-0.2247366995705047	-0.181740525870158	1.7921082345782149
979d472a84804b9f647bc185a877a8b5	3章 一次関数（R7用 未来へひろがる数学2）	1362	31	0.305433	0.03304	0	0	0	0	2	1.970964565944678	-0.9104877963704169	-0.22043664344346706	0.7587884265068656	-0.181740525870158	1.7805690785078179
825f9cd5f0390bc77c1fed3c94885c87	夏休み明けテスト模範解答 (0826)	671	38	0.132638	0.083458	0.101341	0.00149	0	0	3	0.43032125586508546	-0.7644255932900025	0.1631553884062415	1.742313552584236	-0.181740525870158	1.7531051294357183
258be18e31c8188555c2ff05b4d542c3	03-2_1年数学GW中の課題0502	2269	43	0.166152	0.105333	0	0	0	0	3	0.7291326791933499	-0.7010531728769743	-0.22043664344346706	1.742313552584236	-0.181740525870158	1.7316969413273022
921c2dc40d0b979c2910298d2f880152	【8】 2017年度　追試験　英語【筆記】 第５問	2955	104	0.034518	0.034856	0.010491	0.029442	0.896552	0.231134	3	-0.4445184188072698	-0.9052267990917856	7.359238928180103	1.742313552584236	6.022560644769262	1.7292466180960204
635440afdfc39fe37995fed127d7df4f	2025bookroll001 the great wall問題入り語注なし	821	39	0	0.615104	0.009744	0	0	0	3	-0.7522815240899885	0.7757661243285049	-0.22043664344346706	1.742313552584236	-0.181740525870158	1.7271020352494433
aee92f16efd522b9326c25cc3237ac15	解答[サクシード数Ⅱ]第1章 式と証明	5962	63	0.400704	0	0.007045	0.000671	0	0	1	2.820402505668587	-1.0062055001622547	-0.04769150695275936	-0.2247366995705047	-0.181740525870158	1.7235093248532265
efdf562ce2fb0ad460fd8e9d33e57f57	2025bookroll002New Zealand語注なしマーカーを引こう	1369	40	0	0.268079	0.463842	0	0	0	4	-0.7522815240899885	-0.22957395310377626	-0.22043664344346706	2.7258386786616065	-0.181740525870158	1.7052870838945324
06fe1c234519f6812fc4c1baae25d6af	Summer MES 09	995	45	0.138693	0	0.065327	0.00201	0	0	3	0.4843077441461812	-1.0062055001622547	0.2970264330786231	1.742313552584236	-0.181740525870158	1.6991827555169436
8b5700012be65c9da25f49408d959ca0	第3章(解答) 1次方程式[STEP中1]	40274	103	0.383076	0.093932	0.000298	9.9e-05	0	0	1	2.6632309424284295	-0.7340821541400113	-0.19494965609237902	-0.2247366995705047	-0.181740525870158	1.6912029584956927
708f3cf8100d5e71834b1db77dfa15d6	[解答]中3理科 徹底演習テキスト	13383	96	0.411343	0.00142	0	0.000149	0	0	1	2.9152600199249994	-1.0020917247571577	-0.1820774402584962	-0.2247366995705047	-0.181740525870158	1.688094681208999
d77f00766fd3be3f2189c843a6af3fb2	第4章(解答) 比例と反比例[STEP中1]	17552	95	0.388731	0.056575	0	0.000114	0	0	1	2.713651023556356	-0.8423063145683314	-0.19108799134221416	-0.2247366995705047	-0.181740525870158	1.6372605439454637
698d51a19d8a121ce581499d7b701668	サクセスコーチ英語１年【2025】_本冊	21147	42	0.296685	0.332577	0.001182	0.000189	0	0	1	1.8929672415048717	-0.04272163896437053	-0.1717796675913899	-0.2247366995705047	-0.181740525870158	1.6354697612487645
5acdc9ca5d99ae66afdfe1eea0e3b26b	【2】 2018年度　本試験　英語【筆記】 第５問	2802	90	0.066024	0.007852	0.011777	0.000357	0	0.223769	4	-0.16361035938791366	-0.9834580603870274	-0.12852902238954358	2.7258386786616065	-0.181740525870158	1.6319817623672797
312351bff07989769097660a56395065	解答[STEP中3]第1章 式の計算	6852	65	0.39711	0.025102	0	0.000146	0	0	1	2.7883583373973635	-0.9334843802898966	-0.18284977320852916	-0.2247366995705047	-0.181740525870158	1.6290280101985912
b0f2ad44d26e1a6f244201fe0fd864d1	【問題編】Sirius21国語発展Vol.1	11262	41	0.242586	0.149885	0.164802	0.000266	0	0.064465	2	1.4106195900566478	-0.5719849180545178	-0.15195645520721032	0.7587884265068656	-0.181740525870158	1.6272071691719434
cedebb6e872f539bef8c3f919874e9d7	3章 方程式（R7用 未来へひろがる数学1）	2523	33	0.265161	0.066984	0	0.000396	0	0	2	1.611898693763623	-0.812151182038996	-0.11848869403911498	0.7587884265068656	-0.181740525870158	1.6217877700625358
1680829293f2a8541efa2647a0290f88	【5】 2017年度　本試験　英語【筆記】 第４問　Ａ	2043	85	0.062653	0.002447	0.007342	0.000489	0	0.226138	4	-0.19366625567124537	-0.9991164801507952	-0.09454637258809291	2.7258386786616065	-0.181740525870158	1.620250096121631
1ff8a7b5dc7a7d1f0ed65aaa29c04b1e	4章 変化と対応（R7用 未来へひろがる数学1）	3259	35	0.245781	0.13317	0.004296	0.000307	0	0	2	1.4391062671925854	-0.6204086898124043	-0.14140123822342643	0.7587884265068656	-0.181740525870158	1.6178252915337783
06409663226af2f3114485aa4e0a23b4	2章 文字の式（R7用 未来へひろがる数学1）	5704	34	0.50859	0.0277	0.002454	0	0	0	0	3.7823160109855634	-0.9259579095135287	-0.22043664344346706	-1.208261825647875	-0.181740525870158	1.6094001582508501
fb4ab556bc42d6f0ee0f9e24ec4d1af0	【3C】4編 1章 5 何を考えて決めますか～意思決定のプロセス～	1497	38	0.047428	0.082832	0.541082	0	0	0	4	-0.3294126279387404	-0.7662391308981651	-0.22043664344346706	2.7258386786616065	-0.181740525870158	1.5914908022513918
40173ea48d9567f1f393b20c855bb40b	Summer MES 06	1281	53	0.18345	0	0.032787	0	0	0	3	0.8833619565321432	-1.0062055001622547	-0.22043664344346706	1.742313552584236	-0.181740525870158	1.5807738913808156
eb76c035d5d0a2bd2a0d0834b93c9c26	R7_2年夏休みの演習課題_解答（A問題,一次関数）	23637	125	0.284469	0.01248	0	0.000169	0	0	2	1.784049167047091	-0.9700506289963307	-0.17692855392494305	0.7587884265068656	-0.181740525870158	1.577598936502841
2288f691b58edecadcc9a8691762b4fd	【4】 2018年度　追試験　英語【筆記】 第５問	2025	84	0.057284	0.000988	0.007901	0.000494	0	0.25284	4	-0.24153635568465626	-1.003343239528286	-0.09325915100470462	2.7258386786616065	-0.181740525870158	1.5694404583141175
69421f032498c97020180038fddb8e24	【問題編】Sirius21国語発展Vol.3	4773	35	0.307144	0.27907	0.002514	0	0	0	1	1.986219872542358	-0.19773275206333774	-0.22043664344346706	-0.2247366995705047	-0.181740525870158	1.5250543033352066
5fd0b37cd7dbbb00f97ba6ce92bf5add	サクセスコーチ英語２年【2025】_解答	6355	36	0.507632	0	0	0	0	0	0	3.773774465853723	-1.0062055001622547	-0.22043664344346706	-1.208261825647875	-0.181740525870158	1.520611022470284
4a47d2983c8bd392b120b627e0e1cab4	0509_１次関数「前期中間過去問より」	1255	40	0.038247	0.418327	0	0	0	0	3	-0.4112705881218518	0.20569824905470047	-0.22043664344346706	1.742313552584236	-0.181740525870158	1.4980450959437754
390e982518a50e280d8e2b535462ec1f	中3理科 徹底演習テキスト	10794	96	0.356402	0.109042	0	9.3e-05	0	0	1	2.4254050814193544	-0.6903081073998578	-0.196494321992445	-0.2247366995705047	-0.181740525870158	1.495606478326705
103303dd56a731e377d01f6a37badae3	R7 春課題B 解答例（入試問題編）	6139	102	0.272031	0.013194	0.000163	0.000163	0	0	2	1.673151736619301	-0.9679821531940493	-0.178473219825009	0.7587884265068656	-0.181740525870158	1.4672253159772661
3be0214185d6177a9aa6adea5a720b09	冬休み課題　その２（高校入試問題）模範解答	2783	36	0.254402	0.081567	0	0	0	0	2	1.5159712573612603	-0.7699038674386215	-0.22043664344346706	0.7587884265068656	-0.181740525870158	1.4661596988561953
0172d289da48c48de8c5ebf3de9f7ee1	解答[サクシード数Ⅱ]第2章複素数と方程式	5568	54	0.385057	0.000359	0.00018	0.00018	0	0	1	2.680893573854499	-1.0051654682112479	-0.17409666644148883	-0.2247366995705047	-0.181740525870158	1.4586352655014152
e4873aa9a05cc5ed839561d121516766	R7 1年前期中間テスト模範解答	358	32	0.058659	0	0	0	0	0	4	-0.22927683109563782	-1.0062055001622547	-0.22043664344346706	2.7258386786616065	-0.181740525870158	1.4516602298304049
4e477793df9bdde030226dcd3a262a4a	冬休み課題　その２（高校入試問題）模範解答	3053	38	0.277432	0.004913	0	0	0	0	2	1.7213071492049652	-0.9919724166656053	-0.22043664344346706	0.7587884265068656	-0.181740525870158	1.4494270414729167
88fee0421317424e4469f33a48f50cb0	[サクシード数Ⅰ]第3章 2次関数	4271	50	0.349099	0.122688	0	0	0	0.000702	1	2.3602914028203714	-0.6507753051618608	-0.22043664344346706	-0.2247366995705047	-0.181740525870158	1.446083280514697
13111c20aee51aeb480ecbd988cd8cc9	2025bookroll002New Zealand語注なしマーカーを引こう	1215	38	0	0.10535	0.584362	0.000823	0	0	4	-0.7522815240899885	-0.7010039234531105	-0.008559970817755556	2.7258386786616065	-0.181740525870158	1.4457337861709099
6c3cf77d52820cd0fe646d38bc2145ca	第2章(解答) 文字と式[STEP中1]	9592	39	0.376147	0.036593	0.000104	0	0	0	1	2.6014518545176593	-0.9001946667828745	-0.22043664344346706	-0.2247366995705047	-0.181740525870158	1.4378243705909708
dc2b690516158a874dd8aabe1365c6a0	【3B】4編 1章 5 何を考えて決めますか～意思決定のプロセス～	1309	36	0.032086	0.076394	0.563025	0	0	0	4	-0.4662021742985373	-0.7848901774178944	-0.22043664344346706	2.7258386786616065	-0.181740525870158	1.436050209371866
65f2a94c8c2d56d5b43a1a3d9d811102	夏休み明けテスト模範解答 (0826)	654	34	0.152905	0.039755	0	0	0	0	3	0.6110221902982758	-0.8910342739442004	-0.22043664344346706	1.742313552584236	-0.181740525870158	1.4236053513650022
a07c2f3b3b907aaf8436a26c6d77f0a2	2025bookroll001 the great wall問題入り語注なし	922	39	0	0.506508	0.035792	0	0	0	3	-0.7522815240899885	0.46116080468630033	-0.22043664344346706	1.742313552584236	-0.181740525870158	1.4124967156072388
fa2e8c4385712f9a1d24c363a2cbe5b8	解答[サクシード数A]第3章 数学と人間の活動	5441	38	0.383385	0.000735	0	0	0	0	1	2.665985991954252	-1.0040761868363772	-0.22043664344346706	-0.2247366995705047	-0.181740525870158	1.3984769879740613
bf8229696f7a3bb4700cfddef19fa23f	2章 文字の式（R7用 未来へひろがる数学1）	8757	40	0.426402	0.140231	0.001142	0.000571	0	0	0	3.0495263332239295	-0.599952796759312	-0.07343593862052504	-1.208261825647875	-0.181740525870158	1.3496162980663753
d89a66c7c80a29b1bdbab0f2a1a94af8	解答[サクシード数Ⅰ]第4章 図形と計量	4040	42	0.307426	0.188861	0	0.000248	0	0	1	1.9887341895853423	-0.4590704742594004	-0.15659045290740817	-0.2247366995705047	-0.181740525870158	1.3300770887181868
f7e2b2b75b04175610e5a00c1e221ebb	Unit4 授業スライド	1801	30	0.375902	0	0	0	0	0	1	2.599267430136343	-1.0062055001622547	-0.22043664344346706	-0.2247366995705047	-0.181740525870158	1.3296291128302746
06a81a4fb98d149f2d31c68828fa6eb2	02_2章Bラインテスト解説	590	31	0.140678	0.042373	0	0	0	0	3	0.5020060396437823	-0.8834498626691693	-0.22043664344346706	1.742313552584236	-0.181740525870158	1.3221736119855398
28b60a16b55fd531047c0c958ce14b95	R7_夏休みの課題説明	435	32	0.043678	0	0	0	0	0	4	-0.3628476949996997	-1.0062055001622547	-0.22043664344346706	2.7258386786616065	-0.181740525870158	1.318089365926343
39059724f73a9969845dfe4146c5660e	1章 式の展開と因数分解（R7用 未来へひろがる数学3）	2477	35	0.351231	0.024627	0	0.000404	0	0	1	2.3793003529467627	-0.9348604671331509	-0.11642913950569372	-0.2247366995705047	-0.181740525870158	1.2850145726075715
605ff764c617d3cd28dbbdd72be8f9a2	03-2_1年数学GW中の課題0502_解答例	1414	41	0.149222	0.001414	0	0	0	0	3	0.578184496435472	-1.0021091069067567	-0.22043664344346706	1.742313552584236	-0.181740525870158	1.2796928245396422
8bd39eae38511daad6152e84545e504d	Summer MES 07	1246	52	0.147673	0	0.079454	0	0	0	3	0.5643735847348251	-1.0062055001622547	-0.22043664344346706	1.742313552584236	-0.181740525870158	1.2617855195834973
f7e6c85504ce6e82442c770f7c8606f0	3章 方程式（R7用 未来へひろがる数学1）	3664	33	0.304039	0.027293	0.003821	0.00191	0	0	1	1.958535637015884	-0.9271369986613276	0.27128200141085734	-0.2247366995705047	-0.181740525870158	1.259684466065067
961b27cff1f9ef4ee308bb33fe18a91a	20260218三角比テスト前演習	2922	53	0.356605	0.003765	0	0.000342	0	0	1	2.427215033049588	-0.995298201288881	-0.13239068713970845	-0.2247366995705047	-0.181740525870158	1.2565299709206514
11108a3dbfe4636cb40b84b803b2fff6	新課程版サクシード数C 第2章 空間のベクトル (問＆解答)	27706	65	0.198946	0.513679	7.2e-05	3.6e-05	0	0	1	1.0215245696459103	0.48193537048204105	-0.2111686480430714	-0.2247366995705047	-0.181740525870158	1.2492951183845333
704afe073992cbe4813cae2f7715336f	第2章(解答) 文字と式[STEP中1]	11398	42	0.346289	0.053869	0	8.8e-05	0	0	1	2.3352373925693595	-0.8501456640374813	-0.19778154357583327	-0.2247366995705047	-0.181740525870158	1.2443140112556983
ac4e7a4f341e7281b0f6f274f9ec3905	冬休み課題　その２（高校入試問題）模範解答	3156	36	0.237009	0.052598	0	0	0	0	2	1.3608949583235892	-0.8538277827275366	-0.22043664344346706	0.7587884265068656	-0.181740525870158	1.2271594845296092
d198bd736a97e7cecfdf8f4f2027ef80	解答[STEP中3]第4章 関数y=ax2	5639	68	0.320447	0.117751	0.000177	0.000177	0	0	1	2.104829658438876	-0.6650779172569065	-0.1748689993915218	-0.2247366995705047	-0.181740525870158	1.2218865680901008
e113bb92c69391dd39e2488f9f588382	3編 1章-1 衣服の役割	4732	121	0.001479	0.016906	0.671386	0.000845	0	0	4	-0.7390947336411462	-0.9572283966421334	-0.0028961958508470814	2.7258386786616065	-0.181740525870158	1.2083598783976375
74791edf1f8e8b8289a5067737630874	32_後期中間数学S	459	31	0.244009	0.021786	0	0	0	0	2	1.4233070835040467	-0.9430909149682785	-0.22043664344346706	0.7587884265068656	-0.181740525870158	1.2003084774693247
5e751896e527c862bf67251a474b3819	解答[青チャート数Ⅰ]第3章 2次関数	3864	48	0.343685	0.001035	0	0.000518	0	0	1	2.3120200820022294	-1.003207079356427	-0.08708048740444085	-0.2247366995705047	-0.181740525870158	1.1787363415410148
e2c0be24560d78c5e599c2a9c9d0bbd2	3章 一次関数（R7用 未来へひろがる数学2）	3259	33	0.282295	0.233814	0	0	0	0	1	1.7646657441696174	-0.32884051243874385	-0.22043664344346706	-0.2247366995705047	-0.181740525870158	1.1723924145870597
839ab46820b524afda05122893c2fe8e	第1章(解答) 正の数と負の数[STEP中1]	16528	40	0.281583	0.22598	0.001452	6.1e-05	0	0	1	1.7583175394369768	-0.35153580576517424	-0.20473254012612999	-0.2247366995705047	-0.181740525870158	1.159053019845326
6e0e24295e8a86282cb559b860416812	解答[新課程版サクシード数B]第2章 統計的な推測	13147	119	0.352324	0.008063	0.000304	0	0	0	1	2.389045560492797	-0.9828467881261292	-0.22043664344346706	-0.2247366995705047	-0.181740525870158	1.142765955222854
cc70903297fe1e25537ae50aea186306	Summer MES 08	1056	45	0.133523	0	0.07197	0	0	0	3	0.4382119316914719	-1.0062055001622547	-0.22043664344346706	1.742313552584236	-0.181740525870158	1.135623866540144
d8bf84be3800d12f74d8b05e9b89836f	0827, 0828 (No.13)	5786	120	0.23747	0.003802	0.003629	0.000173	0	0	2	1.3650052425676162	-0.995191011366354	-0.17589877665823245	0.7587884265068656	-0.181740525870158	1.1344444069200534
d757719ed7c2b66dd17dcee2a3cb29f4	解答[STEP中3]第7章 三平方の定理	7412	58	0.291284	0.187669	0	0	0	0	1	1.8448118289192075	-0.46252372797973546	-0.22043664344346706	-0.2247366995705047	-0.181740525870158	1.1188552837956585
028ee724157b05d04e7bdcf237d12e60	解答[サクシード数Ⅰ]第1章 数と式	2482	53	0.345689	0.014907	0	0	0	0	1	2.329887781839606	-0.9630195494835342	-0.22043664344346706	-0.2247366995705047	-0.181740525870158	1.103435415212258
43dd49b4fdb9bede653e94468ff8df1e	中1理科 徹底演習テキスト	8806	48	0.197933	0.437543	0	0.000341	0	0	1	1.0124926435305097	0.26136748017043776	-0.13264813145638607	-0.2247366995705047	-0.181740525870158	1.0982158185442148
bb03e43ffe34eeb242a2ee4a4f125e56	Summer MES 02	2602	86	0.128363	0.000769	0.114912	0	0	0	3	0.3922052794155918	-1.0039776879886493	-0.22043664344346706	1.742313552584236	-0.181740525870158	1.0918450264378694
eb0ecdb070a1a0ac46de0cd733d39cf3	【7】 2017年度　追試験　英語【筆記】 第４問　Ａ	1999	80	0.057029	0.035518	0.014007	0.002001	0	0.223612	3	-0.24380994024480146	-0.903308968586029	0.2947094342285242	1.742313552584236	-0.181740525870158	1.0716446038520875
eb1e78328c46506b46a4ac4a1e378b91	11_前期中間テスト数学 解説	1039	35	0.186718	0.060635	0	0.000962	0	0	2	0.9124995029735339	-0.8305443933396733	0.027224789200438738	0.7587884265068656	-0.181740525870158	1.0497088512113228
f8eb278a8bce873ef365b45e939da38a	【2冬】 2018年度　本試験　英語【筆記】 第６問	2150	72	0.066977	0.050698	0.000465	0.025116	0.740741	0.227907	2	-0.15511339434548857	-0.8593321301005538	6.24553481423256	0.7587884265068656	4.94432048725637	1.045557229037013
41f1f19176d383480afa65d325c06ed0	ELEMENTⅡ L1 S12	3924	55	0.085627	0.025229	0.115189	0.014526	0.789474	0.215341	5	0.011170339171015965	-0.9331164581233844	3.519199500616175	3.709363804738977	5.281561616548113	1.025055569854671
4c5bde74a8f110656874902f07378009	4章 変化と対応（R7用 未来へひろがる数学1）	2152	33	0.222584	0.025558	0.003253	0	0	0	2	1.2322814003624323	-0.9321633369203723	-0.22043664344346706	0.7587884265068656	-0.181740525870158	1.0202103723756166
f52378e14237225a6f6c7d802dc6abbd	250521 ３年5章Blineテスト　詳しい解説	1106	34	0.072333	0.165461	0	0.003617	0	0	2	-0.10735920256455568	-0.5268608576955084	0.7107394499796175	0.7587884265068656	-0.181740525870158	1.017048342096577
8e68c3c7bf14ad0bcaba52babfa470bd	Summer MES 10	1423	61	0.187632	0.001405	0.036543	0.001405	0	0	2	0.9206487433185251	-1.0021351801311553	0.1412726214886407	0.7587884265068656	-0.181740525870158	1.000315137053034
a48564053b3c7b54800246348c7fa4a0	10_2年数学週末課題「図形の性質と証明」No.10	322	39	0.118012	0	0	0	0	0	3	0.2999155783094611	-1.0062055001622547	-0.22043664344346706	1.742313552584236	-0.181740525870158	0.9973275131581333
3e77a14629775492504515dc4b23deda	21_１年数学「空間図形」週末課題No.21解答例	645	39	0.182946	0.00155	0	0.00155	0	0	2	0.8788682835191503	-1.001715111515846	0.1786020474069009	0.7587884265068656	-0.181740525870158	0.9962841717872287
2e74c2cf88f68a68c84e9509abc7ea56	夏休み明けテスト模範解答 (0826)	1022	40	0.105675	0.287671	0.001957	0.000978	0	0	2	0.18991866568784624	-0.17281544061316823	0.031343898267281234	0.7587884265068656	-0.181740525870158	0.9889760757189828
07811dc6c422334ce36a09ff5cd6fe71	[STEP中3]第1章 式の計算	6573	79	0.305644	0.09326	0	0	0	0	1	1.972845845717975	-0.7360289548950996	-0.22043664344346706	-0.2247366995705047	-0.181740525870158	0.9733840736790617
309928d4b100a5d75adff48a9bfc1ddb	0526 図形の調べ方「証明練習２」	1299	41	0.214011	0.366436	0.003079	0	0	0	1	1.1558443790521378	0.05536872824773115	-0.22043664344346706	-0.2247366995705047	-0.181740525870158	0.9477802901560551
070dbb6024b5ef93784428afc71f2146	夏休み事前テスト	7330	254	0.061937	0.136426	0	0.000136	0	0.17899	3	-0.2000501244754179	-0.6109759766300126	-0.18542421637530573	1.742313552584236	-0.181740525870158	0.9276037609736577
88ef51f0bf911e452e8dbb1d807a81ab	解答[STEP中3]第3章 2次方程式	4319	61	0.328548	0.006715	0.000695	0	0	0	1	2.1770583193084314	-0.9867519777360383	-0.22043664344346706	-0.2247366995705047	-0.181740525870158	0.9268735244285794
6cd9313ed34ef58bad3fdd504355e72c	2025bookroll001 the great wall黄色マーカーを引こう	999	39	0	0.243243	0.443443	0.001001	0	0	3	-0.7522815240899885	-0.30152446434391217	0.037265117550867345	1.742313552584236	-0.181740525870158	0.9075132075713607
0336dcbab05b9d5ad24f4333c7658a0e	1章 式の計算（R7用 未来へひろがる数学2）	4567	94	0.216991	0.002847	0.006131	0	0	0	2	1.1824141123432466	-0.9979576701775285	-0.22043664344346706	0.7587884265068656	-0.181740525870158	0.9045487510992747
7b7a53e239400a13bd6be6c91c4f6c4e	解答[STEP中2]第2章 連立方程式	20062	115	0.314425	0.037982	0.004436	5e-05	0	0	1	2.051137398747917	-0.8961706991507055	-0.2075644276095842	-0.2247366995705047	-0.181740525870158	0.9044060982872807
a597e50502f5ff68e3e25b9114205d4a	2章 連立方程式（R7用 未来へひろがる数学2）	2137	52	0.214787	0.007487	0	0	0	0	2	1.1627632089292854	-0.9845154744876334	-0.22043664344346706	0.7587884265068656	-0.181740525870158	0.8983400433752086
1e0a84051e6a4a7381473328f43c4884	3章自己評価シート（まとめ例）	536	46	0.106343	0	0	0	0	0	3	0.19587456563363836	-1.0062055001622547	-0.22043664344346706	1.742313552584236	-0.181740525870158	0.8932865004823104
f90f2aca5c640289d0a29417bcb63a37	解答[STEP中1]第1章 正の数と負の数	14391	48	0.319922	0.021263	0	0	0	0	1	2.1001487490503417	-0.9446060590083248	-0.22043664344346706	-0.2247366995705047	-0.181740525870158	0.8921098728982032
dbab2adc8f9d078009ee3fa810bea142	【9】 2016年度　本試験　英語【筆記】 第４問　Ａ	1978	80	0.069262	0.053589	0.019717	0.000506	0	0.189585	3	-0.1347402934830106	-0.8509568310187681	-0.09016981920457272	1.742313552584236	-0.181740525870158	0.8481871347480424
277a78fc05c8864a170e9a56ceeabc4c	[STEP中1]第4章 比例と反比例	33829	109	0.251412	0.202459	0.002867	0.000148	0	0.041207	1	1.4893123638913222	-0.41967672921819543	-0.18233488457517386	-0.2247366995705047	-0.181740525870158	0.8443045763976063
9cf81d8026a9018052c429cc4e56739b	【問題編】Sirius21国語発展Vol.1	16038	44	0.158249	0.42312	0.145467	0.000873	0	0	1	0.6586693898646134	0.2195836895593699	0.004312245016127287	-0.2247366995705047	-0.181740525870158	0.8395691507397639
298f95e1bf9136124592c8d4825a06fc	Unit1 授業スライド	3065	40	0.311256	0	0	0.000326	0	0	1	2.0228825380769355	-1.0062055001622547	-0.13650979620655093	-0.2247366995705047	-0.181740525870158	0.8371710680077832
4e87337f366f72daa424dae11df0538c	0612三平方の定理「演習」模範解答	460	33	0.1	0	0	0	0	0	3	0.1393202642022611	-1.0062055001622547	-0.22043664344346706	1.742313552584236	-0.181740525870158	0.8367321990509332
d860edd1dd83b36f02ce52bde626c653	解答[STEP中3]第2章 平方根	5447	71	0.314118	0.002019	0	0.000184	0	0	1	2.04840018125786	-1.0003564068221906	-0.1730668891747782	-0.2247366995705047	-0.181740525870158	0.8319807115605443
8bdb5058376143fa358981954e7626b8	03_3章Bラインテスト	1065	40	0.181221	0.001878	0	0.000939	0	0	2	0.8634881526711089	-1.0007648873377673	0.021303569916852626	0.7587884265068656	-0.181740525870158	0.8245557876272179
98e6f17209029f4ae6dc9d88ec8eac2c	大人になれなかった弟たちに	1165	39	0.269528	0	0.002575	0.001717	0	0	1	1.6508349438583456	-1.0062055001622547	0.22159524829206959	-0.2247366995705047	-0.181740525870158	0.8232285182878137
91d0dbfd38d950cb716c4dd26c5da08a	R7 No.14(1110)	9355	41	0.01721	0.928274	0	0	0	0	1	-0.5988368563248923	1.6830274226484172	-0.22043664344346706	-0.2247366995705047	-0.181740525870158	0.8207577491797112
17e62166fc8586dfa4d1bc0e1742c08b	[STEP中2]第3章 1次関数	2602	34	0.272098	0.074174	0.000769	0.000769	0	0.094543	1	1.6737491098174566	-0.7913215727695251	-0.022461963918348996	-0.2247366995705047	-0.181740525870158	0.8169693994292359
0d0871f0806eae32d30983b62252da50	0512 西京力テスト	340	32	0	0.038235	0.005882	0.002941	0	0	3	-0.7522815240899885	-0.8954377518426142	0.5367070919055215	1.742313552584236	-0.181740525870158	0.8130418944273127
f55cadb97eaff2ba1980e001b0bd9842	Summer MES 01	8603	121	0.165175	0.037429	0.158317	0.001046	0	0	2	0.7204217297217346	-0.8977727539387469	0.04885011180136193	0.7587884265068656	-0.181740525870158	0.8120280399613732
ec0bfd000f253eff3acb1043e1c06979	No.15 0911 7MES	4705	120	0.203401	0.011052	0.006801	0	0	0	2	1.0612454293143299	-0.974187580600893	-0.22043664344346706	0.7587884265068656	-0.181740525870158	0.8071501576469934
b21f9f98829dea9a48fd8aaddc1f159d	【6】 2017年度　本試験　英語【筆記】 第５問	3049	105	0.047885	0.025582	0.010495	0.028862	1.022727	0.21876	3	-0.32533800776624483	-0.9320938083219764	7.209921224507061	1.742313552584236	6.895714349412639	0.7990886115904363
e1228be46de6a0234ac22ded31417bc7	06_後期中間数学解説	6062	109	0.186572	0.028538	0.00198	0.00033	0	0	2	0.9111977643626271	-0.9235302026195348	-0.13548001893984032	0.7587884265068656	-0.181740525870158	0.7927164951802756
c3992e9a68c5ae12bd18488bc579b30d	【問題編】Sirius21国語発展Vol.1	16827	45	0.237535	0.185	0.130742	0.000594	0	0.089202	1	1.3655847837300064	-0.4702558875263582	-0.06751471933693894	-0.2247366995705047	-0.181740525870158	0.7848180031663624
9d7311ba459f9e45ed746755a32dcd11	解答[STEP中2]第6章 データの活用	1935	35	0.163307	0.464599	0	0	0	0	1	0.7037666083164354	0.33974938676220423	-0.22043664344346706	-0.2247366995705047	-0.181740525870158	0.780083177934826
59eb5dd36914c29b299c84b7ddaf08ec	【8】 2017年度　追試験　英語【筆記】 第５問	1741	82	0.059736	0	0.016083	0.001149	0	0.252728	3	-0.21967427983573032	-1.0062055001622547	0.07536687641916058	1.742313552584236	-0.181740525870158	0.7735411748755695
64a08e5f1e6c39faeb90108c430eb120	解答[青チャート数Ⅰ]第1章 数と式	1152	35	0.313368	0	0	0	0	0	1	2.0417131678456677	-1.0062055001622547	-0.22043664344346706	-0.2247366995705047	-0.181740525870158	0.7720748505395992
e727fa59ddefcefb5d39501167623132	R7 2年夏明けテスト解答用紙0826模範	302	37	0.092715	0	0	0	0	0	3	0.07436707392517071	-1.0062055001622547	-0.22043664344346706	1.742313552584236	-0.181740525870158	0.7717790087738429
0d8080853a54f8985276b0130266a657	R7 No.16(1201)	9029	38	0	0.958467	0	0	0	0	1	-0.7522815240899885	1.7704972964555286	-0.22043664344346706	-0.2247366995705047	-0.181740525870158	0.7547829552217263
dd8eb9f23fbd362da0e3f4e70b878c16	[STEP中1]第2章 文字と式	18384	52	0.234062	0.222748	0.00272	0.000163	0	0.008649	1	1.3346194536226166	-0.36089899034916995	-0.178473219825009	-0.2247366995705047	-0.181740525870158	0.752251069748091
e52ad5c9f751f599492b4f087ed7ecfc	R7 No.15(1117)	8816	34	0	0.956556	0	0	0	0	1	-0.7522815240899885	1.7649610818082464	-0.22043664344346706	-0.2247366995705047	-0.181740525870158	0.7492467405744442
30a0b73609456022ae729282fd9753d4	R7 No.15(1117)	10621	39	0	0.956031	0	0	0	0	1	-0.7522815240899885	1.7634401437183336	-0.22043664344346706	-0.2247366995705047	-0.181740525870158	0.7477258024845314
5b5e6cc50cefa5e9f1f5ca272b136475	R7 No.19(1222)	11422	38	0.000175	0.954649	0	0	0	0	1	-0.7507212209604771	1.759436455260697	-0.22043664344346706	-0.2247366995705047	-0.181740525870158	0.745282417156406
e97399278d24e6bbf3a2d5e9c8d34262	R7 No.17(1208)	10742	38	0	0.953454	0	0	0	0	1	-0.7522815240899885	1.7559745104655624	-0.22043664344346706	-0.2247366995705047	-0.181740525870158	0.7402601692317602
29c0c0ee223856f336d7ea8052057753	No.28(0130)	32975	115	6.1e-05	0.952631	0	0	0	0	1	-0.7517376469991301	1.7535902589455659	-0.22043664344346706	-0.2247366995705047	-0.181740525870158	0.738419794802622
a5a61717dddc3501cfdf7a4e22d7dbaa	[STEP中3]第4章 関数y=ax2	5585	80	0.21504	0.289705	0	0	0	0	1	1.165018961453665	-0.16692289189910658	-0.22043664344346706	-0.2247366995705047	-0.181740525870158	0.7346632524107447
13384ffc9d8bdb21c53c6f72d46f7866	030_３年数学「難関入試問題に挑戦」週末課題No.030生徒解答	3424	98	0.189836	0.027745	0	0	0	0	2	0.9402996467324863	-0.9258275433915362	-0.22043664344346706	0.7587884265068656	-0.181740525870158	0.7345644122745068
898dd88cca7b2f65461bc491dacb9b25	R7 No.14(1110)	8691	37	0	0.951329	0	0	0	0	1	-0.7522815240899885	1.7498183324825825	-0.22043664344346706	-0.2247366995705047	-0.181740525870158	0.7341039912487802
37968ad196a5085f5ed91e58df8c2cef	R7 No.17(1208)	9747	37	0	0.950139	0	0	0	0	1	-0.7522815240899885	1.7463708728121137	-0.22043664344346706	-0.2247366995705047	-0.181740525870158	0.7306565315783115
8b313cbf30999888de32da1ec83ff503	R7 No.13(1027)	7543	32	0	0.948959	0	0	0	0	1	-0.7522815240899885	1.7429523833909766	-0.22043664344346706	-0.2247366995705047	-0.181740525870158	0.7272380421571744
1da546f25222c1ee710cf7e2f7a3ff0c	R7 No.23(0302)	8514	34	0	0.948203	0	0	0	0	1	-0.7522815240899885	1.7407622325415024	-0.22043664344346706	-0.2247366995705047	-0.181740525870158	0.7250478913077002
ed519dacc89b2bead3f453b0b05a4a8b	R7 No.７(0616)	7558	38	0	0.936359	0	0.000132	0	0	1	-0.7522815240899885	1.7064498692330725	-0.18645399364201634	-0.2247366995705047	-0.181740525870158	0.724718177800721
b7892fb3c2f009c65f686f6355c895b5	R7 No.5 (0526)	7544	40	0	0.947773	0	0	0	0	1	-0.7522815240899885	1.7395165118202405	-0.22043664344346706	-0.2247366995705047	-0.181740525870158	0.7238021705864383
afab3e9707435d6b0888b566d7ad3ff8	R7 No.15(1117)	11445	39	0.000175	0.945478	0	0	0	0	1	-0.7507212209604771	1.7328678395986223	-0.22043664344346706	-0.2247366995705047	-0.181740525870158	0.7187138014943315
2647c1dba23bc0e0f9cdf75339e120d2	R7 No.７(0616)	5382	37	0	0.944444	0	0	0	0	1	-0.7522815240899885	1.7298723158177274	-0.22043664344346706	-0.2247366995705047	-0.181740525870158	0.7141579745839252
49c0fa7f96aa0a5fb95c62909d5190a6	R7 No.16(1201)	9259	36	0	0.943622	0	0	0	0	1	-0.7522815240899885	1.7274909613226643	-0.22043664344346706	-0.2247366995705047	-0.181740525870158	0.7117766200888621
845f3cb43a07259b2e4724dfa5c5c0d1	No.22(1205)	28371	117	0.000247	0.942476	0	0	0	0	1	-0.7500792676729067	1.724170970749255	-0.22043664344346706	-0.2247366995705047	-0.181740525870158	0.7106588859325346
98cac9d33aad44bb31800130e8c50b5f	R7 No.17(1208)	11171	38	0	0.942977	0	0	0	0	1	-0.7522815240899885	1.7256223802407715	-0.22043664344346706	-0.2247366995705047	-0.181740525870158	0.7099080390069693
438124b4c06f3a5caffab2c07863b617	R7 No.25(0316)	7147	36	0	0.942493	0	0	0	0	1	-0.7522815240899885	1.724220220173119	-0.22043664344346706	-0.2247366995705047	-0.181740525870158	0.7085058789393167
18a010d2a9813e91907ce88cd9143fdf	R7 No.22(0209)	5641	31	0	0.942032	0	0	0	0	1	-0.7522815240899885	1.7228846916789287	-0.22043664344346706	-0.2247366995705047	-0.181740525870158	0.7071703504451264
0bed45bd5774ffddc95ffe500024f628	[サクシード数Ⅰ]第1章 数と式	2625	60	0.303238	0.008381	0	0	0	0	1	1.9513939066916632	-0.9819255341973823	-0.22043664344346706	-0.2247366995705047	-0.181740525870158	0.7060355553504672
3bcf6eecb2611212e088d0d91f2ade9c	R7 No.23(0302)	10362	40	0	0.941517	0	0	0	0	1	-0.7522815240899885	1.721392723838348	-0.22043664344346706	-0.2247366995705047	-0.181740525870158	0.7056783826045457
7a6a6127ff85640ec69691fb0f7cb1a2	No.25(0109)	36870	120	5.4e-05	0.940521	0	0	0	0	1	-0.7518000591243107	1.7185072870049136	-0.22043664344346706	-0.2247366995705047	-0.181740525870158	0.7032744107367892
415e1af7ea95f89f4e375162b21ae38c	No.14(0716)タッチペン	29840	106	0	0.940282	0	0	0	0	1	-0.7522815240899885	1.7178148980458865	-0.22043664344346706	-0.2247366995705047	-0.181740525870158	0.7021005568120843
cc1aa436277138f61cda703991069eaf	No.06(0521)タッチペン	6033	37	0	0.940162	0	0	0	0	1	-0.7522815240899885	1.7174672550539067	-0.22043664344346706	-0.2247366995705047	-0.181740525870158	0.7017529138201045
7503cfacd12053d309b6bed5c89de212	11_前期中間テスト数学 解説	915	32	0.145355	0.153005	0.009836	0	0	0	2	0.543706255282211	-0.5629462002630367	-0.22043664344346706	0.7587884265068656	-0.181740525870158	0.7008523639527309
56577889b3c1cd083b6d7b32d32f99d5	R7 No.19(1222)	10062	38	0	0.939177	0	0	0	0	1	-0.7522815240899885	1.7146136854947371	-0.22043664344346706	-0.2247366995705047	-0.181740525870158	0.6988993442609349
e98741479a7b998f88b8f8c9f0b6b6f1	R7 No.11(0922)	6944	40	0	0.925979	0	0.000144	0	0	1	-0.7522815240899885	1.6763787504267988	-0.18336466184188446	-0.2247366995705047	-0.181740525870158	0.6977363907945792
0efe32849d230d7f53049ddc4a4b0c60	第2章(解答) 文字と式[STEP中1]	6591	34	0.284175	0.023517	0	0.000455	0	0	1	1.7814278577895117	-0.9380761648089663	-0.10329947935513323	-0.2247366995705047	-0.181740525870158	0.6970560399250655
3d2d8ccb37df977cb6d9da15b76c3f3a	R7 No.３ (0512)	6762	41	0	0.92517	0	0.000148	0	0	1	-0.7522815240899885	1.6740350572558669	-0.18233488457517386	-0.2247366995705047	-0.181740525870158	0.6964224748903578
73231e53eeef362c814c8522f5257286	研究大会②	10773	36	0	0.9379	0.000557	0	0	0	1	-0.7522815240899885	1.7109141846550826	-0.22043664344346706	-0.2247366995705047	-0.181740525870158	0.6951998434212804
fd5ac6ce504b74460b93610f39e481f7	R7 No.18(1215)	9986	41	0	0.935009	0	0	0	0	1	-0.7522815240899885	1.7025388855732968	-0.22043664344346706	-0.2247366995705047	-0.181740525870158	0.6868245443394946
1abb1e1ea5f481b589da52303b091cbb	No.07(0528)タッチペン	6071	34	0	0.934937	0	0	0	0	1	-0.7522815240899885	1.702330299778109	-0.22043664344346706	-0.2247366995705047	-0.181740525870158	0.6866159585443067
f92586a25bb3145facd64ab20fd554ff	No.27(1203)タッチペン	26020	103	0.000115	0.934281	0	0	0	0	1	-0.7512561820334523	1.7004298514219514	-0.22043664344346706	-0.2247366995705047	-0.181740525870158	0.6857408522446853
3df1d4b96d8976ff5986393e8767f5b2	R7 No.5 (0526)	9566	40	0	0.934455	0	0	0	0	1	-0.7522815240899885	1.7009339337603224	-0.22043664344346706	-0.2247366995705047	-0.181740525870158	0.6852195925265202
c429429bf1f2af051f2021dc92a8ebea	No.17(0924)タッチペン	27329	107	0	0.93399	0	0	0	0	1	-0.7522815240899885	1.6995868171663997	-0.22043664344346706	-0.2247366995705047	-0.181740525870158	0.6838724759325975
4edaa105d5f53590338791951e38c3ad	No.8(0620)	8504	38	0	0.93262	0	0	0	0	1	-0.7522815240899885	1.6956178930079608	-0.22043664344346706	-0.2247366995705047	-0.181740525870158	0.6799035517741586
b1f62fa99de9f27a048344d55c5ef7a6	No.18(1001)タッチペン	34129	111	0	0.93255	0	0	0	0	1	-0.7522815240899885	1.6954151012626393	-0.22043664344346706	-0.2247366995705047	-0.181740525870158	0.6797007600288371
66be31e4c40d676991f2405aaecc6934	[STEP中1]第3章 1次方程式	84726	128	0.175755	0.37672	0.000897	0.000165	0	0.022413	1	0.8147531989230546	0.08516173266042071	-0.1779583311916537	-0.2247366995705047	-0.181740525870158	0.6789604266914749
c0f971d8cd24364f2029fcb9ac7b71f5	No.17(1024)	27629	117	0.000109	0.931232	0.000145	0	0	0	1	-0.7513096781407499	1.691596822400725	-0.22043664344346706	-0.2247366995705047	-0.181740525870158	0.6768543271161613
596dedf4498e258e4bdc9fd70df9a859	R7 No.７(0616)	5593	40	0	0.931522	0	0	0	0	1	-0.7522815240899885	1.6924369596313433	-0.22043664344346706	-0.2247366995705047	-0.181740525870158	0.6767226183975411
6b180037abbebea991d8b1232f8a8ca9	No.6(0530)	7615	40	0	0.931451	0	0	0	0	1	-0.7522815240899885	1.6922312708610887	-0.22043664344346706	-0.2247366995705047	-0.181740525870158	0.6765169296272865
4ab52371762b735317125e6446a51e8f	No.16(1017)平面図形	30561	120	0.000131	0.927718	0	3.3e-05	0	0	1	-0.7511135257473256	1.6814166767855763	-0.21194098099310435	-0.2247366995705047	-0.181740525870158	0.6753659963447997
3636638817772e42b59d74cff571fbb3	7章 データの活用（R7用 未来へひろがる数学1）	1458	34	0.241427	0.187929	0	0	0	0	1	1.4002859253303408	-0.461770501497112	-0.22043664344346706	-0.2247366995705047	-0.181740525870158	0.675082606689415
15cf76466b97264765356fcc56d801d1	R7 No.11(0922)	8152	40	0	0.930692	0	0	0	0	1	-0.7522815240899885	1.6900324289368147	-0.22043664344346706	-0.2247366995705047	-0.181740525870158	0.6743180877030125
28fc2782ea7ef51c1104ccf7b9bea13d	No.9(0627)	7044	40	0	0.930011	0	0	0	0	1	-0.7522815240899885	1.6880595549573283	-0.22043664344346706	-0.2247366995705047	-0.181740525870158	0.6723452137235261
1517c8664be296f0d87d9e5fc54fdd60	R7 No.18(1215)	8201	37	0	0.929643	0	0	0	0	1	-0.7522815240899885	1.6869934497819228	-0.22043664344346706	-0.2247366995705047	-0.181740525870158	0.6712791085481206
4dcf435435894a4d0972046fc566af76	R7 No.6 (0602)	7947	39	0.000629	0.927646	0	0	0	0	1	-0.7466733488416302	1.6812080909903881	-0.22043664344346706	-0.2247366995705047	-0.181740525870158	0.6711019250049443
4dcae38ee11d3a6606cc6cd636a3628b	No.07(0528)タッチペン	7643	40	0	0.929347	0	0	0	0	1	-0.7522815240899885	1.6861359304017054	-0.22043664344346706	-0.2247366995705047	-0.181740525870158	0.6704215891679032
9f62b8625f914a002496335037e9ad97	[STEP中3]第2章 平方根	6960	68	0.180747	0.372701	0	0	0	0.000144	1	0.8592619601946037	0.07351858945402252	-0.22043664344346706	-0.2247366995705047	-0.181740525870158	0.6693477325048125
74bba22728b6185eec06286af6bec36d	R7 No.5 (0526)	7349	39	0	0.92897	0	0	0	0	1	-0.7522815240899885	1.6850437520019013	-0.22043664344346706	-0.2247366995705047	-0.181740525870158	0.669329410768099
6b5754d737784b51ec5075c0dc437bf0	0714 MES 7-2025	8147	122	0.143611	0.038296	0.015957	0.001227	0	0	2	0.5281567200943939	-0.895261033321691	0.09544753312001779	0.7587884265068656	-0.181740525870158	0.6688721722697442
ab233b682ec355648e7891e66c54191b	R7 No.３ (0512)	7106	39	0	0.928511	0	0	0	0	1	-0.7522815240899885	1.6837140175575775	-0.22043664344346706	-0.2247366995705047	-0.181740525870158	0.6679996763237753
14d9e8007c9b41f57891c48e07c23f57	No.9(0627)	7377	38	0	0.92802	0	0	0	0	1	-0.7522815240899885	1.6822915783153924	-0.22043664344346706	-0.2247366995705047	-0.181740525870158	0.6665772370815902
82161242827b703e6acf9c726942a1e4	1章 正の数・負の数（R7用 未来へひろがる数学1）	26632	44	0.208471	0.253004	0.012354	0.000375	0	0	1	1.1064496399807469	-0.27324660397126893	-0.12389502468934577	-0.2247366995705047	-0.181740525870158	0.6663118376197855
39dcaf7a053dc372fbc391d4e6b5d693	解答[STEP中1]第6章 空間図形	24614	102	0.22861	0.213456	0	0.000122	0	0	1	1.2860093241249233	-0.3878181460281578	-0.18902843680879292	-0.2247366995705047	-0.181740525870158	0.6661665675876259
a1c5aff9679455a233086e26b72b9a06	No.23(1212)	28441	118	7e-05	0.927464	0	0	0	0	1	-0.7516574028381839	1.6806808324525517	-0.22043664344346706	-0.2247366995705047	-0.181740525870158	0.6655906124705541
58191d2a914c6dae66371c9dcdc91b41	R7 No.13(1027)	7614	37	0	0.927239	0	0	0	0	1	-0.7522815240899885	1.6800290018425894	-0.22043664344346706	-0.2247366995705047	-0.181740525870158	0.6643146606087872
3837a451cd0abc5ce4069304c5442c87	No.13(0709)タッチペン	11819	38	0	0.927236	0	0	0	0	1	-0.7522815240899885	1.6800203107677896	-0.22043664344346706	-0.2247366995705047	-0.181740525870158	0.6643059695339874
c6b8c8d762da15fa8dbbdfb6baf9e260	R7 No.14(1110)	8783	39	0	0.927018	0	0	0	0	1	-0.7522815240899885	1.6793887593323593	-0.22043664344346706	-0.2247366995705047	-0.181740525870158	0.6636744180985571
215a71a12769b056c3c32e7299f1c5ed	No.10(0704)	7617	40	0	0.91519	0	0.000131	0	0	1	-0.7522815240899885	1.6451227484228599	-0.186711437958694	-0.2247366995705047	-0.181740525870158	0.6631336126738306
743394beff4b1282ba735e5e3723ed74	R7_3年夏休みの演習課題	36161	131	0.192251	0.312906	0	0.000249	0	0.024889	1	0.9618318299197441	-0.09970901642469873	-0.15633300859073052	-0.2247366995705047	-0.181740525870158	0.6627936312039682
8a0e1141fd37fa5b98d5bb769ba1a7cc	No.4(0509)	9809	41	0	0.925986	0	0	0	0	1	-0.7522815240899885	1.676399029601331	-0.22043664344346706	-0.2247366995705047	-0.181740525870158	0.6606846883675287
955a1584af63a546588caae4d23840b3	No.09(0611)タッチペン	6465	37	0	0.912142	0	0.000155	0	0	1	-0.7522815240899885	1.636292616426567	-0.18053277435843026	-0.2247366995705047	-0.181740525870158	0.6604821442778015
add217938e07bb1fd8796e0315b88c10	No.13(0709)タッチペン	8869	39	0	0.925471	0	0	0	0	1	-0.7522815240899885	1.67490706176075	-0.22043664344346706	-0.2247366995705047	-0.181740525870158	0.6591927205269478
7e3b7a5bafcb0fa8e8dfe3ea6aca9186	R7 No.10(0707)	6090	36	0	0.924959	0	0	0	0	1	-0.7522815240899885	1.6734237849949685	-0.22043664344346706	-0.2247366995705047	-0.181740525870158	0.6577094437611662
04ad5632029cbfbed8e136e5f6f7ddfa	R7 No.９(0630)	3325	36	0	0.897744	0	0.000301	0	0	1	-0.7522815240899885	1.5945812514388282	-0.14294590412349237	-0.2247366995705047	-0.181740525870158	0.6563576495250006
ad3019b856147c17e82a5bead782d2a8	No.8(0620)	8494	40	0.000118	0.913586	0	0.000118	0	0	1	-0.7512294339798037	1.64047592043006	-0.19005821407550358	-0.2247366995705047	-0.181740525870158	0.6561920986744061
069654d5ce089c13f642d19f09a3d1c0	[STEP中2]第5章 三角形と四角形	6270	69	0.199681	0.28134	0	0.000319	0	0.00925	1	1.0280778427898583	-0.19115650546504864	-0.13831190642329455	-0.2247366995705047	-0.181740525870158	0.6556132572011685
884d247c6f65a96a7da4d1105d584ddd	0507_１次関数「回転体の体積 他」	1120	41	0.109821	0.246429	0	0	0	0	2	0.22688447583044288	-0.292294542906842	-0.22043664344346706	0.7587884265068656	-0.181740525870158	0.6546822418571574
8a1ee9f2b7abe6e88d1a479ab6a42c5e	R7_NH2_補充リーディングワークシート自習課題５０分用11-15	3294	30	0.03309	0.794778	0.005768	0.000304	0	0	1	-0.4572504923440831	1.296286182170354	-0.14217357117345938	-0.2247366995705047	-0.181740525870158	0.6538659449524648
b035d6563a2adac9f822940c145263ce	No.37(0211)タッチペン	17278	79	0.000174	0.923081	0	0	0	0	1	-0.75073013697836	1.667983172170481	-0.22043664344346706	-0.2247366995705047	-0.181740525870158	0.6538202180483073
326a8c055c0d04f5b06544665d8bb3ea	No.11(0710)	37472	122	0	0.921034	0	2.7e-05	0	0	1	-0.7522815240899885	1.662052962132288	-0.21348564689317032	-0.2247366995705047	-0.181740525870158	0.6532896174487824
8d3bba7425e7c98c50f52ca1b52d3735	R7 No.２ (0421)	6487	38	0	0.895946	0	0.000308	0	0	1	-0.7522815240899885	1.589372400608994	-0.14114379390674878	-0.2247366995705047	-0.181740525870158	0.65295090891191
54072f485cdb7897ebbcaf7525139561	No.9(0627)	7652	41	0	0.922504	0	0	0	0	1	-0.7522815240899885	1.6663115887840434	-0.22043664344346706	-0.2247366995705047	-0.181740525870158	0.6505972475502412
0530e22dea41e24a039563139cdc215e	R7 No.20(0126)	4696	36	0.000639	0.920145	0	0	0	0	1	-0.746584188662801	1.6594775069667025	-0.22043664344346706	-0.2247366995705047	-0.181740525870158	0.6494605011600878
da4902cb0bc38210839714ebdcf0efc3	No.13(0709)タッチペン	9527	39	0	0.921906	0	0	0	0	1	-0.7522815240899885	1.6645791678740096	-0.22043664344346706	-0.2247366995705047	-0.181740525870158	0.6488648266402074
850af92f8d9903e7a4e0559a98ecc857	R7 No.８(0623)	14993	114	0	0.909358	0	0.000133	0	0	1	-0.7522815240899885	1.6282272990126299	-0.18619654932533872	-0.2247366995705047	-0.181740525870158	0.646753051896956
7b5b23f4aadf9513306bcd59afb6e4c9	No.8(0620)	7702	41	0	0.92041	0	0	0	0	1	-0.7522815240899885	1.6602452185739915	-0.22043664344346706	-0.2247366995705047	-0.181740525870158	0.6445308773401893
ef50c335cca9f340bde656363ebd02fd	No.6(0530)	6953	41	0	0.919891	0	0	0	0	1	-0.7522815240899885	1.6587416626336782	-0.22043664344346706	-0.2247366995705047	-0.181740525870158	0.643027321399876
07042ac7d03d3b9911a00da43ce0079a	No.07(0528)タッチペン	7441	40	0	0.918694	0	0	0	0	1	-0.7522815240899885	1.655273923788677	-0.22043664344346706	-0.2247366995705047	-0.181740525870158	0.6395595825548749
08f90c1a417155361a5c4b8d297e0d78	0617図形の性質と証明（外心・内心の証明）	4316	78	0.065107	0.337581	0.002549	0.000463	0	0	2	-0.1717863477865536	-0.028224926198802788	-0.10123992482171197	0.7587884265068656	-0.181740525870158	0.6392777535699552
0c9ebb2ded806d7ffda75cd0b95eb70c	R7 No.6 (0602)	6228	41	0	0.918272	0.000161	0	0	0	1	-0.7522815240899885	1.6540513792668805	-0.22043664344346706	-0.2247366995705047	-0.181740525870158	0.6383370380330783
b5488aeff42889188d03c9895255cecc	R7 No.6 (0602)	5067	40	0.000197	0.917308	0	0	0	0	1	-0.7505250685670527	1.6512586472313078	-0.22043664344346706	-0.2247366995705047	-0.181740525870158	0.6373007615204414
340a39045c40d50dda207bcfdece883a	04_4章Bラインテスト	1475	36	0.231864	0.143729	0	0.000678	0	0	1	1.3150220463159528	-0.5898190035430938	-0.04588939673601577	-0.2247366995705047	-0.181740525870158	0.6363174723364965
432aca3a1e345e339f35a30c8f65edce	R7 No.２ (0421)	6285	44	0	0.903421	0	0.000159	0	0	1	-0.7522815240899885	1.6110276619844175	-0.17950299709171963	-0.2247366995705047	-0.181740525870158	0.6362469671023626
eaae339c4d89fc102edd9dbdb6a28915	R7 No.３ (0512)	7288	39	0.000274	0.916301	0	0	0	0	1	-0.7498385351900677	1.6483413431236087	-0.22043664344346706	-0.2247366995705047	-0.181740525870158	0.6350699907897273
1595af6435015c77a7149e92a551338e	No.4(0509)	8359	42	0	0.916856	0	0	0	0	1	-0.7522815240899885	1.6499491919615161	-0.22043664344346706	-0.2247366995705047	-0.181740525870158	0.6342348507277139
44f683a84163b3523afe57c2e008bc8c	[STEP中1]第1章 正の数と負の数 学習のポイント	538	31	0.133829	0	0	0.001859	0	0.013011	2	0.44094023316364617	-1.0062055001622547	0.25815234126029685	0.7587884265068656	-0.181740525870158	0.6334160266387119
8613985ec49eb8f757ae6439e879bb2a	No.01(0416)タッチペン	7086	41	0.000141	0.890488	0	0.000282	0	0	1	-0.7510243655684964	1.5735604385237683	-0.14783734614036784	-0.2247366995705047	-0.181740525870158	0.6317025531145574
b4288d9c0ec0a1841b3b3728321e7088	12_0501正の数・負の数(四則計算基礎演習）解答	390	39	0.076923	0	0	0	0	0	3	-0.06643468048194134	-1.0062055001622547	-0.22043664344346706	1.742313552584236	-0.181740525870158	0.6309772543667308
2bf5e202fc973a02f417dc9af000177b	41_後期期末テスト数学 解説	1026	65	0.187135	0	0	0	0	0	2	0.9162174824307127	-1.0062055001622547	-0.22043664344346706	0.7587884265068656	-0.181740525870158	0.6301042912020145
532b7cbe070a3579f424988a040752f2	No.19(1008)タッチペン	23705	107	0	0.915377	0	0	0	0	1	-0.7522815240899885	1.6456644920853623	-0.22043664344346706	-0.2247366995705047	-0.181740525870158	0.62995015085156
86dba86754c0ad93997a11fa947d97b2	R7 No.20(0126)	4361	35	0	0.912864	0	0	0	0	1	-0.7522815240899885	1.6383842684283134	-0.22043664344346706	-0.2247366995705047	-0.181740525870158	0.6226699271945112
9c01802ddb981e6bcfbec0f0516b8e35	No.06(0521)タッチペン	7440	37	0	0.912097	0	0	0	0	1	-0.7522815240899885	1.6361622503045745	-0.22043664344346706	-0.2247366995705047	-0.181740525870158	0.6204479090707723
418ef6127e44214882c61e372e866691	No.09(0611)タッチペン	4963	35	0	0.911948	0	0	0	0	1	-0.7522815240899885	1.6357305935895325	-0.22043664344346706	-0.2247366995705047	-0.181740525870158	0.6200162523557303
51f3eb940fd73a19119534c063967bff	No.24(1219)	28942	117	0	0.911444	0	0	0	0	1	-0.7522815240899885	1.6342704930232164	-0.22043664344346706	-0.2247366995705047	-0.181740525870158	0.6185561517894141
e4bb4c5173c2ce17fd8fcd40041c068f	No.4(0509)	11510	41	0.000434	0.909123	0.000174	0	0	0	1	-0.7484119723288001	1.6275464981533359	-0.22043664344346706	-0.2247366995705047	-0.181740525870158	0.615701708680722
d03a857a23b5285736c4d55e0bb067c8	R7 No.25(0316)	6655	37	0	0.910443	0	0	0	0	1	-0.7522815240899885	1.631370571065116	-0.22043664344346706	-0.2247366995705047	-0.181740525870158	0.6156562298313139
366f0bc7bd1d4bf414073cabbadfdfcd	R7 No.13(1027)	8118	37	0	0.9102	0	0	0	0	1	-0.7522815240899885	1.6306665940063565	-0.22043664344346706	-0.2247366995705047	-0.181740525870158	0.6149522527725543
55743cc0393b1cb4b8b37d09ae48d097	0507_１次関数「回転体の体積 他」	3578	40	0.059251	0.676914	0.000838	0.000559	0	0	1	-0.22399854850894774	0.9548312354475578	-0.07652527042065692	-0.2247366995705047	-0.181740525870158	0.6113112428176064
2227d753dc18505031869d44673728e2	1016A_21BC_後期数Ｓ「02_3 整数問題」	11402	39	0.006841	0.885634	0	0	0	0	1	-0.6912870457529157	1.559498279498176	-0.22043664344346706	-0.2247366995705047	-0.181740525870158	0.6047784166014466
70afbf2259b4449d8ae1429e054df1b1	R7 No.24(0309)	4786	35	0	0.905976	0	0	0	0	1	-0.7522815240899885	1.6184295606886592	-0.22043664344346706	-0.2247366995705047	-0.181740525870158	0.602715219454857
f7e0b956540676a129760a3eae309294	R7 No.10(0707)	4164	37	0	0.90586	0	0	0	0	1	-0.7522815240899885	1.6180935057964116	-0.22043664344346706	-0.2247366995705047	-0.181740525870158	0.6023791645626094
5c80985bd40b8ce792f8c786bb23fe54	No.23(1108)タッチペン	17209	108	0	0.905631	0	0	0	0	1	-0.7522815240899885	1.6174300870867164	-0.22043664344346706	-0.2247366995705047	-0.181740525870158	0.6017157458529142
6cdd60ea0045eb7a6ec44c54d29ed402	2章 文字の式（R7用 未来へひろがる数学1）	6085	39	0.244536	0.152999	0.011504	0	0	0	1	1.4280058249283467	-0.5629635824126357	-0.22043664344346706	-0.2247366995705047	-0.181740525870158	0.6016094253718973
3c7417b8df0daf23f39f445e740c7a43	No.30(0213)	15233	118	0.000263	0.902843	0	0	0	0	1	-0.7499366113867799	1.6093531815730469	-0.22043664344346706	-0.2247366995705047	-0.181740525870158	0.5959837530424532
df5354693177e83e8ba089e94b7b6b55	1219後期数Ｓ「二次関数（復習）」	3462	36	0.07539	0.670711	0	0	0	0	1	-0.08010293589646159	0.9368609897871226	-0.22043664344346706	-0.2247366995705047	-0.181740525870158	0.5933252367468473
92cc227532d17e56e07902b254dfad10	No.01(0416)タッチペン	5750	44	0	0.885565	0	0.000174	0	0	1	-0.7522815240899885	1.5592983847777875	-0.17564133234155477	-0.2247366995705047	-0.181740525870158	0.5883793546458975
2ab56412b1163ee131e1246da0955bd1	No.06(0521)タッチペン	6463	36	0	0.90082	0	0	0	0	1	-0.7522815240899885	1.6034925001332498	-0.22043664344346706	-0.2247366995705047	-0.181740525870158	0.5877781588994476
d1f255a373a3cef72e03aa9d980c7eca	0430_1次関数「直線で囲まれた三角形の面積・面積を二等分する直線の式」	1357	41	0.044215	0.425203	0	0	0	0	2	-0.3580597933965704	0.2256181924951568	-0.22043664344346706	0.7587884265068656	-0.181740525870158	0.5876507080321429
442cde81694ca09a626eeddefd1b74ca	No.09(0611)タッチペン	6128	35	0	0.900457	0	0	0	0	1	-0.7522815240899885	1.6024408800825103	-0.22043664344346706	-0.2247366995705047	-0.181740525870158	0.5867265388487081
99f59c0842e83c808dd1813b48a37c6a	0707-7MES 2025	6802	122	0.116289	0.110409	0.013525	0.001029	0	0	2	0.28455327949718556	-0.6863478743162187	0.04447355841784174	0.7587884265068656	-0.181740525870158	0.5832079159758322
dda99de58ff020cfb57fec1404c97003	R7_NH2_補充リーディングワークシート自習課題５０分用1-5	12731	35	0.022151	0.830728	0.030241	0	0	0	1	-0.5547828119653723	1.400434228517708	-0.22043664344346706	-0.2247366995705047	-0.181740525870158	0.582218599408522
c5cc17e395d3049b03e0f1ccebb02b4d	0602円の性質「ヘロンの公式」	5528	34	0.007598	0.842438	0	0.000362	0	0	1	-0.6845376202155434	1.4343583904850938	-0.1272418008061553	-0.2247366995705047	-0.181740525870158	0.5795827957630484
82b8a3434904411a9fdc43ca87cee70c	0528円の性質「方べきの定理」	9367	38	0.015907	0.848724	0	0	0	0	1	-0.6104544276263403	1.4525690892149816	-0.22043664344346706	-0.2247366995705047	-0.181740525870158	0.5786818444448276
e77dbaf6759253c7c6d0efc5690369c7	R7 No.10(0707)	4539	38	0	0.896673	0	0	0	0	1	-0.7522815240899885	1.5914785377354066	-0.22043664344346706	-0.2247366995705047	-0.181740525870158	0.5757641965016044
d87c68a56bc8eb803b44f25abb627786	1016A_21BC_後期数Ｓ「02_3 整数問題」	10118	38	0.007907	0.871714	0	0	0	0	1	-0.6817825706897204	1.519171692428491	-0.22043664344346706	-0.2247366995705047	-0.181740525870158	0.573956304594957
71a3cb155f8dc89bf3d0365288219936	No.04(0507)タッチペン	3877	37	0	0.895022	0	0	0	0	1	-0.7522815240899885	1.5866955495707478	-0.22043664344346706	-0.2247366995705047	-0.181740525870158	0.5709812083369455
01eee509ee2f68dc6014898c309e86bf	2025bookroll002New Zealand問題入り語注なし	5674	41	0.033486	0.791153	0.010751	0	0	0	1	-0.4537197492624458	1.2857844667876237	-0.22043664344346706	-0.2247366995705047	-0.181740525870158	0.5686319003813641
2eb5657d37f474e4c4cf01e4882b8962	No.15(1001)ベネッセ	18158	122	0	0.894151	5.5e-05	0	0	0	1	-0.7522815240899885	1.5841722408539594	-0.22043664344346706	-0.2247366995705047	-0.181740525870158	0.5684578996201571
602d1305678a8d5fdb372271e980da6a	No.10(0704)	9475	38	0	0.893509	0	0	0	0	1	-0.7522815240899885	1.582312350846866	-0.22043664344346706	-0.2247366995705047	-0.181740525870158	0.5665980096130637
bea5955b308361a1b07bc55042e25e54	0521 図形の調べ方「証明練習１」	2564	41	0.033931	0.75429	0	0.00039	0	0	1	-0.4497521213045453	1.1789914366762884	-0.12003335993918092	-0.2247366995705047	-0.181740525870158	0.5662097817322155
8f14e45fceea167a5a36dedd4bea2543	ごみについて考えよう	536	71	0.06903	0.001866	0	0	0	0	3	-0.1368088096318487	-1.0007996516369653	-0.22043664344346706	1.742313552584236	-0.181740525870158	0.5660089737421129
7750ca3559e5b8e1f44210283368fc16	0502_１次関数「直線と図形に関する問題」「線分と交わる直線の傾き」	831	39	0.067389	0.239471	0	0.001203	0	0	2	-0.15143999497772442	-0.3124520423918181	0.08926886951975405	0.7587884265068656	-0.181740525870158	0.5659057845272351
185c29dc24325934ee377cfda20e414c	0509図形と相似「etime  平行線と線分の比」	7648	37	0.007845	0.868855	0	0	0	0	1	-0.6823353637984615	1.5108890981445666	-0.22043664344346706	-0.2247366995705047	-0.181740525870158	0.5651209172022914
0deb1c54814305ca9ad266f53bc82511	No.2(0425)	9183	42	0.000109	0.892628	0.004138	0	0	0	1	-0.7513096781407499	1.5797600718807459	-0.22043664344346706	-0.2247366995705047	-0.181740525870158	0.5650175765961822
c0826819636026dd1f3674774f06c51d	No.7(0613)	8676	42	0.000231	0.890964	0	0	0	0	1	-0.7502219239590334	1.574939422391956	-0.22043664344346706	-0.2247366995705047	-0.181740525870158	0.5612846812891088
9bb6dee73b8b0ca97466ccb24fff3139	0627 三平方の定理「円の性質」	8025	35	0.010218	0.858193	0	0	0	0	1	-0.6611776533622864	1.48000101830714	-0.22043664344346706	-0.2247366995705047	-0.181740525870158	0.5553905478010398
7bb060764a818184ebb1cc0d43d382aa	The Tale of Peter Rabbit	2671	36	0.165107	0.008611	0.101835	0.000374	0	0.001123	2	0.7198154405056959	-0.9812592184627538	-0.12415246900602343	0.7587884265068656	-0.181740525870158	0.5549327054139424
9a1756fd0c741126d7bbd4b692ccbd91	0526 図形の調べ方「証明練習２」	844	38	0.046209	0.300948	0.005924	0.001185	0	0	2	-0.34028125373802287	-0.1343516405755099	0.08463487181955621	0.7587884265068656	-0.181740525870158	0.550530929883047
dbb422937d7ff56e049d61da730b3e11	1104, 1106 7MES 	4360	117	0.266972	0.004587	0.008945	0.000688	0	0	1	1.6280456021495957	-0.9929168467938178	-0.043314953569239194	-0.2247366995705047	-0.181740525870158	0.548817628086192
59f51fd6937412b7e56ded1ea2470c25	No.10(0704)	8346	41	0	0.887132	0	0	0	0	1	-0.7522815240899885	1.5638380228480602	-0.22043664344346706	-0.2247366995705047	-0.181740525870158	0.548123681614258
1dba5eed8838571e1c80af145184e515	R7 No.11(0922)	6100	40	0	0.886557	0	0	0	0	1	-0.7522815240899885	1.5621722335114892	-0.22043664344346706	-0.2247366995705047	-0.181740525870158	0.5464578922776869
ebd9629fc3ae5e9f6611e2ee05a31cef	No.03(0430)タッチペン	4980	37	0	0.886546	0	0	0	0	1	-0.7522815240899885	1.562140366237224	-0.22043664344346706	-0.2247366995705047	-0.181740525870158	0.5464260250034217
ea6b2efbdd4255a9f1b3bbc6399b58f4	[STEP中2]第2章 連立方程式	25672	125	0.236522	0.116976	0.000273	0.000467	0	0.056715	1	1.356552857614606	-0.6673231115801108	-0.10021014755500134	-0.2247366995705047	-0.181740525870158	0.5460234247791471
3de2334a314a7a72721f1f74a6cb4cee	No.7(0613)	9908	39	0	0.886354	0	0	0	0	1	-0.7522815240899885	1.561584137450056	-0.22043664344346706	-0.2247366995705047	-0.181740525870158	0.5458697962162539
dc513ea4fbdaa7a14786ffdebc4ef64e	[STEP中2]第7章 確率	3587	68	0.230276	0.177586	0	0	0	0.000558	1	1.300863409917872	-0.49173443038085846	-0.22043664344346706	-0.2247366995705047	-0.181740525870158	0.5456961623931998
39cd7b469beae7c617c73e0d008195ef	R7_NH2_補充リーディングワークシート自習課題５０分用1-5	12818	35	0.025121	0.808316	0.034171	0	0	0	1	-0.5283022388530925	1.335506105715569	-0.22043664344346706	-0.2247366995705047	-0.181740525870158	0.5437710497186629
2b8eba3cb0d0f1d761cb74d94a5ace36	R7_2年夏休みの演習課題（AI先生付き）	34010	130	0.229138	0.149044	0.001176	0.000353	0	0.045369	1	1.2907169815671062	-0.5744213160233111	-0.12955879965625422	-0.2247366995705047	-0.181740525870158	0.5437406921871942
ca9c267dad0305d1a6308d2a0cf1c39c	No.04(0507)タッチペン	3713	39	0	0.885268	0	0	0	0	1	-0.7522815240899885	1.5584379683726368	-0.22043664344346706	-0.2247366995705047	-0.181740525870158	0.5427236271388346
475d66314dc56a0df8fb8f7c5dbbaf78	99_テスト前演習（発展）	5988	55	0.055945	0.697729	0	0.000167	0	0	1	-0.25347490362988945	1.0151328094314291	-0.1774434425582984	-0.2247366995705047	-0.181740525870158	0.5412182895428946
cbfe5681369338a48e2d1b63998099d6	R7_2年_【解答】冬休みの演習課題（AI用）	15356	117	0.257359	0.072936	0.00026	0.000195	0	0	1	1.542335922241062	-0.7949080896367859	-0.170235001691324	-0.2247366995705047	-0.181740525870158	0.5341966572126053
63538fe6ef330c13a05a3ed7e599d5f7	No.03(0430)タッチペン	4239	36	0	0.882048	0	0	0	0	1	-0.7522815240899885	1.5491095480878392	-0.22043664344346706	-0.2247366995705047	-0.181740525870158	0.533395206854037
7f2be1b45d278ac18804b79207a24c53	R8 春休みの演習課題（AI先生）【解答】	8905	84	0.279394	0.021449	0.000337	0	0	0	1	1.738800376291259	-0.9440672123707556	-0.22043664344346706	-0.2247366995705047	-0.181740525870158	0.5313003467766896
42cd63cb189c30ed03e42ce2c069566c	1029C_30B_1113A後期数Ｓ「04 約束記号問題」	7844	40	0.016828	0.828659	0	0	0	0	1	-0.6022427751561688	1.3944402839309855	-0.22043664344346706	-0.2247366995705047	-0.181740525870158	0.528764691631003
2d3acd3e240c61820625fff66a19938f	R7 No.９(0630)	3681	39	0	0.880196	0	0	0	0	1	-0.7522815240899885	1.5437442579116136	-0.22043664344346706	-0.2247366995705047	-0.181740525870158	0.5280299166778114
34ed066df378efacc9b924ec161e7639	0417 図形と相似「相似の証明」	8862	40	0.021214	0.78436	0	0.000339	0	0	1	-0.5631371207216707	1.2661049764166201	-0.1331630200897414	-0.2247366995705047	-0.181740525870158	0.5268086619048614
37a749d808e46495a8da1e5352d03cae	No.1(0418)	6877	41	0	0.879308	0	0	0	0	1	-0.7522815240899885	1.5411716997709612	-0.22043664344346706	-0.2247366995705047	-0.181740525870158	0.525457358537159
7d265aa7147bd3913fb84c7963a209d1	R7 No.20(0126)	4372	36	0	0.878774	0	0	0	0	1	-0.7522815240899885	1.5396246884566502	-0.22043664344346706	-0.2247366995705047	-0.181740525870158	0.523910347222848
b73dfe25b4b8714c029b37a6ad3006fa	0509図形と相似「etime  平行線と線分の比」	8687	40	0.012087	0.841372	0	0	0	0	1	-0.6445136159391043	1.4312701619063377	-0.22043664344346706	-0.2247366995705047	-0.181740525870158	0.5233237288234197
54229abfcfa5649e7003b83dd4755294	No.01(0416)タッチペン	7758	41	0	0.866203	0.000387	0.000129	0	0	1	-0.7522815240899885	1.5032061880218075	-0.18722632659204932	-0.2247366995705047	-0.181740525870158	0.520702163639423
32cbf687880eb1674a07bf717761dd3a	1016A_21BC_後期数Ｓ「02_3 整数問題」	9615	38	0.006968	0.855746	0	0	0	0	1	-0.6901547114817845	1.4729119982956802	-0.22043664344346706	-0.2247366995705047	-0.181740525870158	0.519324469670082
6d9c547cf146054a5a720606a7694467	No.7(0613)	9201	42	0	0.87697	0	0	0	0	1	-0.7522815240899885	1.534398455477217	-0.22043664344346706	-0.2247366995705047	-0.181740525870158	0.5186841142434148
04048aeca2c0f5d84639358008ed2ae7	2025bookroll002New Zealand語注なしマーカーを引こう	1296	39	0	0.128086	0.582562	0.000772	0	0	3	-0.7522815240899885	-0.6351371645726254	-0.021689630968316033	1.742313552584236	-0.181740525870158	0.5149457588234639
0a09c8844ba8f0936c20bd791130d6b6	No.1(0418)	9754	42	0	0.856982	0	0.000205	0	0	1	-0.7522815240899885	1.4764927211130747	-0.16766055852454742	-0.2247366995705047	-0.181740525870158	0.5135544647981921
bbcbff5c1f1ded46c25d28119a85c6c2	No.2(0425)	7242	41	0.000138	0.874206	0	0	0	0	1	-0.7510511136221452	1.5263910785619434	-0.22043664344346706	-0.2247366995705047	-0.181740525870158	0.5119071477959846
9fe8593a8a330607d76796b35c64c600	No.04(0507)タッチペン	2427	36	0	0.873506	0	0	0	0	1	-0.7522815240899885	1.5243631611087263	-0.22043664344346706	-0.2247366995705047	-0.181740525870158	0.508648819874924
4e62e752ae53fb6a6eebd0f6146aa702	0626三平方の定理「共通接線」	11722	39	0.008787	0.845163	0	0	0	0	1	-0.6739364749527484	1.442252783427974	-0.22043664344346706	-0.2247366995705047	-0.181740525870158	0.5048834913314117
08fe2621d8e716b02ec0da35256a998d	No.6(0530)	10840	39	0.000185	0.862454	0.000738	9.2e-05	0	0	1	-0.7506320607816478	1.4923452415473648	-0.19675176630912264	-0.2247366995705047	-0.181740525870158	0.5019652407562477
4191ef5f6c1576762869ac49281130c9	No.13(0912)	18276	120	0.000164	0.86972	0	0	0	0	1	-0.7508192971571892	1.5133950247117562	-0.22043664344346706	-0.2247366995705047	-0.181740525870158	0.4991429104107533
320722549d1751cf3f247855f937b982	R7 No.２ (0421)	6338	43	0	0.869991	0	0	0	0	1	-0.7522815240899885	1.5141801184686443	-0.22043664344346706	-0.2247366995705047	-0.181740525870158	0.4984657772348421
f85454e8279be180185cac7d243c5eb3	0501_１次関数「グラフの読み取り」	2457	41	0.023199	0.456654	0.002442	0	0	0	2	-0.5454388252240695	0.31673252366819243	-0.22043664344346706	0.7587884265068656	-0.181740525870158	0.49138600737767946
78d69f40906679a976dc4d45cebffbe6	15_正多面体	12666	75	0.014843	0.814622	0	7.9e-05	0	0	1	-0.6199410706537699	1.35377474494412	-0.20009854242593217	-0.2247366995705047	-0.181740525870158	0.4907389581640712
4cb811134b9d39fc3104bd06ce75abad	R7 No.９(0630)	3727	38	0	0.866112	0	0	0	0	1	-0.7522815240899885	1.5029425587528895	-0.22043664344346706	-0.2247366995705047	-0.181740525870158	0.4872282175190873
735b90b4568125ed6c3f678819b6e058	R7 No.1 (0414)	5677	41	0.000528	0.83301	0.001761	0.000352	0	0	1	-0.7475738666478053	1.4070452394151953	-0.12981624397293187	-0.2247366995705047	-0.181740525870158	0.4866589550941114
60243f9b1ac2dba11ff8131c8f4431e0	2025 0912BookRoll Reading03+04問題	9890	38	0.01729	0.79454	0.030536	0.000202	0	0	1	-0.5981235748942585	1.2955966902362603	-0.16843289147458038	-0.2247366995705047	-0.181740525870158	0.48604405016707475
ba95d78a7c942571185308775a97a3a0	9_おうぎ形の計量	31186	116	0.004265	0.848394	0	3.2e-05	0	0	1	-0.714254707819324	1.4516130709870363	-0.21219842530978203	-0.2247366995705047	-0.181740525870158	0.48216376415758355
ffbd6cbb019a1413183c8d08f2929307	1010 式の展開と因数分解「因数分解演習④」 演習_解答	1094	34	0.280622	0	0	0	0	0	1	1.7497492462514879	-1.0062055001622547	-0.22043664344346706	-0.2247366995705047	-0.181740525870158	0.4801109289454194
309fee4e541e51de2e41f21bebb342aa	1 Bline Test Unit 2	532	41	0.114662	0.171053	0.003759	0	0	0	2	0.27004691840167067	-0.5106606942692384	-0.22043664344346706	0.7587884265068656	-0.181740525870158	0.47947853306598875
14e422f05b68cc0139988e128ee880df	R7_NH2_補充リーディングワークシート自習課題５０分用1-5	17699	39	0.016272	0.812306	0.028646	0	0	0	1	-0.6072000810990736	1.3470652351989054	-0.22043664344346706	-0.2247366995705047	-0.181740525870158	0.47643233695601805
211ed78fe91938b90f84a51944b08d5a	1024BC_29A後期数Ｓ「03 面積の最大値と最小値」 	7496	38	0.003469	0.851387	0	0	0	0	1	-0.7213518580541304	1.4602838666120053	-0.22043664344346706	-0.2247366995705047	-0.181740525870158	0.47549919141406116
8d5e957f297893487bd98fa830fa6413	No.1(0418)	9822	41	0	0.861637	0.000407	0	0	0	1	-0.7522815240899885	1.489978372176967	-0.22043664344346706	-0.2247366995705047	-0.181740525870158	0.4742640309431648
ad972f10e0800b49d76fed33a21f6698	0423_一次関数「連立方程式の解と2直線 3直線が三角形をつくらない」	1974	36	0.011651	0.690476	0.00152	0.00152	0	0	1	-0.6484009997360586	0.9941206875911687	0.17087871790657122	-0.2247366995705047	-0.181740525870158	0.47360223206133456
73b817090081cef1bca77232f4532c5d	0922三平方の定理「テスト前演習」	3351	40	0	0.861235	0	0	0	0	1	-0.7522815240899885	1.4888137681538338	-0.22043664344346706	-0.2247366995705047	-0.181740525870158	0.4730994269200316
b6e32320fa6bc5a588b90183b95dc028	0702 三平方の定理「円柱に内接する球」	6303	38	0.012375	0.822941	0	0	0	0	1	-0.6419458027888226	1.3778750953631367	-0.22043664344346706	-0.2247366995705047	-0.181740525870158	0.47249647543050033
9cc138f8dc04cbf16240daa92d8d50e2	0514図形と相似「etime 三角形の面積比と線分比」	6177	39	0.005504	0.843128	0	0	0	0	1	-0.7032077616623831	1.4363573376889789	-0.22043664344346706	-0.2247366995705047	-0.181740525870158	0.4697167588827821
49d4b2faeb4b7b9e745775793141e2b2	R7_夏休みの課題説明	647	37	0.058733	0	0	0	0	0	3	-0.22861704577230157	-1.0062055001622547	-0.22043664344346706	1.742313552584236	-0.181740525870158	0.46879488907637057
b5b41fac0361d157d9673ecb926af5ae	0428図形と相似「相似比と面積比・表面積比・体積比」	4420	37	0.017647	0.785068	0	0.000226	0	0	1	-0.5949405565100553	1.2681560700693024	-0.16225422787431662	-0.2247366995705047	-0.181740525870158	0.4679651119845838
42e77b63637ab381e8be5f8318cc28a2	0512図形と相似「etime  外角の二等分線の定理」	6804	39	0.019841	0.798354	0	0	0	0	1	-0.5753788132749232	1.3066459433313593	-0.22043664344346706	-0.2247366995705047	-0.181740525870158	0.46783431291262234
051e4e127b92f5d98d3c79b195f2b291	0513図形と相似「etime  三角形の重心」	7735	40	0.025469	0.780995	0	0	0	0	1	-0.5251994646298355	1.2563564875165132	-0.22043664344346706	-0.2247366995705047	-0.181740525870158	0.467724205742864
1bd36c9ae813f304363ae6ac7f48068e	12_さまざまな問題	5649	116	0.108161	0.510356	0.005488	0.000177	0	0	1	0.21208388614479146	0.4723085566291272	-0.1748689993915218	-0.2247366995705047	-0.181740525870158	0.46652726968205016
1b9f38268c50805669fd8caf8f3cc84a	14_空間図形演習	4844	116	0.071635	0.583196	0	0.000619	0	0	1	-0.1135825830468355	0.6833278527610122	-0.06107861141999753	-0.2247366995705047	-0.181740525870158	0.46567048459383253
e0126439e08ddfbdf4faa952dc910590	研究大会①	13529	36	0	0.858009	0	0	0	0	1	-0.7522815240899885	1.4794679657194372	-0.22043664344346706	-0.2247366995705047	-0.181740525870158	0.46375362448563495
6df182582740607da754e4515b70e32d	120X_後期数Ｓ「07 空間図形」 	4070	37	0.005651	0.839803	0	0	0	0	1	-0.7018971070335934	1.4267247297861985	-0.22043664344346706	-0.2247366995705047	-0.181740525870158	0.4613948056087913
6d6968d87c240c699190e2d8c029fa9d	演習問題①	17006	35	0	0.851347	0	5.9e-05	0	0	1	-0.7522815240899885	1.4601679856146785	-0.2052474287594853	-0.2247366995705047	-0.181740525870158	0.459642859064858
5d4ae76f053f8f2516ad12961ef7fe97	1016A_21BC_後期数Ｓ「02_1 整数問題」	5618	38	0	0.855821	0	0	0	0	1	-0.7522815240899885	1.473129275165668	-0.22043664344346706	-0.2247366995705047	-0.181740525870158	0.4574149339318657
db6ebd0566994d14a1767f14eb6fba81	0527図形の調べ方「角度演習２」	1664	32	0.046875	0.604567	0	0.001202	0	0	1	-0.3343431858279965	0.745240172607724	0.08901142520307635	-0.2247366995705047	-0.181740525870158	0.4569122382824572
ce47be4abd80ac324c645fd57a27fc73	1024A_1114BC 後期数Ｓ「06 等周問題5」 	21978	115	0.000137	0.854627	0	0	0	0.007826	1	-0.7510600296400282	1.4696702273954665	-0.22043664344346706	-0.2247366995705047	-0.181740525870158	0.4551773806116246
9e6a921fbc428b5638b3986e365d4f21	1014 式の展開と因数分解「因数分解演習④」 演習	3638	41	0.126168	0.46619	0	0	0	0	1	0.3726346201625769	0.34435855343087296	-0.22043664344346706	-0.2247366995705047	-0.181740525870158	0.4535603564496361
352fe25daf686bdb4edca223c921acea	No.2(0425)	7874	42	0	0.843155	0	0.000127	0	0	1	-0.7522815240899885	1.4364355573621745	-0.18774121522540463	-0.2247366995705047	-0.181740525870158	0.4534166443464347
eecca5b6365d9607ee5a9d336962c534	1章 正の数・負の数（R7用 未来へひろがる数学1）	15582	45	0.205814	0.16949	0.021499	0.000578	0	0	1	1.082759780465822	-0.5151887442397786	-0.07163382840378146	-0.2247366995705047	-0.181740525870158	0.4529410341219152
85fc37b18c57097425b52fc7afbb6969	0512図形と相似「etime  外角の二等分線の定理」	6963	39	0.020968	0.77682	0	0.000144	0	0	1	-0.5653304611208696	1.2442614084205408	-0.18336466184188446	-0.2247366995705047	-0.181740525870158	0.45257011175744
d5e2c0adad503c91f91df240d0cd4e49	2025bookroll002New Zealand問題入り語注なし	4066	39	0.000738	0.829316	0.011313	0.000246	0	0	1	-0.7457015028923917	1.3963436293120763	-0.15710534154076347	-0.2247366995705047	-0.181740525870158	0.45054061117857447
3295c76acbf4caaed33c36b1b5fc2cb1	R7 No.1 (0414)	5422	41	0.000369	0.851715	0	0	0	0	1	-0.7489915134911901	1.461234090790084	-0.22043664344346706	-0.2247366995705047	-0.181740525870158	0.44880976015508023
ea5d2f1c4608232e07d3aa3d998e5135	R7 No.1 (0414)	5308	50	0.000188	0.818387	0.000377	0.000377	0	0	1	-0.7506053127279991	1.364682043817494	-0.12338013605599045	-0.2247366995705047	-0.181740525870158	0.4477004213331577
e94f63f579e05cb49c05c2d050ead9c0	0529_1円の性質「トレミーの定理」	4852	37	0.004328	0.839035	0	0	0	0	1	-0.7136929986927	1.4244998146375263	-0.22043664344346706	-0.2247366995705047	-0.181740525870158	0.4473739988010126
0fc170ecbb8ff1afb2c6de48ea5343e7	No.14(0919)	14772	119	0.000203	0.845045	0.000271	6.8e-05	0	0	1	-0.7504715724597553	1.4419109344858603	-0.2029304299093864	-0.2247366995705047	-0.181740525870158	0.44551275841637195
021bbc7ee20b71134d53e20206bd6feb	0527円の性質「内接円・外接円」	7176	37	0.013657	0.809643	0	0	0	0	1	-0.6305154678629159	1.3393504578018818	-0.22043664344346706	-0.2247366995705047	-0.181740525870158	0.44540217279515215
66121d1f782d29b62a286909165517bc	9_回転体の体積	46335	118	0.004942	0.833603	0	2.2e-05	0	0	1	-0.7082185637125855	1.4087631752005632	-0.2147728684765586	-0.2247366995705047	-0.181740525870158	0.4427755693110723
577bcc914f9e55d5e4e4f82f9f00e7d4	0417 図形と相似「相似の証明」	3915	40	0.025287	0.750192	0	0.000255	0	0	1	-0.5268221798845273	1.1671194285001698	-0.15478834269066458	-0.2247366995705047	-0.181740525870158	0.4425127322246313
dbd22ba3bd0df8f385bdac3e9f8be207	【10】 2016年度　本試験　英語【筆記】 第５問	1650	80	0.055758	0	0	0	0	0.262424	3	-0.255142198973996	-1.0062055001622547	-0.22043664344346706	1.742313552584236	-0.181740525870158	0.4422697358746762
11b9842e0a271ff252c1903e7132cd68	0417 図形と相似「相似の証明」	12254	43	0.016321	0.799412	0.00049	0	0	0	1	-0.6067631962228104	1.30971099571065	-0.22043664344346706	-0.2247366995705047	-0.181740525870158	0.439514982344026
db116b39f7a3ac5366079b1d9fe249a5	0701 三平方の定理「関数」 	4686	38	0.01942	0.789373	0	0	0	0	1	-0.5791324568036337	1.2806277624065863	-0.22043664344346706	-0.2247366995705047	-0.181740525870158	0.43806248845913887
0a348ede8ac3768875037baca5de6e26	研究大会①	16850	38	0.000119	0.846766	0	0	0	0	1	-0.7512205179619208	1.4468967143958407	-0.22043664344346706	-0.2247366995705047	-0.181740525870158	0.43224337929010614
4be5a36cbaca8ab9d2066debfe4e65c1	【9】 2016年度　本試験　英語【筆記】 第４問　Ａ	2724	102	0.042584	0.037445	0.007342	0.028267	1.051948	0.170705	3	-0.37260181856361696	-0.8977264015398162	7.056741856083856	1.742313552584236	7.097928927604708	0.4307982609599508
eddea82ad2755b24c4e168c5fc2ebd40	0418 図形と相似「平行線と比」	5817	40	0.010658	0.798522	0	0.000172	0	0	1	-0.6572546054938005	1.3071326435201311	-0.1761562209749101	-0.2247366995705047	-0.181740525870158	0.4307256433510738
ca0daec69b5adc880fb464895726dbdf	0626図形の性質と証明（平行四辺形になる条件）	1096	40	0.044708	0.288321	0.000912	0.000912	0	0	2	-0.3536641965802896	-0.17093237440660972	0.014352573366555921	0.7587884265068656	-0.181740525870158	0.43028495475668027
77ee3bc58ce560b86c2b59363281e914	1016A_21BC_後期数Ｓ「02_1 整数問題」	4919	37	0.000813	0.824964	0	0.000203	0	0	1	-0.7450328015511726	1.3837357768029335	-0.16817544715790275	-0.2247366995705047	-0.181740525870158	0.4275313543935114
fdbd31f2027f20378b1a80125fc862db	1016A_21BC_後期数Ｓ「02_1 整数問題」	5501	39	0	0.845483	0	0	0	0	1	-0.7522815240899885	1.4431798314065871	-0.22043664344346706	-0.2247366995705047	-0.181740525870158	0.4274654901727849
794288f252f45d35735a13853e605939	0707三平方の定理「正四角錐の内接球の表面積と体積・正八面体の内接球」	4747	36	0.012429	0.807036	0	0	0	0	1	-0.6414643378231448	1.3317979138011151	-0.22043664344346706	-0.2247366995705047	-0.181740525870158	0.42690075883415657
3a0844cee4fcf57de0c71e9ad3035478	0902三平方の定理「正四面体と円柱」	4287	38	0.010963	0.79053	0	0.000233	0	0	1	-0.6545352200395091	1.2839796202542606	-0.16045211765757303	-0.2247366995705047	-0.181740525870158	0.4259961088568317
540ae6b0f6ac6e155062f3dd4f0b2b01	0527図形の調べ方「角度演習２」	7194	34	0.02516	0.766889	0.000556	0	0	0	1	-0.5279545141556585	1.2154910538092596	-0.22043664344346706	-0.2247366995705047	-0.181740525870158	0.42410372250978734
98c39996bf1543e974747a2549b3107c	1016A_21BC_後期数Ｓ「02_2 整数問題」	4455	38	0	0.843771	0	0	0	0	1	-0.7522815240899885	1.4382201247210056	-0.22043664344346706	-0.2247366995705047	-0.181740525870158	0.42250578348720336
ce6c92303f38d297e263c7180f03d402	2025bookroll002New Zealand問題入り語注なし	4673	39	0	0.805478	0.005564	0.000428	0	0	1	-0.7522815240899885	1.327284348955241	-0.11025047590542995	-0.2247366995705047	-0.181740525870158	0.42175617525947584
598920e11d1eb2a49501d59fce5ecbb7	2025bookroll001 the great wall黄色マーカーを引こう	924	40	0	0.164502	0.508658	0	0	0	3	-0.7522815240899885	-0.5296391046064155	-0.22043664344346706	1.742313552584236	-0.181740525870158	0.4216968063145229
019f8b946a256d9357eadc5ace2c8678	No.15(1010)平面図形	14535	122	0	0.843068	0.000138	0	0	0	1	-0.7522815240899885	1.436183516192989	-0.22043664344346706	-0.2247366995705047	-0.181740525870158	0.4204691749591868
8d8818c8e140c64c743113f563cf750f	解答[STEP中2]第1章 式の計算	15682	122	0.250096	0.071419	0.000128	0	0	0	1	1.4775788843573958	-0.7993028764604002	-0.22043664344346706	-0.2247366995705047	-0.181740525870158	0.4148431907531819
7504adad8bb96320eb3afdd4df6e1f60	[STEP中1]第2章 文字と式	22673	44	0.298725	0.24108	0.000309	0.000221	0	4.4e-05	0	1.911155917986034	-0.3077907292743524	-0.1635414494577049	-1.208261825647875	-0.181740525870158	0.41330243947625955
703957b6dd9e3a7980e040bee50ded65	1110, 1113 7MES	4506	119	0.255881	0.013538	0.004882	0.000444	0	0	1	1.5291580478101028	-0.9669855766170399	-0.10613136683858745	-0.2247366995705047	-0.181740525870158	0.41304493065412873
38ed162a0dbef7b3fe0f628aa08b90e7	1016A_21BC_後期数Ｓ「02_2 整数問題」	5423	38	0	0.84031	0	0	0	0	1	-0.7522815240899885	1.4281935214273143	-0.22043664344346706	-0.2247366995705047	-0.181740525870158	0.41247918019351204
bd4c9ab730f5513206b999ec0d90d1fb	5章 平面図形（R7用 未来へひろがる数学1）	2230	33	0.2	0.224664	0.001794	0	0	0	1	1.0309220524945106	-0.35534829057722195	-0.22043664344346706	-0.2247366995705047	-0.181740525870158	0.41214094477347496
1264a061d82a2edae1574b07249800d6	No.12(0908) 変化と対応	15120	118	0	0.80754	0.000265	0.000331	0	0	1	-0.7522815240899885	1.3332580143674315	-0.13522257462316264	-0.2247366995705047	-0.181740525870158	0.40275774195393366
05f971b5ec196b8c65b75d2ef8267331	0428図形と相似「相似比と面積比・表面積比・体積比」	4672	37	0.016909	0.784889	0	0	0	0	1	-0.601520577707652	1.2676375026062654	-0.22043664344346706	-0.2247366995705047	-0.181740525870158	0.4026841077547997
b22b257ad0519d4500539da3c8bcf4dd	1016A_21BC_後期数Ｓ「02_2 整数問題」	6272	40	0	0.836416	0	0	0	0	1	-0.7522815240899885	1.416912506337562	-0.22043664344346706	-0.2247366995705047	-0.181740525870158	0.40119816510375983
b5baa9c23ac3e015ad287b17a3d4afa3	【6】 2017年度　本試験　英語【筆記】 第５問	1877	82	0.051145	0	0	0	0	0.259989	3	-0.29627178946791743	-1.0062055001622547	-0.22043664344346706	1.742313552584236	-0.181740525870158	0.4011401453807547
6766aa2750c19aad2fa1b32f36ed4aee	0509図形と相似「etime  平行線と線分の比」	5315	41	0.027846	0.733584	0	0.000188	0	0	1	-0.5040060901221287	1.1190056384101321	-0.17203711190806759	-0.2247366995705047	-0.181740525870158	0.3999662626795891
69f357fcc8e6d119f3d95f33cedb5915	1119, 1120 7MES	4340	115	0.251843	0.019355	0.001613	0.000461	0	0	1	1.4931551675988612	-0.9501335825808074	-0.10175481345506729	-0.2247366995705047	-0.181740525870158	0.39827059786263985
30ef30b64204a3088a26bc2e6ecf7602	0507_１次関数「回転体の体積 他」	3682	37	0.02906	0.74579	0	0	0	0	1	-0.49318204441226077	1.1543667247443685	-0.22043664344346706	-0.2247366995705047	-0.181740525870158	0.39775186318829403
978d76676f5e7918f81d28e7d092ca0d	0620三平方の定理「３辺がわかる三角形の面積を求める」	7615	40	0.012475	0.796192	0	0	0	0	1	-0.6410542010005303	1.3003825754258522	-0.22043664344346706	-0.2247366995705047	-0.181740525870158	0.39589555728150816
bbaa9d6a1445eac881750bea6053f564	R7_1年夏休みの演習課題	73510	157	0.212134	0.136988	0.00083	0.000503	0	0.070276	1	1.139109013485892	-0.6093478486175726	-0.09094215215460572	-0.2247366995705047	-0.181740525870158	0.395822839013367
7371364b3d72ac9a3ed8638e6f0be2c9	1029C_30B_1113A後期数Ｓ「04 約束記号問題」	5119	39	0.01973	0.772612	0	0	0	0	1	-0.5763684912599276	1.2320707275017742	-0.22043664344346706	-0.2247366995705047	-0.181740525870158	0.3922694190980328
59dfa2df42d9e3d41f5b02bfc32229dd	1024A_1114BC 後期数Ｓ「06 等周問題6」	16405	106	0	0.832856	0	0	0	0.00634	1	-0.7522815240899885	1.4065990975754876	-0.22043664344346706	-0.2247366995705047	-0.181740525870158	0.3908847563416854
07cdfd23373b17c6b337251c22b7ea57	1章 式の展開と因数分解（R7用 未来へひろがる数学3）	2514	32	0.195704	0.193317	0	0.000398	0	0	1	0.9926188396694754	-0.44616133115720824	-0.11797380540575965	-0.2247366995705047	-0.181740525870158	0.3854875294061608
3baa271bc35fe054c86928f7016e8ae6	0708三平方の定理「いろいろな問題」	5067	39	0.009078	0.802842	0	0	0	0	1	-0.671341913748818	1.3196477912314126	-0.22043664344346706	-0.2247366995705047	-0.181740525870158	0.3848730603387809
d3aeec875c479e55d1cdeea161842ec6	0917標本調査とデータの活用「推定」	3661	41	0.021033	0.764818	0	0	0	0	1	-0.5647509199584797	1.2094913151726705	-0.22043664344346706	-0.2247366995705047	-0.181740525870158	0.3813075780703771
b0a665a28efd91535abb111d656ecd04	R8 春休みの演習課題（AI先生）	11874	90	0.227135	0.091713	0.004295	0.000421	0	0.049352	1	1.2728581977476126	-0.740510652466709	-0.11205258612217356	-0.2247366995705047	-0.181740525870158	0.37729878545838325
53f0d7c537d99b3824f0f99d62ea2428	夏休み課題英文解説つき	807	36	0.089219	0.002478	0.001239	0.006196	0	0	1	0.04319667540647367	-0.999026672377867	1.3746883426912941	-0.2247366995705047	-0.181740525870158	0.3758621720195541
38913e1d6a7b94cb0f55994f679f5956	No.03(0430)タッチペン	3758	40	0	0.827568	0	0	0	0	1	-0.7522815240899885	1.3912796297289003	-0.22043664344346706	-0.2247366995705047	-0.181740525870158	0.37556528849509807
facf9f743b083008a894eee7baa16469	250603	14388	41	0.010286	0.7835	0	0.000139	0	0.041632	1	-0.6605713641462476	1.2636135349740965	-0.18465188342527275	-0.2247366995705047	-0.181740525870158	0.3753941137022294
aeefb050911334869a7a5d9e4d0e1689	2025 0912BookRoll Reading03+04問題	13223	39	0.014218	0.783635	0.025486	0	0	0	1	-0.6255135818305965	1.264004633340074	-0.22043664344346706	-0.2247366995705047	-0.181740525870158	0.3750582343656639
1cfead9959b76ce44a847c850b61c587	1010 式の展開と因数分解「因数分解演習④」 演習	2514	38	0.115752	0.435163	0	0.000398	0	0	1	0.27976537789405614	0.25447256082950026	-0.11797380540575965	-0.2247366995705047	-0.181740525870158	0.3732679596174501
d47844673f2db74d78da8687d794523d	2025 0912BookRoll Reading03+04問題	9727	40	0.018916	0.759124	0.022309	0.000103	0	0	1	-0.5836261298166265	1.1929956552032177	-0.1939198788256684	-0.2247366995705047	-0.181740525870158	0.37245347286057606
9a49a25d845a483fae4be7e341368e36	0624三平方の定理「複数の円の関係」	10019	39	0.00539	0.809063	0	0	0	0	1	-0.7042241877010361	1.3376701833406448	-0.22043664344346706	-0.2247366995705047	-0.181740525870158	0.37001317849579496
170c944978496731ba71f34c25826a34	[STEP中1]第2章 文字と式	8676	41	0.226833	0.106846	0.000231	0.000231	0	0.018211	1	1.27016556034697	-0.6966699741530926	-0.16096700629092833	-0.2247366995705047	-0.181740525870158	0.3695324062026023
577fd60255d4bb0f466464849ffe6d8e	No.14 0902 7MES	4512	120	0.148493	0.009087	0.040337	0.000222	0	0	2	0.5716847193988217	-0.9798802345945662	-0.16328400514102726	0.7587884265068656	-0.181740525870158	0.36904943204025187
e833e042f509c996b1b25324d56659fb	0917標本調査とデータの活用「推定」	3457	39	0.016488	0.773792	0	0	0	0	1	-0.6052742212363623	1.2354892169229112	-0.22043664344346706	-0.2247366995705047	-0.181740525870158	0.3667821785427352
063e26c670d07bb7c4d30e6fc69fe056	13_図形の性質と証明解答例 	759	82	0.046113	0.002635	0	0	0	0	3	-0.34113719145478344	-0.9985718394633598	-0.22043664344346706	1.742313552584236	-0.181740525870158	0.3639084040927837
75806e8a1c04cad241934a374c1359c0	1219後期数Ｓ「二次関数（復習）」	1034	34	0.176983	0.27853	0	0	0	0	1	0.8257020688832835	-0.1992971455272479	-0.22043664344346706	-0.2247366995705047	-0.181740525870158	0.36297210621222187
5abdf8b8520b71f3a528c7547ee92428	11_立体の中を動く球	16076	113	0.015987	0.768226	6.2e-05	6.2e-05	0	0	1	-0.6097411461957065	1.2193643761449036	-0.20447509580945233	-0.2247366995705047	-0.181740525870158	0.362151960439398
da94cbeff56cfda50785df477941308b	3_部分分数の和	5967	96	0.02363	0.73521	0	0.000168	0	0	1	-0.54159602151653	1.1237162009514619	-0.17718599824162073	-0.2247366995705047	-0.181740525870158	0.36193800749296445
5c8e07660e3000f141dda8b83107ed6e	R7_1年_冬課題【解答】	11285	121	0.249269	0.038635	0.000177	0.000177	0	0	1	1.470205337568219	-0.8942789418693475	-0.1748689993915218	-0.2247366995705047	-0.181740525870158	0.3580612226070029
74306eef5860833e2e47ff169a73b45b	【2冬】 2018年度　本試験　英語【筆記】 第６問	2886	106	0.056133	0.091476	0.009356	0.002426	0	0.233195	2	-0.2517986922679	-0.7411972473758696	0.4041232688165283	0.7587884265068656	-0.181740525870158	0.35165628154978246
147540e129e096fa91700e9db6588354	4_データの活用(確率の意味)	7961	70	0.009421	0.790227	0	0	0	0	1	-0.6682837196149757	1.2831018216995111	-0.22043664344346706	-0.2247366995705047	-0.181740525870158	0.35138528494072174
eda80a3d5b344bc40f3bc04f65b7a357	4章 関数y=ax2（R7用 未来へひろがる数学3）	3486	36	0.158921	0.329891	0	0	0	0	1	0.6646609538819375	-0.05050304793485717	-0.22043664344346706	-0.2247366995705047	-0.181740525870158	0.3507250888032666
80c94c09453dfe07681fde78e769353f	R7 No.24(0309)解説	1309	35	0.018335	0.762414	0	0	0	0	1	-0.5888063362066045	1.2025268672333371	-0.22043664344346706	-0.2247366995705047	-0.181740525870158	0.3502877138829189
66e8ba8216a1e152d72653d99a4f03ab	R7_2年夏休みの演習課題（A問題,一次関数）	34862	132	0.196231	0.185876	0.00066	0.000316	0	0.048219	1	0.9973175810937756	-0.46771809368490386	-0.1390842393733275	-0.2247366995705047	-0.181740525870158	0.34751907433519746
dc16622ddc767e6bc1200fe5df2fbdfb	MES放送用 大問９	9470	117	0.009504	0.778986	0.000106	0.000106	0	0	1	-0.6675436901306931	1.2505363644257805	-0.19314754587563543	-0.2247366995705047	-0.181740525870158	0.34684895471910526
cae82d4350cc23aca7fc9ae38dab38ab	22_１年数学「空間図形」週末課題No.22解答例	393	30	0.155216	0	0	0	0	0	2	0.6316271076257095	-1.0062055001622547	-0.22043664344346706	0.7587884265068656	-0.181740525870158	0.34551391639701134
a8f8f60264024dca151f164729b76c0b	0527図形の調べ方「角度演習２」	7409	37	0.011742	0.780807	0	0	0	0	1	-0.6475896421087125	1.255811846829078	-0.22043664344346706	-0.2247366995705047	-0.181740525870158	0.34478938757655175
c88d8d0a6097754525e02c2246d8d27f	0530円の性質「2円の共通外接円」	3448	34	0.00029	0.815835	0	0	0	0	1	-0.749695878903941	1.3572888361880517	-0.22043664344346706	-0.2247366995705047	-0.181740525870158	0.34416014014029706
2b24d495052a8ce66358eb576b8912c8	No.0(0417)	6467	40	0.000309	0.81568	0	0	0	0	1	-0.7495264745641654	1.3568397973234108	-0.22043664344346706	-0.2247366995705047	-0.181740525870158	0.3438805056154316
0ae1dd3954ee840075de1395771b6c9c	1117, 1118 7MES	3983	114	0.247803	0.009038	0.003766	0.000502	0	0	1	1.4571344553518546	-0.9800221888162914	-0.09119959647128337	-0.2247366995705047	-0.181740525870158	0.34291649636393307
58d4d1e7b1e97b258c9ed0b37e02d087	0502図形と相似「etime  アーチを作る」	9177	42	0.00632	0.776615	0.000218	0.000218	0	0	1	-0.6959322910699183	1.2436675183092418	-0.1643137824077379	-0.2247366995705047	-0.181740525870158	0.340425271131239
11f524c3fbfeeca4aa916edcb6b6392e	MES放送用 大問５	5851	117	0.012306	0.777132	0.001538	0	0	0	1	-0.6425610080227443	1.245165280199689	-0.22043664344346706	-0.2247366995705047	-0.181740525870158	0.33917145503313106
32b30a250abd6331e03a2a1f16466346	ELEMENTⅡ L2 S12	2741	54	0.059103	0.019701	0.231302	0.016053	0.909091	0.191536	5	-0.22531811915562022	-0.9491312119539316	3.9123169721829574	3.709363804738977	6.109332781107866	0.33789866470451724
a8abb4bb284b5b27aa7cb790dc20f80b	0425図形と相似「中点連結定理」	7935	41	0.013611	0.772023	0	0	0	0	1	-0.6309256046855304	1.2303643798161388	-0.22043664344346706	-0.2247366995705047	-0.181740525870158	0.33600595798679467
feab05aa91085b7a8012516bc3533958	Johnny Crow\'s Garden	1297	30	0.175019	0.000771	0.047803	0.003084	0	0.003855	1	0.8081910097612237	-1.003971893938783	0.5735216291904264	-0.2247366995705047	-0.181740525870158	0.33474457131252044
7dc1c7653ac42a05642a667959c12239	0627 三平方の定理「円の性質」	4225	37	0.011361	0.778462	0	0	0	0	1	-0.650986644922106	1.2490183233608012	-0.22043664344346706	-0.2247366995705047	-0.181740525870158	0.3345988612948815
a3ab4ff8fa4deed2e3bae3a5077675f0	R7 春課題B（入試問題編）	16887	107	0.16036	0.282999	0	0.000415	0	0.045656	1	0.6774911036154628	-0.18635034110092452	-0.1135972520222395	-0.2247366995705047	-0.181740525870158	0.33454733679195214
07c5807d0d927dcd0980f86024e5208b	16_正の数負の数(部分分数分解 2)	3830	37	0	0.743342	0.000522	0.000783	0	0	1	-0.7522815240899885	1.1472748077079757	-0.018857743484861824	-0.2247366995705047	-0.181740525870158	0.33313936643277875
f76a89f0cb91bc419542ce9fa43902dc	0502図形と相似「etime  アーチを作る」	4057	38	0.008627	0.764358	0	0.000246	0	0	1	-0.6753630378140162	1.2081586837034137	-0.15710534154076347	-0.2247366995705047	-0.181740525870158	0.33269413064828735
883e881bb4d22a7add958f2d6b052c9f	0527円の性質「内接円・外接円」	3976	39	0.020121	0.750252	0	0	0	0	1	-0.5728823282677049	1.16729324999616	-0.22043664344346706	-0.2247366995705047	-0.181740525870158	0.3309781045846413
be767243ca8f574c740fb4c26cc6dceb	1006後期数Ｓ「01 平方完成」	6246	38	0.022414	0.727666	0	0.00016	0	0	1	-0.5524378992621637	1.1018610448556498	-0.17924555277504198	-0.2247366995705047	-0.181740525870158	0.3271814191180975
66368270ffd51418ec58bd793f2d9b1b	0423図形と相似「正三角形の分割問題」発展演習	6241	37	0.01394	0.767345	0	0	0	0	1	-0.6279922348020489	1.2168120971787837	-0.22043664344346706	-0.2247366995705047	-0.181740525870158	0.32538704523292106
03f544613917945245041ea1581df0c2	A flower book	3319	75	0.126845	0	0.000603	0.000904	0	0.003917	2	0.3786707642693155	-1.0062055001622547	0.012293018833134646	0.7587884265068656	-0.181740525870158	0.3252872353172189
9a1de01f893e0d2551ecbb7ce4dc963e	[STEP中3]第7章 三平方の定理	3557	44	0.346922	0.081811	0	0	0	0	0	2.3408812318892496	-0.7691969933549287	-0.22043664344346706	-1.208261825647875	-0.181740525870158	0.3247262953131368
6463c88460bd63bbe256e495c63aa40b	ELEMENT I U5 Snece12	1466	38	0.148022	0.050477	0.137108	0.003411	0	0	1	0.567485274975965	-0.8599723726107837	0.6577059207440201	-0.2247366995705047	-0.181740525870158	0.3222226494088547
2e2c080d5490760af59d0baf5acbb84e	R7_NH2_補充リーディングワークシート自習課題５０分用11-15	4251	34	0.016937	0.756763	0.019525	0	0	0	1	-0.6012709292069301	1.1861557793360102	-0.22043664344346706	-0.2247366995705047	-0.181740525870158	0.32145203298526637
d961e9f236177d65d21100592edb0769	250603	14019	39	0.012982	0.749911	0.000499	0.000214	0	0.045296	1	-0.6365337799338887	1.1663053644939498	-0.1653435596744485	-0.2247366995705047	-0.181740525870158	0.32143185118526596
97008ea27052082be055447be9e85612	029_３年数学「難関入試問題に挑戦」週末課題No.029模範解答&生徒解答	2914	98	0.152368	0	0	0	0	0	2	0.6062342886951463	-1.0062055001622547	-0.22043664344346706	0.7587884265068656	-0.181740525870158	0.3201210974664481
ce052ea95dfe35291c6fa7fcf8819492	1_等差数列	6025	109	0.026224	0.682656	0	0.000498	0	0	1	-0.518467871128229	0.9714659526138029	-0.092229373737994	-0.2247366995705047	-0.181740525870158	0.31777253404723316
35936504a37d53e03abdfbc7318d9ec7	0704三平方の定理「正三角柱・円錐に内接する球・辺接する球」	4550	37	0.016044	0.758022	0	0	0	0	1	-0.6092329331763799	1.1898031337268675	-0.22043664344346706	-0.2247366995705047	-0.181740525870158	0.31713738340667386
c793b3be8f18731f2a4c627fb3c6c63d	学年末2「二重根号」 	4693	74	0.01108	0.771788	0	0	0	0	1	-0.6534920459472072	1.2296835789568445	-0.22043664344346706	-0.2247366995705047	-0.181740525870158	0.3127587158658236
31c0c178a9fc26ffecffd8670e6d746d	1022_平方根「さまざまな面積の正方形(導入)」	4757	38	0.007778	0.762666	0	0.00021	0	0	1	-0.6829327369966173	1.2032569175164949	-0.16637333694115913	-0.2247366995705047	-0.181740525870158	0.3109546698783717
dbc4d84bfcfe2284ba11beffb853a8c4	R8 春休みの演習課題（近畿公立過去問）【解答】	8860	105	0.256208	0.006659	0.002935	0.000113	0	0	1	1.532073585657818	-0.9869142111322957	-0.19134543565889184	-0.2247366995705047	-0.181740525870158	0.3108177651662838
cf9b2d0406020c56599f9a93708832b5	【3A】4編 1章 5 何を考えて決めますか～意思決定のプロセス～	2325	42	0.028387	0.03871	0.696344	0	0	0	3	-0.49918252444746763	-0.8940616649993599	-0.22043664344346706	1.742313552584236	-0.181740525870158	0.3103732455640994
866d90e0921ac7b024b47d672445a086	2_式の加法・減法	1883	40	0.013808	0.715348	0	0.000531	0	0	1	-0.6291691491625947	1.0661754917288986	-0.08373371128763131	-0.2247366995705047	-0.181740525870158	0.3102764575783259
88e1ce84f9feef5a08d0df0334c53468	1024BC_29A後期数Ｓ「03 面積の最大値と最小値」 	4843	39	0.005988	0.786496	0	0	0	0	1	-0.6988924090070486	1.2722930216738648	-0.22043664344346706	-0.2247366995705047	-0.181740525870158	0.30996779552300247
71a8b2ffe0b594a5c1b3c28090384fd7	120X_後期数Ｓ「07 空間図形」 	2922	36	0.011978	0.767625	0	0	0	0	1	-0.6454854618883428	1.2176232641600704	-0.22043664344346706	-0.2247366995705047	-0.181740525870158	0.3087049851279139
c182f930a06317057d31c73bb2fedd4f	0630 三平方の定理「折り返し・移動」	3287	38	0.022209	0.708853	0	0.000304	0	0	1	-0.5542656829281628	1.0473593147879787	-0.14217357117345938	-0.2247366995705047	-0.181740525870158	0.3079238869860098
63923f49e5241343aa7acb6a06a751e7	4章 関数y=ax2（R7用 未来へひろがる数学3）	3241	38	0.180808	0.247454	0.010491	0	0	0	1	0.859805837285462	-0.2893250923503458	-0.22043664344346706	-0.2247366995705047	-0.181740525870158	0.3070479277913024
c8cbd669cfb2f016574e9d147092b5bb	0612三平方の定理「導入課題」	3810	39	0	0.802887	0	0	0	0	1	-0.7522815240899885	1.3197781573534053	-0.22043664344346706	-0.2247366995705047	-0.181740525870158	0.3040638161196031
3d8e03e8b133b16f13a586f0c01b6866	学年末1「テストに選ばれなかった問題たち」	2693	38	0	0.800965	0	0	0	0	1	-0.7522815240899885	1.3142100754318584	-0.22043664344346706	-0.2247366995705047	-0.181740525870158	0.2984957341980562
1651cf0d2f737d7adeab84d339dbabd3	0425図形と相似「中点連結定理」	6477	40	0.027791	0.687973	0	0.000309	0	0	1	-0.5044964711056894	0.9868694341834515	-0.14088634959007112	-0.2247366995705047	-0.181740525870158	0.29849043978734424
ef0eff6088e2ed94f6caf720239f40d5	学年末5「平面図形・確率」 	8192	115	0.029419	0.699463	0.000244	0.000122	0	0	1	-0.48998119399229156	1.0201562506655404	-0.18902843680879292	-0.2247366995705047	-0.181740525870158	0.29815044616410924
56517f19aa289885c43e8db9137fb1b0	120X_後期数Ｓ「07 空間図形」 	2782	40	0.015457	0.753055	0	0	0	0	1	-0.6144666356736554	1.1754136108838271	-0.22043664344346706	-0.2247366995705047	-0.181740525870158	0.29751415806635795
d790c9e6c0b5e02c87b375e782ac01bc	0903三平方の定理「立方体の切断」	3226	38	0.009609	0.770614	0	0	0	0	1	-0.6666075082529862	1.2262824716853065	-0.22043664344346706	-0.2247366995705047	-0.181740525870158	0.29624214628850654
caf1a3dfb505ffed0d024130f58c5cfa	0421_一次関数「一直線上の３点 ・変域から値を求める」	2403	40	0.024136	0.614232	0.000416	0.001248	0	0	1	-0.5370845164677711	0.7732399185867833	0.10085386377024858	-0.2247366995705047	-0.181740525870158	0.294013092188914
7d62a275027741d98073d42b8f735c68	No.37 0205, 0209	4210	117	0.228741	0.010689	0	0.00095	0	0	1	1.287177322467586	-0.9752392006516327	0.024135457400306863	-0.2247366995705047	-0.181740525870158	0.29307740551591344
