contents_id	contents_name	uniq_events	uniq_users
7810ccd41bf26faaa2c4e1f20db70a71177	Jack the Giant Killer_e-future Classic Readers L6-1	42	1
287e03db1d99e0ec2edb90d079e142f3	01_前期中学数学解答例	42	8
f02a8fde79ddf5b978cd9ae9d408b7c1	w41-1_0211「二次関数」	429	19
1ee942c6b182d0f041a2312947385b23	夏休み課題（仮）	461	33
b197ffdef2ddc3308584dce7afa3661b170	L1-1_The Fox and the Stork_e-future Classic Readers	39	1
62519b8f83ec10cacb56d46342ace8f1	17_２年数学「式の展開と因数分解」週末課題No.17模範解答	121	31
3653cce234494bfbd33e077f4a028f66	C問題解答	6606	97
f1ab58817d7385758d31890a4bca9968	SA 20 Post-Quiz	1	1
e80ba3de4e2f156e3bdf5b3596b36ca4	２級　2022年度第1回	635	27
335c7dfad3f9dd425e91f9917ca104f4	07.1113総合問題（シエネの井戸／スカイツリーの影）	935	84
894a9b94bcc5969b60bd18e8ea9c0ddc	改・未来へひろがる数学2	383	2
ebb71045453f38676c40deb9864f811d	STEP１年/第５章/演習問題	90	18
3c333aadfc3ee8ecb8d77ee31197d96a	(A1) Reading Along Series 1-09. The Giant and the Boy (Book + Hybrid CD)	720	50
1785cff273aedbd875c814b46928ad7f	1224二次方程式（共通解）	871	40
7e1cacfb27da22fb243ff2debf4443a0	ごみについて考えよう	885	12
7006bc554a1a9de85c416551c10368e2	31_方程式不等式解答例	153	28
534488729ab74ff059356cb58c9907ef	50_[演習]式の展開と因数分解	1094	115
98fb202278940504d75b5a97b1476be4	［STEP中３］第４章関数y=ax2	31	2
bd380c81db012b113b6ab112b847e52b	Introduction Spring Activity - Analysis Tool	520	36
7bb16972da003e87724f048d76b7e0e1	6_円の性質まとめ	123	18
4b85256c4881edb6c0776df5d81f6236	1次関数　解答解説	85	6
e394c4fcf4858aeb877a99486c9c9418	01 円周角の定理	606	37
7c39a5f991bef4a1e34187677a65871d	PDF_上余白カット	18	1
203cb085a5c2c3faf8e4f60131817256	［STEP中３］第８章標本調査	2	1
46515dcd99ea50dd0671bc6840830404	中間値の定理＜宿題＞	3958	24
827cf4bc2f28f73e24c151cad3be7567	14 平行四辺形 解答	2	1
250473494b245120a7eaf8b2e6b1f17c	令和５年度新１年春テスト模範解答	137	35
63c4b1baf3b4460fa9936b1a20919bec	後期中間テスト数学問題用紙	6	1
7810ccd41bf26faaa2c4e1f20db70a71164	Jack the Giant Killer_e-future Classic Readers L6-1	2	1
57947ed4d4130c7ff0a057c8654dd1a3	期末試験に向けて解答編	222	76
6786f3c62fbf9021694f6e51cc07fe3c175	L6-10_The Prince and the Dragon_e-future Classic Readers 	14	2
6fe43269967adbb64ec6149852b5cc3e	0307自宅学習課題	37009	114
7cb36e23529e4de4c41460940cc85e6e	12_２年数学「図形の性質と証明」週末課題No.12解答例	136	41
320755112b6d9e248ce1c26e1fcf534b	02_新しい視点で_P41-66	41	6
cf05968255451bdefe3c5bc64d550517	週末課題no36解答例	52	5
594ca739e3609243a6b6a3dd8d871114	20_２年数学「式の展開と因数分解」週末課題No.20	52	18
e8ff7030a0d078bec25f25c9b705d228	13.0116総合問題（高校入試より）解答	365	22
00430c0c1fae276c9713ab5f21167882	0922総合問題（7てくてくスケール）	244	115
74c4481c34e417ac39d1de6b4f854c4f	春課題B（入試問題編）解答例は9まで　途中まででごめん！完成次第アップし直します	375	23
6338b003419816b5997ca4ee479935f8	ELEMENT U3 Day 1 text	321	6
9b523b0c92185f39a0da77a82c51b46a	⑯2月8日	4	1
f57a221f4a392b9265d14c4835bc2544	0710家庭学習の課題（確率）	2	1
937ea3f7714dc0d01475da7bff33b596	青チャート数Ⅰ 総合演習第2部 (問＆解答)	94	8
4f00921114932db3f8662a41b44ee68f	SA-10 answer	1	1
ab452534c5ce28c4fbb0e102d4a4fb2e	(A2) ACS.12-The Hare and the Hedgehog	430	17
f09696910bdd874a99cd74c8f05b5c44151	QMT4P1_場合の数と確率１_H問題解答_rgb	2	1
a1b9f8050fb246fbec454302f6c14e22	05_前期期末	1423	64
c33b41e89e420a81275220cbe2cf603c	06_３年数学「図形と相似」週末課題No.6	187	16
5aa69473df6673476b7fbcbdf4455955	The Tale of Jimmy Rabbit	337	5
3535fe1ed017a0632931c06769692cc4	0213 関数y=ax2「円と放物線」	2	1
19e901474bd32d47931f0219992ff889	0620三平方の定理（弦の長さ）	11402	111
f749025817f607fff3160d1e5244a9f6	等位接続詞	34	6
a1a609f1ac109d0be28d8ae112db1bbb	211115コーシーシュワルツ	642	42
1d7f7abc18fcb43975065399b0d1e48e	テスト教材	22	2
6fd9a99a5abed788d9afc9d52d54e91b	0430解答一次関数の利用（3直線が三角形を作らない）	70	19
ed47814023c35e43f950a4ef2c8437f2	21_前期期末数学解答例	24	8
d11509055cea2caaa57bc2abe499b3e5	w06_0507「図形と相似」解答例	104	40
76a70544c7953a163167e2fce5c48770	21(1122) - 改	25	10
5dfd38837dc134b2fc764c102b29fc46	SA 29 Post-Quiz	1	1
7b6982e584636e6a1cda934f1410299c	数学科よりお知らせ1	167	43
2c89109d42178de8a367c0228f169bf8172	MRS.TIGGY-WINKLE_01000550	218	2
72c25197b6a491816d9a84b42d7205f0	改・青チャート数A 第2章 確率（問・解答）	15635	107
ad80947c9909dd9d70739ca2b8f3fd2d	AD 36 Pre-Quiz	1	1
9b71706cb7d7b32ad744c88113c7e83a	令和６年度　全国学力・学習状況調査	391	37
451e10de8e2fb18a9f795679b52dc9f6	03_2年数学週末課題「一次関数」No.03_生徒解答	296	51
d63f5287fe86926d97cbc1ae95fc9e20	The Young Captives	3	2
2050e03ca119580f74cca14cc6e97462	円周角の定理	7	2
818cdcf067c824a4e34f9293de3b15a9	二次関数3 「定義域・値域の習熟を図る」	775	75
74f23f9e28cbc5ddaae8582f48642a59	AD-10 answer	1	1
68264bdb65b97eeae6788aa3348e553c	Vocabulary11　教科	8	3
57b4b4a28e16316cdd028bf6e23ae100	3章方程式・不等式　「いろいろな方程式２」　難問	2306	119
59f51fd6937412b7e56ded1ea2470c25	中3_9月_文の要素_ハイレベル_添削問題解答	1	1
8b4066554730ddfaa0266346bdc1b202	STEP１年/第４章/３比例と反比例の利用	718	19
274e6fcf4a583de4a81c6376f17673e7	SA 88	3	1
9d27fdf2477ffbff837d73ef7ae23db9	02_前期中間数S	152	16
68310dc294a1c38c7ba636380151daca	R5 冬休みの演習課題（解答）	3605	40
6222d5fd70abd4fe144a1df81fc2ea98	基本問題です	212	6
423215dae3a7a243e300638262f9242d	SA1 answer	1	1
b11c3e3aaf3cfe496174ecc31a3c04d0	式の計算演習プリント（余り）	1596	38
c474b217c91de1f9864507a1363f795d	No.11(0703)解答	89	18
ef8446f35513a8d6aa2308357a268a7e	22_３年数Sマンデー1204	4129	39
f7b6bc883be91f56eb248d72de4d2847	25_週末課題no.25	189	23
e1cd50f4a9880333cdad4a24ee9d550c	26-A2-2	1	1
eaa52f3366768bca401dca9ea5b181dd	(A2/B1) PYPR. 2-08/Leftovers	469	11
770c0e7e2af0db73409aa2431aa8f33e	１年数SMonday確認テストNo10（10/5実施分） 	30020	116
987b75e2727ae55289abd70d3f5864e6	0509図形と相似12（体積比）解答例	199	63
016669d2649ea531365419cc792ef8bc	0422図形と相似（アーチを作る）解答例	111	44
569ff987c643b4bedf504efda8f786c2	L10_P3&4	5	2
9659078925b57e621eb3f9ef19773ac3	AD 42 Pre-Quiz	5	1
e698959e9b93e4de823526327ffed84a	10_一次関数Bライン(再)解答解説	72	27
79a3308b13cd31f096d8a4a34f96b66b	16-A2-2	3	2
7acba01022004f2ce03bf56ca56ec6f4	L08_P1&2	36	5
29000b029c61328a948b1c7afa01cea3	新課程版サクシード数B 総合問題 (問＆解答)	2	1
8ef4b67e285d6b5ab177a181f802c920	31_後期中間数S 解説	1187	79
beed13602b9b0e6ecb5b568ff5058f07	STEP１年/第１章/2加法と減法	31	7
689016f6ee80ef507e2f5d67614b4be8	新課程版サクシード数Ⅱ 第2章複素数と方程式 (問＆解答)	89666	320
d71d9e49824fddceb67a26b34e5bc770	07 中点連結定理 解答	1152	79
e530eb364302c7bc23d19d0575a7d9cd	ELEMENT U5 Day 2 text	5729	92
020e3e36116fa2175efc76885d034450	令和5年度　後期中間テスト(数Ｓ)問題用紙	752	30
ce5d75028d92047a9ec617acb9c34ce6	0611三平方の定理（証明２）改解答例	301	50
4a8f48db79dcbdd919936463fd6086cc	1216二次方程式（1 整数の問題）解答	2	1
2b8a61594b1f4c4db0902a8a395ced93	第６章円１円３円の性質の利用	53	8
582967e09f1b30ca2539968da0a174fa	Unit 2	4	1
04b001a2057812f735cbcab76fd44e11	12シリウス国語発展vol2_本文224	4717	97
0f840be9b8db4d3fbd5ba2ce59211f5592	【解答】高１ 青チャート/数A/ 第３章 形と計量/ 第４章 数の性質	1	1
53329e4c4ffe13a2129d58d8d8c09a80	中1_R05夏休みの演習課題プリント解答	20492	125
82273dfbbc9cc64149d6e6d52d3104fa	0428解答	261	23
0a17ad0fa0870b05f172deeb05efef8e	[サクシード数Ⅰ] 第2章 集合と命題_旧	210	26
7cca4a9404acc5243f0b77c16ff4a477	春課題A（２年生になる前の確認編）	1364	32
cd758e8f59dfdf06a852adad277986ca175	MISS MOPPET_01000565	19	2
f06048518ff8de2035363e00710c6a1d	testpdf	2	1
7ef605fc8dba5425d6965fbd4c8fbe1f	進学補習	91	10
2b7b82a7ec6de40781fd6ef338b41892	英語5(1‐①)	19661	113
68197667db0818801a9bb210793be9c9	ELEMENT U4 Day 1	4	1
d10ec7c16cbe9de8fbb1c42787c3ec26	QMT5L2_図形と方程式２_S問題解答_rgb	3	2
99ef8a644d84701c79bad8f4c3a7b4d7	12_前期中間数Ｓ模範解答	83	29
b937176da86d4bb5f0ac63aaecf540ea	問題21～30	2279	30
7de32147a4f1055bed9e4faf3485a84d	［問題］改・サクシード数Ⅰ_第1章 数と式	445	30
f0a67f9b4fc7410c72ed8395c03f7f7a	All About the Little Small Red Hen	3	2
df1a336b7e0b0cb186de6e66800c43a9	230222後期期末考査範囲・掲示	171	58
4558dbb6f6f8bb2e16d03b85bde76e2c95	青チャート　数 I　第3章　図形と計量	5	2
13e5ebb0fa112fe1b31a1067962d74a7	週末課題no.15	334	44
3ba07b63865ffdcc83f484c6749df719	連立方程式　難問(模範解答)	94	18
445e24b5f22cacb9d51a837c10e91a3f	R4 GW課題	6	1
39059724f73a9969845dfe4146c5660e	週末課題05	541	30
bd294168a234d75851d6f26f02723ab1	18a	12	4
ce18a8c5b7f2ae619db847f59eb49353	総復習テスト①解答用紙	187	34
73c03186765e199c116224b68adc5fa0	国語9(3-②)	1	1
ea204361fe7f024b130143eb3e189a18	電車と自転車解答例	261	25
76b605730bd2606bbcb290f1244dac9a	06 MRS.TIGGY-WINKLE	1	1
2578eb9cdf020730f77793e8b58e165a	２年４章図形の調べ方	16	9
50e1781e60d725365a74d585a2734062	17_生徒解答	224	45
e1054bf2d703bca1e8fe101d3ac5efcd	32-A2-2	1	1
a7ea034186e14fb5f7b37cf664893cd2	サクセスコーチ 1年（本文）	2034	29
db8e1af0cb3aca1ae2d001862420452981	未来へひろがる数学2	44588	23
6786f3c62fbf9021694f6e51cc07fe3c187	L6-10_The Prince and the Dragon_e-future Classic Readers 	2	1
8df7c2e3c3c3be098ef7b382bd2c37ba	連立方程式の利用(代金・割合)	2749	116
b4d168b48157c623fbd095b4a565b5bb	STEP１年/第４章/３比例と反比例の利用	782	21
fcac695db02687ffb7955b66a43fe6e6	解答解説_過去入試問題2017	1	1
a6d5ab67798f3a675dc50c1d5b6c03d4	AudioSampleTest	100	2
8d373a5f49b37b82596aaaadb567e6ff	05 平行線にはさまれた線分の比 解答	188	51
7dab099bfda35ad14715763b75487b47	No.17	16	10
ec5decca5ed3d6b8079e2e7e7bacc9f2	test pdf	20	7
379a7ba015d8bf1c70b8add2c287c6fa	(A1) Reading Along Series 1-08. Stepping Stone (Book + Hybrid CD)	932	52
f72f78a365657d56853b6867fb37dc3c	1029解答平方根（問題演習２）	238	57
895daa408f494ad58006c47a30f51c1f	家庭3(4-①)	3962	100
5c96ab47cd8c08e27bb5e3e8e7cc72c4	２年数SMondayNo33(二次関数）	17309	104
80c0e8c4457441901351e4abbcf8c75c	02_前期中間数学再(修正版)解答例	225	32
e034fb6b66aacc1d48f445ddfb08da98	test pdf	1	1
69ec5030f78a9b735402d133317bf5f6	R03_2年冬休みの課題プリント（答えのみ）	599	35
19eca5979ccbb752778e6c5f090dc9b6	17q	83	4
94afdfcb8cc1df4eecc676fba0c3c6b8	基礎問題　強調	198	14
3bf55bbad370a8fcad1d09b005e278c2179	GINGER AND PICKLES_01000562	2	1
81930c54e08b6d26d9638dd2e4656dc1	ADorSA 16 Pre-Quiz	1	1
aafca7a855d7126422ccb0eb889babb4	田仲動作確認1217	2	1
61b07251e835d37322b7460d2b88c05b	5分間テスト解答No12	3	2
d63fbf8c3173730f82b150c5ef38b8ff	サクシード数Ⅰ_第１章	48728	44
e721a54a8cf18c8543d44782d9ef681f	【解答】青チャート　数Ⅰ 第４章 データの分析	4	1
cdaeb1282d614772beb1e74c192bebda	準2級　４A　2021年第2回	16	4
a42a596fc71e17828440030074d15e74	test pdf	1	1
2e2079d63348233d91cad1fa9b1361e9	25-A1-2	4	2
10b4945abe2e627db646b3c5226a4e50	3級　３C　2022年第1回	15	4
c850371fda6892fbfd1c5a5b457e5777172	Rapunzel_e-future Classic Readers L5-1	2	1
afe434653a898da20044041262b3ac74185	L2-10_The Origin of Fire_e-future Classic Readers	38	1
173f0f6bb0ee97cf5098f73ee94029d4	22-B1-2	1	1
43a2348027cdb8d216f4fb15fd9e1e4f	03_後期中間数学解答例	125	34
5cbdfd0dfa22a3fca7266376887f549b	解答/STEP１年/第５章/２作図	79	8
31839b036f63806cba3f47b93af8ccb5	Unit2-3　他己紹介　教師デモ	2	1
ea20aed6df7caa746052d227d194a395	平方根「平方根の利用２」式変形による代入	78	15
ffeed84c7cb1ae7bf4ec4bd78275bb98	test pdf	2	2
c3df9051227efe58d6562d25e6a13dc8	第23時-2 立体の切断面を考えよう解答例	25	10
437d7d1d97917cd627a34a6a0fb41136	高２ 青チャート/数Ⅱ/ 第１章 式と証明/ 第２章 複素数と方程式/ 第３章 図形と方程式/ 第４章 三角関数	38	2
0224cd598e48c5041c7947fd5cb20d53	1013解答平方根（循環小数）	212	55
f8eb278a8bce873ef365b45e939da38a	未来へひろがる数学（別冊）	1028	49
073b00ab99487b74b63c9a6d2b962ddc	数学1(0-①)	7794	80
89f0fd5c927d466d6ec9a21b9ac34ffa	第５章相似３面積の比，体積の比１三角形の面積と線分の比	31	5
d81f9c1be2e08964bf9f24b15f0e4900	改訂版数学 I 	32	2
230412c7a68201e0be2f5d4fb9d442b4	2月7日英語週末課題AR03民話2月9日22時までに取り組むこと	1348	39
ccf0304d099baecfbe7ff6844e1f6d91	芳賀1組2組 Element II Unit 3 Day 3	13	1
52720e003547c70561bf5e03b95aa99f98	改訂版数学 II 	279	2
74af29e4a58ef5b90a184d5264d47342	1218二次方程式（動点問題）	4298	118
8d420fa35754d1f1c19969c88780314d	１０月１５日	4623	17
c7b90b0fc23725f299b47c5224e6ec0d	保健体育３	33	1
e1e4fdbce97bad3d9230fb606165dc1b	07 中点連結定理	28590	106
9ac403da7947a183884c18a67d3aa8de84	◆【解答】中２数学STEP １年の復習/ 第１章式の計算/ 第２章連立方程式/ 第３章１次関数	7	3
905056c1ac1dad141560467e0a99e1cf	JEMIMA PUDDLE-DUCK_01000553	2	1
efb76cff97aaf057654ef2f38cd77d73	【解答解説】青チャート　数A　第3章 図形の性質　第4章 整数の性質	763	11
1a4ab15f37a1d2341d947a9996ddfbf7	［STEP中３］第５章相似	1756	50
d0f4dae80c3d0277922f8371d5827292	0426一次関数の利用（直線で囲まれた三角形の面積）	1235	118
5d55e7c13b0f4d7cf9d5d55d3af329c8	GW中の課題（解答）	926	37
4f53d60aee2ffa2af10e3463da26b784	PDFDL動作確認用	538	6
4cf33e18ede11b79827bc78b7f2075ae	Atolls_A2+-lv3	100	7
38087d90fe0083a5d17fef54ed2b3220	1	42	4
36ef259d4d9967f3a81aa326160128c7	(1117)３学年同時数Ｓトライアル	23213	85
e22c686bc771d5872150738b15f3e533	21_１年数学「中学校入試」週末課題No.21	399	48
5af12af744c7a634787ec678b7dbdaf0	0623三平方の定理（西京入試問題）	525	112
8fb276fc273796ca929b7fc45c2bc661	1106 平方根　導入問題	110	20
beb22fb694d513edcf5533cf006dfeae	Unit2-3　他己紹介　教師デモ	113	8
afd53be629a8800e6447030f2e0961f7	誤用しやすい言葉	17	4
3f00f874e9837b0ec850a34c85432d66	二次関数12「色々な内容を復習」解答例	99	45
eae27d77ca20db309e056e3d2dcd7d69	【For Teachers】Analysis Tool Manual	10	1
82ce5ed14ce2278cbf483067765be069	0108_連立方程式（連立三元一次方程式・置換え）	7778	114
6c8dba7d0df1c4a79dd07646be9a26c8182	The Little Prince_eCR L9-1	5	1
42998cf32d552343bc8e460416382dca	STEP１年/第2章/１文字と式	94	12
4ab3564cc099eb3b31a16042f06bd31e	13 面積比	38040	117
081be9fdff07f3bc808f935906ef70c0	二次関数5「直交する2直線」解答例	48	20
f56d8183992b6c54c92c16a8519a6e2b	比例，反比例の利用（交点の座標、図形問題）解答例	344	58
02521712a2db79856e98d9a95c2a87e1	0311_西京高校入試解答例	7	3
0a118184382a407bba7aef472932273e	３年４章二次関数自己評価シート	134	33
5ed17b7aeb1316a3f8daf637f4a7a6b4	SA84 answer	1	1
25e2d0317e892210f0bfed6b1a96d1e6	17 切断面 解答	2	1
567b8f5f423af15818a068235807edc0	2章文字の式(図形の周の長さ) 	2686	69
4324e8d0d37b110ee1a4f1633ac52df5	w34_1211「二次方程式」	24014	97
816b112c6105b3ebd537828a39af4818	STEP１年/第１章/５演習問題	13	6
8c9a14ffebb7677d033ffce847991293	臨時休業中の課題⑤	632	24
5dcef39f7ee1e03911b48b876ecf448e	(1117)３学年同時数Ｓトライアル	4013	25
da9e6a4a4aeca98588e4dd77ceb37695	技術1(3-①)	9225	119
0beb34df7e9615cd43b9090989ca4848	自己評価３５図形と相似	207	23
917c5ffe030a6f7a0bd034248ac6e645	難しい？	4	2
c4c991c9060046f09535273ef0f126fd	1115_04空間図形（立方体の３点を通る切断面）	15679	119
a4a587f3d0835928d30c2253f0624953	No.31(0310)	27	13
1fc30b9d4319760b04fab735fbfed9a9	TestBook210617	26	1
219c507b38ddfc07899fc1f01ff40c44	改・未来へひろがる数学2	133128	480
da6ea77475918a3d83c7e49223d453cc	理科１２（４－①）	9025	87
349f36aa789af083b8e26839bd498af9	1206解答二次方程式（利用No7）	411	73
2715518c875999308842e3455eda2fe3	test pdf	1	1
054ab897023645cd7ad69525c46992a0	0524円の性質（円の性質の利用）	169	59
e3eb4194278df0f91258632682d0ae92	No.7	41	20
17326d10d511828f6b34fa6d751739e2203	The Wonderful Wizard of Oz_eCR L7-2	2	1
08ae6a26b7cb089ea588e94aed36bd15	SA 37	8	1
8dfe8cee5c46c3c42f3bfa933035d7aa	No.1(0422)紙ベース	236	23
1f50d0737a738a9ba3206543d1102cbc	0204二次関数 （演習 習熟を図る③）	1602	106
3bbfdde8842a5c44a0323518eec97cbe	テストA_L1-1_The Fox and the Stork_e-future Classic Readers	3	1
931bbcc1be76e466aea6eb35b6717730	19_３年数学「三平方の定理」週末課題1018 解答例	1013	74
fb60d411a5c5b72b2e7d3527cfc84fd0	4点を結んだ図形の面積	257	21
e9412ee564384b987d086df32d4ce6b7	週末課題no36解答例	59	13
596239013dbdab4591cefef9be5a5f58	0219_規則性演習プリント（等差数列）解答例	352	20
6f04f0d75f6870858bae14ac0b6d9f73	２章Blineテスト問題用紙	600	22
5a99158e0c52f9e7d290906c9d08268d	(A2) ACS.24-The Grain as Big as a Hen\'s Egg	147	9
caa89215e67b35d504b99a0b22f1c56d	1年本冊(H30版)	1	1
285f89b802bcb2651801455c86d78f2a148	CMT1C1_１次方程式　《計算》_問題解答	6	3
154a6174eec6f10041543bf664d27408	1年生サマサテ課題(模範解答)	379	27
d7f6db68da03fee4df7856f3323dd380	AD 24	15	2
14edc6ebfdae2e23bbed83d67f50e983	0212 関数y=ax2「線分の比」解答	107	26
d56b9fc4b0f1be8871f5e1c40c0067e783	中2数学STEP　第4章図形の性質と合同/ 第5章三角形と四角形/ 第6章確率/ 学末問題	379	6
1e79596878b2320cac26dd792a6c51c9	1021総合問題（12内接四角形③）	3	1
7e3315fe390974fcf25e44a9445bd821	9-A1-2	21	5
6f0442558302a6ededff195daf67f79b	0905標本調査（3推定）	98	48
c4d856156b2c629314b9edd13523fe8e	04-WH 解答	150	68
b265ce60fe4c5384e622b09eb829b8df172	L3-1_The Golden Goose_e-future Classic Readers	2	1
1a32df83ac6be75b6907fe885465b7a9	0914総合問題（2富士山）	233	105
7a006957be65e608e863301eb98e1808	(B2/C1) eCR11-07.Jane Eyre	51	8
a3a3e8b30dd6eadfc78c77bb2b8e6b60	13_週末課題no.13	159	40
c09f9caf5e08836d4673ccdd69bb041e	testpdf	39	7
47bd8ac1becf213f155a82244b4a696a	二次関数1 「式・交点・三角形の面積」	186	21
726bd18c52afc248015dcdbc463c6f85	0121_連立方程式の利用(さまざまな問題)	7008	79
ffd52f3c7e12435a724a8f30fddadd9c	STEP１年/第１章/２加法と減法	17	7
6c1da886822c67822bcf3679d04369fa	QMTYT4_積分法２（数学３）_H問題解答_rgb	1	1
489d0396e6826eb0c1e611d82ca8b215	中3_12月_過去問演習２__添削問題解答	3	1
3f826f30bc252fb41b7ef03b98ee98c8	四字熟語	37	5
e1517246f55a92dc53dd2133ebb12837	Stories Pictures Tell. Book 3	90	4
0cd6a40ae578078bc72e5310df41e918	STEP演習中２数学_第１章式の計算	235	17
a081cab429ff7a3b96e0a07319f1049e	［STEP中1］学年末問題	13932	69
4342309e4ba71c9a7d478ed061abd025	SA 47 Post-Quiz	1	1
bd686fd640be98efaae0091fa301e613	西尾	15	3
955cb567b6e38f4c6b3f28cc857fc38c	03_前期期末数学解答例	13	2
c6dfc6b7c601ac2978357b7a81e2d7ae	２年５章図形の性質と証明	21	5
f06a642b52d91adfa0168b737bd60db9	地層さん	5	1
905056c1ac1dad141560467e0a99e1cf200	JEMIMA PUDDLE-DUCK_01000553	2	1
b3848d61bbbc6207c6668a8a9e2730ed	1-A1-2	388	30
96f2b50b5d3613adf9c27049b2a888c7	(A1) eCR1-06.The Little Red Hen	2870	92
6e7f6c38c238834f094d50661ec45fcd	No.1(0417)タッチペン	5552	37
33ef701c8059391708f1c3ddbe9f1f81	１年数SMonday確認テストNo1 	966	42
ae95296e27d7f695f891cd26b4f37078	24w_「二次関数」週末課題WEB	16109	70
7f1171a78ce0780a2142a6eb7bc4f3c8	STEP１年/第３章/演習問題	60	11
b3af1c7992383988a4bd73c7e9f14759	３章一次関数	162	32
2407dc29cf2ab352752d288c15d812b2	R6toR7 春休みの演習課題(解答)	13738	114
00a2aa5c43a94f625ebf713cb5bfb091	0916総合問題（4日の出）	215	105
a1cb608a30fc2883eed0831dcf25f260	AD 30 Pre-Quiz	7	1
3891b14b5d8cce2fdd8dcdb4ded28f6d	改サクシード数Ⅰ_第５章 データの分析+総合問題mix	17	3
b4baaff0e2f11b5356193849021d641f	25_３年数Sマンデー0213	3236	37
1872e3d47e965d2e64f63ca01dd937f9	サンプル問題２	10	2
3fc703661503434d7524267dfdd3e668	Book of 50 Pictures	75	4
717e15ebeb12bbe8061ef3c21578f463	前期中間数S模範解答	648	106
6a182a16e66268d7ce85fcfe945df787	⑨１１月２日	3	2
26588e932c7ccfa1df309280702fe1b5199	APPLEY DAPPLY\'S NURSERY RHYMES_01000566	1	1
bf2fb7d1825a1df3ca308ad0bf48591e	(A2/B1) eCR7-09.Ali Baba and the Forty Thieves	432	14
c6344b0ae32e496be8b1b701e540d566	13_３年数学「三平方の定理」週末課題No.13	80	18
986ad3ada4d93c1c474674751f941082	マグニチュードの計算	38	12
05298fdb6c0c3d665cea702d1f85acda	SA 62 Pre-Quiz	1	1
e5e63da79fcd2bebbd7cb8bf1c1d0274	STEP１年/第４章/４演習問題	362	19
436db71e03605b5aea1e08078f29f7f2	[サクシード数A] 第1章 場合の数と確率_text順答えなしsample	123	7
5a5fa2512d295bc18b5d557fb34a0888	ADorSA 8 answer	1	1
f6e25176c96f7d7c8c7d74ff8babee5d	37三平方の定理	228	31
b0ab42fcb7133122b38521d13da7120b	No.101-102	38	11
64502272bd02ef05cfeb5ea9fcfc285b	WH No.26 解答	149	60
0ee7e71061cf860ccf3b29c6823c7971	青チャート数C 総合演習第1部 (問＆解答)	5	2
89d4402dc03d3b7318bbac10203034ab	理科２年授業001	16490	94
5699ea73cda4c69b17c2255ec26db204	No.4	47	16
c5dc3e08849bec07e33ca353de62ea04	Koreans at Work	49	1
f80441fff22ab64f9036fc53cbfd4c2e	10_生徒解答	599	58
99bcfcd754a98ce89cb86f73acc04645102	Z会問題_高校	25	1
949686ecef4ee20a62d16b4a2d7ccca3	ELEMENT U3 Day 2 text	1129	44
5c22590152f4f53f3c05cf7cc6aa0b6b	2級　３A　2022年第1回	3	2
fcd4c889d516a54d5371f00e3fdd70dc	L04_P1&2	152	37
8bc56cf0bafb2650146f3e48cb85d257	AD 8 Post-Quiz	8	1
47cc8fbdaeacd8c1d9fe325b11e0287e	1224二次方程式（共通解）解答	2	1
a529ea43c249fcbee9685c74d8baa9eb	5分間テスト解答No11	1	1
d863d5ec458b0dc3b46cba96d9d49ac3	220418合成	102	25
b55c86af1c55672a8792354910cd548d	0705三平方の定理（18円柱と6つの球）	418	111
ec16c57ed363c5ca91a3e5e5b88fe502	解答［STEP中2］第５章三角形と四角形	44	4
740c6faec4dc6f885b63c458995f6332	37三平方の定理 単元のまとめ	187	18
384cb854644425079baeec43aa82534f	二次関数14「西京の過去問たち」	311	80
f57bd0a58e953e5c43cd4a4e5af46138	１章正の数負の数の利用(平均)	154	23
cef347a99ab5be3642ec79a8e2c0bc87	0121_連立方程式の利用(さまざまな問題)解答例	805	54
3dea6b598a16b334a53145e78701fa87	Ａ２章平方根	448	48
c0172ea66506f59c8c435eb66176fb67	2級答え	59	3
c2d890039c3615ffe346e353e950850f	19(1108)	19042	108
9b698eb3105bd82528f23d0c92dedfc0	週末課題13	83	16
ae5eb824ef87499f644c3f11a7176157	１年数SMondayNo1 	6788	48
cc9b3c69b56df284846bf2432f1cba90	３章方程式(規則性・仕事量)	5181	113
6fbb2c2ee065c77a193d0057aab8fa11	12 関数との融合 解答	339	52
62b98e188905060143a433b1363b3266	２年数SMondayNo35(二次関数）	20813	106
3fc766eeb8f90bc3d4e5b0ed68639eee	徹底演習から！	5	2
13168e6a2e6c84b4b7de9390c0ef5ec5	週末課題no28解答例	49	13
f77ad541b6b5bc48c47d814b95491fbd	01_春休み明けテスト	80	15
0c1c995b77ea7312f887ddd9f9d35de5	(A1) RT33-Dad\'s Headache	631	34
c0d58683701171db454d0456f2508f90	５分間テスト24	34	13
f3be5eb7ff15f2013a3b65fbca4bf864	Group C Element U9	1492	37
fbb17c69f51a5950e05e08cc14599b57	R04_3年冬休みの課題プリント	45759	123
aba54c23d97bf1321a4275e21d615112	211126解と係数の関係3	743	37
3a09a524440d44d7f19870070a5ad42f	［STEP中３］学年末問題	1	1
cae7115f44837c806c9b23ed00a1a28a	AD 35 Post-Quiz	1	1
7a70c831f7cd407750d00c839b23a496	デザイン実践(p49_p160)adobe圧縮版	18	1
38a8e18d75e95ca619af8df0da1417f2	5分間テスト解答No09	3	2
15231a7ce4ba789d13b722cc5c955834	サクシードⅡB 6. 等式の証明～ 8. 不等式の証明 	78	7
fa11d41aa48261b2e49b1ee625cf4d03	地震	18	6
451ee190d0efc1f77c8bcc7238979ac1	GW課題（解答例）	840	39
e06f967fb0d355592be4e7674fa31d26	【解答解説】青チャート　数Ⅰ 第１章 数と式	3	2
22cd4d66fc24fc0163ac00d27c1433c5	0530 2年4章Blineテスト問題用紙	485	30
d1e39c9bda5c80ac3d8ea9d658163967	0506一次関数の利用（グラフの読み取り）	9	1
fdb2c3bab9d0701c4a050a4d8d782c7f	0307桜の開花予想2023	1474	90
26a95b3bf6c0fa4ba909250facfb5ae9	「式の計算（等式変形）」再	8	3
b8acb9f3726fce014595187a18ed05b9	2_1規則性演習プリント（群数列）	1227	35
bf4334a2421c544eaa17629e52029ca1	2年2章Blineテスト解答用紙	548	101
aff1621254f7c1be92f64550478c56e6	2019 代名詞	383	21
85fc37b18c57097425b52fc7afbb6969	01_前期中間数学解答用紙	8	2
77305c2f862ad1d353f55bf38e5a5183	Element 9 Group B	31	5
6fec24eac8f18ed793f5eaad3dd7977c	シリウス21発展中2[解答]	14409	66
19ae449792fac7866a7d551fc38c08ed	0522図形の調べ方「証明演習１」解答	35	11
c156cea027720c227089e679b3ae9d1b	No.9(0628)タッチペン	13820	44
18df51b97ccd68128e994804f3eccc87	SA 92 Pre-Quiz	1	1
360c19682e81f21d55846685c1701179	A問題解答　※大問８(3)の答えは3√6です。	5641	105
d3fad7d3634dbfb61018813546edbccb	(A2/B1) PYPR. 4-09/Ice Calf	75	11
66637b9fbf69eec9ed685f6d3c86a072	年度末演習（後期数S抽出問題）答え	310	26
dcda54e29207294d8e7e1b537338b1c0	(A2) eGCR/School Adv.3-1-Moth Madness	1598	51
1f47cef5e38c952f94c5d61726027439	0511一次関数の演習問題（解答例）	218	27
f4e369c0a468d3aeeda0593ba90b5e55	たずね人PDFを編集	10	2
03924fb32bcc6248036e209a716e3339	0614図形の性質と証明（直角三角形の合同1）	997	109
b96fab78f4c997de5d5fa8621625e8b4	1017作図トレーニング 1	833	53
1819932ff5cf474f4f19e7c7024640c2	STEP１年/学年末問題	452	5
64b0a7e11a467063ff3fa8d3bdf661e1	0212 関数y=ax2「線分の比」	2918	41
a8baa56554f96369ab93e4f3bb068c22	分析ツールとは？	371	14
d384dec9f5f7a64a36b5c8f03b8a6d92	解答［STEP中1］第7章 資料の整理とその活用	5476	128
a660d4563b8f62dd5282319cc643d950	三角形の角１(解答)	21	4
8f85517967795eeef66c225f7883bdcb	井上恵理	11	4
e17aeca56fab22ce30ac615e72cc64e5	37三平方の定理 単元のまとめ2	119	16
ba825ea8a40c385c33407ebe566fa1bc	SA 18	4	1
90c34175923a36ab7a5de4b981c1972f	ADorSA 9 Post-Quiz	1	1
0aa1883c6411f7873cb83dacb17b0afc	田中正仁	13	5
c13ffb792c2cc71a9202bea953215f5a	No.8	31	13
5cd096b58d0fc4db8a84fdb5e9826a29	年度末演習（前期数S抽出問題）答え	302	33
aba22f748b1a6dff75bda4fd1ee9fe07	20210115数学自宅学習課題	46	16
bcbe3365e6ac95ea2c0343a2395834dd	週末課題02a	991	36
fb6c4e0b4b90ebfb5a35ca7a9cbf1d16	031_後期中間数学確認テスト解答例	24	11
2b8dec786a8cdf5889309995733b54d4	学年末演習プリント②解答	2	1
c64a9829fa4638ff5de86330dd227e35	47-B1-2	2	1
40c48dab939a482f04dcecde07e27de6	【振り返り集約】学年末考査数学I	40	2
beda847edabdd461b87a0821a65cad5f	青チャート数B 第2章 統計的な推測 (問＆解答)	1109	40
b753ced14094e73576b017d9323be362	5分間テスト解答No02	3	2
838e8afb1ca34354ac209f53d90c3a43	MR.TOD_01000558	3	2
182340c28a4350468fce307ff1bab29e	0927 2年前期期末テスト(数S)模範解答	336	41
c5eee1896752e5ac19a3a0bb34fbab4b	0704_1三平方の定理（17-1正八面体の内接球）	428	101
7ab8464df372307c1bcce9b2a043415a	09_３年数学「三平方の定理」週末課題0614 解答例	1237	51
db53e24fbc4e5a62aaa6e92f6bd1167f	準2級 2022年度第2回　答え	44	17
766e428d1e232bbdd58664b41346196c	一次関数②(4/30締切)	3434	28
416849da96fb73bee793e2bf65ae43ac	英語11（３－③）	17127	120
dee767f49e1cf1ddd63e3bbe57489542	0212 関数y=ax2「線分の比」解答	110	22
59bcda7c438bad7d2afffe9e2fed00be	週末課題no26解答例	150	27
e7e69cdf28f8ce6b69b4e1853ee21bab	Switched On_A2+-lv3	486	20
35ec253885cf090f80881b44180afb00	テストPDF	2	2
17f5e6db87929fb55cebeb7fd58c1d41	0303包絡線	46	15
63923f49e5241343aa7acb6a06a751e785	未来へひろがる数学1	54165	24
8e2cfdc275761edc592f73a076197c33199	The Railway Children_eCR L10-1	1	1
a399f7f1554f59cecb453623c1c2a196	0417週末課題	2	1
7b647a7d88f4d6319bf0d600d168dbeb	春課題B（入試問題編）	1	1
67ad4113ae200c56e74d7177b37d9469	SA 12	4	1
05128e44e27c36bdba71221bfccf735d	２文字の式	21	10
ae502204564aafbffb712be630e3910b	二次関数6「線分の比」	711	76
9627c45df543c816a3ddf2d8ea686a99	青チャート数A_第2章 確率	2570	31
d736bb10d83a904aefc1d6ce93dc54b880	◆中２数学STEP １年の復習/ 第１章式の計算/ 第２章連立方程式/ 第３章１次関数	21	4
543e83748234f7cbab21aa0ade66565f	［STEP中2］第3章 1次関数	12852	113
cb8da6767461f2812ae4290eac7cbc42	【数S Monday】20191216実施19「二次方程式2」	3393	20
c8ecfaea0b7e3aa83b017a786d53b9e8	前期期末テストS解答用紙	410	91
cbb6a3b884f4f88b3a8e3d44c636cbd8	762_４つの球と接する球	12	5
478423056f0942a464052ccc8e0d064d	0213 関数y=ax2「円と放物線」	1164	39
a2c37478e74595e450b880721a3193fc	年度末演習（後期数S抽出問題）答え	538	33
b6417f112bd27848533e54885b66c288	ペンストローク動作テスト用_2208	260	7
b4de0635a83a2ae18e4298768351c7d7	1212二次方程式（解が与えられた二次方程式）	992	110
dc5689792e08eb2e219dce49e64c885b	Unit2-3　他己紹介　生徒A	588	18
7068f5c7fb43d165180107a27beb6020	徒然草	16	4
4670c07872d5314c6ad6ffa633d4a059	w27_1030「平方根」	67292	114
d94e18a8adb4cc0f623f7a83b1ac75b4	0829 整式の割り算	1297	37
f25c6ac5f918996124bfb5cb65201434	Level 1_5	3397	117
5934c1ec0cd31e12bd9084d106bc2e32	a_sample_pdf_file220808_9	9	1
d70538d0bcd4bacb90ae29025815166f	01.1130総合問題（五円玉と月）	4250	38
a2e091a8051029947bb7b22a678e67af	1120 2年後期中間テスト(数S)問題用紙	481	32
f4573fc71c731d5c362f0d7860945b88203	Snowdrop_eCR L7-1	12	2
8ef0327d29dfae100751f4ed0a042790	連立方程式（自宅学習紙芝居１：3元1次連立方程式）	6875	119
1764183ef03fc7324eb58c3842bd9a57	1010練習③④解答	355	50
10a5ab2db37feedfdeaab192ead4ac0e	移行用補助教材	35	5
f7eb745a5f9b3016b083019da91b5f74	0905練習	3194	113
e5ba7c3bbe8402a49a10fed2162dac54	後期中間テスト模範解答	133	23
23ccc3a27687bb9c79f1ebc0eeb15bbd	Punky Dunk and the Gold Fish	6	3
81e4fe932e45bbbc10cfce7ffb67162e	02.1201総合問題（富士山）	347	58
4558dbb6f6f8bb2e16d03b85bde76e2c52	青チャート　数 I　図形と計量	327	23
6412121cbb2dc2cb9e460cfee7046be2	SA 43 Pre-Quiz	1	1
9005e22c1f6a91269cfaf51aedb6e83b	2025_0108_1二次方程式（無理数係数）解答	147	42
79f69230354b71206fb723c571cce58b	1年ふるさと	2171	115
2de5d16682c3c35007e4e92982f1a2ba164	TWO BAD MICE_01000549	38	3
959a557f5f6beb411fd954f3f34b21c3	第７章三平方の定理１三平方の定理１三平方の定理	1200	38
1e4dc58a5c8c8908a4d317d6ef44a4d0	SA25 answer	1	1
ab9a3f4c92c0f50204a1fe6dbf2e1d0a	AD22 answer	3	2
5c9d54bf8c2ade6c7ad0bafd578e5f09	ペンストローク英作文3＋4カナダの民話	11	3
d0cbf1a1aa1726784df15a81ead214f7	01_週末課題no.1	111	18
a73d18446f20a30be28c26ab513da8d8	No.19(1106)	11395	78
398024cb5e21d749d728926a28b19d00	準1級 2-2 2022年第1回	3	1
b5f30ed55c1e0b0c8be8d25edacb6f94	No.0(0418)練習	5891	47
42d6c7d61481d1c21bd1635f59edae05	STEP１年/第５章/３円とおうぎ形	1470	20
5a2a44703e98c359e5e7bf6db01b3a15	敬語2	12	2
95cbccd215b174ddee376b6eb425975a	地層～基本問題Ⅱ～	237	2
3f2798418e4bad12ef063cb9300805bd	07(0614)	18798	115
df3aebc649f9e3b674eeb790a4da224e	2021数学夏課題「自由研究」2事例集	241	26
f4573fc71c731d5c362f0d7860945b88199	Snowdrop_eCR L7-1	2	1
3e307b6a012bf8bed4eeffa52b3ab454	0221_2a 関数y=ax2「四角形の二等分線」解答	47	19
84253ffce9853bdf2518c53ddf3bce65	0630_1三平方の定理（15-1柱体の内接球）	411	80
216965b6c0c343a0866b3634853d5569	The Moving Picture Girls at Rocky Ranch	4	2
bbf514d16a56cba73809fd0b7e262436	SA27 answer	1	1
1af2f80dc87577a2c309b3ee992a07c5	0208_2 関数y=ax2「回転体の体積」解答	24	9
695553c0c5ba292284a3e1e64da6ed47	0227「まとめ問題」	8025	116
801c14f07f9724229175b8ef8b4585a8	CMT3L5_三平方の定理_問題解答	447	7
4c4c937b67cc8d785cea1e42ccea185c	No.5(0524)	3156	18
d34ab169b70c9dcd35e62896010cd9ff	STEP１年/第１章/１正の数と負の数	93	11
cfa0860e83a4c3a763a7e62d825349f7	週末課題03	107	22
ddd1df443471e3abe89933f20d08116a	模範解答	1	1
5c572eca050594c7bc3c36e7e8ab9550	解答/STEP１年/第３章/補充不等式	26	5
7cb85538a4093e82fe8c551341057388	関数y=ax2「定義域・値域②」解答	1	1
c900fe92840c527a0c54f28640c2f254	0914式の展開と因数分解（因数分解発展２）	440	55
c1d0f19c3f827daf0edd3e69c3b195a9	国語1(1-①）	19210	123
65ddf8fc40f919eba2239c13c19bead4	SA32 answer	1	1
69a5b5995110b36a9a347898d97a610e	test pdf	3	1
82d7316e019b5fbd2889b907e203aa32	0127 関数y=ax2「定義域・値域②」解答	145	18
8a057268a74a5f1201285aa667585e15	英語15(4‐①)	8932	107
eddc3427c5d77843c2253f1e799fe933	SA 87	4	1
4204dc3a11678c6b1d0be57cfe0a21b0	【解答編】シリウス	2701	23
3b0cc5f591dd5b8dacb0c8e01546b2b4	0620 場合の数と確率「『同様に確からしい』ことの確認問題」	375	28
013d407166ec4fa56eb1e1f8cbe183b9	先生へのお願い	108	16
3cfbdf468f0a03187f6cee51a25e5e9a	No.35-36	12	4
d80b7040b773199015de6d3b4293c8ff	0123自宅学習課題	27586	121
11b028954c6671b7d75743a2b78b2afe	冬季英文和訳 問題集 Vol.2	1	1
050553d40196ef109fff37cbb40aaf28	07 接弦・方べき演習 解答	334	54
80e4c54699b5b8cf8c67dd496909fceb	Lesson11 助動詞(3)	18	9
0eb178c5581f651876fadae5a8980899	更級日記について学習したい。	126	20
58ae23d878a47004366189884c2f8440	青チャート数Ⅰ 第5章 データの分析 (問＆解答)	488	61
02522a2b2726fb0a03bb19f2d8d9524d	テスト教科書	1588	62
ff1418e8cc993fe8abcfe3ce2003e5c5	わくわく算数　５．式と計算　63ページの問題②～⑤	135	3
8e2cfdc275761edc592f73a076197c33203	The Railway Children_eCR L10-1	2	1
093c72c52ca8a8488fa54146997aa39d	06 方べきの定理-demo	21	2
ab24cd2b811ee48a416fc7a833d736a9	週末課題no.12	243	45
06cdc05791b8af29eed72084f39143c7	R4 GW課題	5162	109
234e5dc39dc52740524f9d863bec963c	二次方程式「二次方程式の利用6」（解と係数の関係2）	160	21
1714726c817af50457d810aae9d27a2e	STEP１年/第５章/演習問題	98	15
827ccb0eea8a706c4c34a16891f84e7b	AD3 answer	4	3
968c9b4f09cbb7d7925f38aea3484111	04_週末課題no.4	231	40
e7364a5abd2a860cf8e33b114369b92b	２年４章図形の調べ方	38	8
283aa4a76808d58cfa74922e2fe228b7	地震の名前	33	8
8196e8d0f9ee7dfdfc7e11dbbfa30d77	3年8章「標本調査」章末まとめ2	115	13
b06b5541a62ed438f956b662b4e1ec28	週末課題no38解答例	41	10
ae581798565c3b1c587905bff731b86a	No.12解答例	126	32
feaa5178df4eacbdb7db7e491efe7d95	ADorSA 13 Pre-Quiz	1	1
a41a6a3856ee3c8c2816d4828b64f560	The Tale of Master Meadow Mouse	3	2
f106b7f99d2cb30c3db1c3cc0fde9ccb	行事予定12月	12	6
6822951732be44edf818dc5a97d32ca6	0706三平方の定理（22演習④立方体の切断）改	142	52
eca89c0554ce99eaf250504971789ede	変化と対応演習問題20200911解答	182	61
abf0931987f2f8eb7a8d26f2c21fe172	SA 52 Pre-Quiz	7	1
9b3a9fb4db30fc6594ec3990cbc09932	5分間テスト解答No07	1	1
951ff4e98728489ab3949b77a11507e2	01 円周角の定理 解答	129	39
4dfd2a142d36707f8043c40ce0746761	No.2	270	50
916d3891a243c10fede49f9c276f1a20	Grace Darling	35	3
7d5a3c270200daf0475c1f217910f982	16_３年数学「三平方の定理」週末課題0920	175	25
c45008212f7bdf6eab6050c2a564435a	積の回文＜宿題＞	30556	39
49265d2447bc3bbfe9e76306ce40a31f	解答［STEP中2］第６章確率	11044	100
dcf6070a4ab7f3afbfd2809173e0824b	週末課題no34解答例	17	2
19d68f6ca8cc5e2a52ade5516d359e52	08_冬明け課題テスト解答例	126	29
623a1f8e55863044aa680a8fa581c36a	シリウス21発展中2英語_解答	78	4
3eb71f6293a2a31f3569e10af6552658	西京高等学校附属中学校	41	2
8c86c617f818ea789cd189816f16455f	No.20(1113)	10379	80
d9eca0697ce00e28c61e029120c518c9	７章導入課題「平成28年度　全国学力調査より」	526	37
908075ea2c025c335f4865f7db427062	準2　３B　2022年第1回	19	6
ae306dc92ae6dfe9049d4b2177bb932d	SA82 answer	1	1
b3d5c779237614a9cef5305b85a28273	ADorSA3 answer	1	1
e0688d13958a19e087e123148555e4b4	(A1) eGCR.VAH1-05.Getting Ready for the Worst	12966	235
52aee03d2e0f909e4311bea5510543c5	1003 式の展開と因数分解「因数分解演習①」解答	4	1
f37c4630c796617ace93e19c350c321e	３年数SMondayNo31	10089	110
dff8e9c2ac33381546d96deea9922999	解答④	1290	14
0afa92fc0f8a9cf051bf2961b06ac56b	臨時休業中の課題⑥	1610	19
4e681ae9d4a5e5698f08e852a0255702	ペンストローク演習課題4解答例	5	3
8a20d7c7b4ca634d08739cf614e6063c	21_前期期末数学 模範解答	317	54
0de5d1a081a3095d62b416e44e055e7a	第５章B-lineテスト問題用紙	1889	22
312351bff07989769097660a56395065	英語絵本の借り方ーマニュアル	1	1
5e388103a391daabe3de1d76a6739ccd	解答/STEP１年/第１章/３乗法と除法	2	1
c5d9256689c43036581f781c61f26e50	2020休校中の課題プリント	26792	43
dca5672ff3444c7e997aa9a2c4eb2094	富士山	13180	39
34470a05eb3bfbee2352941dd1b94320	28_生徒解答	200	24
1b742ae215adf18b75449c6e272fd92d	0803二次関数解答例	110	29
5070c864690416ae860eede18e5c7e4f	0930 2年前期期末テスト(数学)模範解答	49	18
bc27acd4e787c0a32597d6e4b8254851	5分間テスト解答No17	1	1
b3ba8f1bee1238a2f37603d90b58898d183	SQUIRREL NUTKIN_01000546	12	1
b6cccd4408cd010bd0c88bbeec748e79	Little Stories for Little Children	770	16
bf40d1cbb2ba9fdad19821fc140fa50c	SA-18 answer	1	1
2b38c2df6a49b97f706ec9148ce48d86140	CMU2M1_差がつく！中２数式関数_問題解答	16	2
3837a451cd0abc5ce4069304c5442c87	unit7-1	394	18
f754186469a933256d7d64095e963594	第21時 図形と相似Bライン復習②	1291	42
fd9e2ae32b53addc06c63208be3aaa43	５章ススペシャル　「最大値・最小値」 　模範解答	67	29
d38901788c533e8286cb6400b40b386d221	PETER RABBIT_01000545	2	1
c51c69da77c98612490b49ed6d146a80	24_２年数学「平方根」週末課題No.24模範解答	183	45
d14fe370bdf1664c34b258d65f8d3507	25_後期期末数学	1603	79
e36e62f84744ea6916927027c9d651ad	01_３年数学「算数オリンピック」週末課題No.1	8	5
9d741ec37c2318c1bcff253bbe7ab92b	２年数SMondayNo22(平方根)	22503	105
220787ad7829c9cbc7e9953cb1c36fb3	改訂版サクシード数Ⅱ 第6章 微分法と積分法 (問＆解答)	20231	122
26588e932c7ccfa1df309280702fe1b5203	APPLEY DAPPLY\'S NURSERY RHYMES_01000566	2	1
e68d3c6431bf1e25eced5d26c301f68d	テストPDF	2	1
32e3b25cfdadc8779a12ddc58c0b2a8d	51_平面図形Bライン解説	1393	84
51fda174c360f4ea5d21de87c4c9a792	Vintage 適語補充（記述）	49	5
0b33f2e8843e8b440dd8caf7086995b0	解答［STEP中1］算数の復習	632	55
d882050bb9eeba930974f596931be527	Unit 6 Read and Think②	9	4
cdd96eedd7f695f4d61802f8105ba2b0	(A1) eCR/S-02.The Ant and the Grasshopper Aesop	821	34
7989edad14ebcd3adfacc7344dc6b739	週末課題no39解答例	9	5
7a101913ba86716f839a622ab65bdf3d	0311_西京高校入試	3714	41
78daab4f4fce94374d8a53444c77c2c6	testpdf	2	1
6244b2ba957c48bc64582cf2bcec3d04	(A1) eCR2-22.The Three Billy Goats Gruff	480	20
ccf8111910291ba472b385e9c5f59099	17_2年式の計算解答例	1466	106
0dfd8a39e2a5dd536c185e19a804a73b	0706三平方の定理（21演習③正四面体の外接球）解答例	373	96
d4dcf709a96dca127d0429d73c443afb	R6_GW中の課題_解答例	551	32
a267f936e54d7c10a2bb70dbe6ad7a89	031_後期中間数学確認テスト解説	485	44
82b8a3434904411a9fdc43ca87cee70c100	【解答】高２ 青チャート/数B/ 第３章 数列/ 第４章 確率分布と統計的な推測	1	1
1b388c8b7c863fde3f559142fdc123b0	0506解答一次関数の利用（グラフの読み取り）	70	23
2fd5f04f14c31abddfab04a32ac430ee	28_３年数学「二次関数」週末課題No.28	37	13
3ab6be46e1d6b21d59a3c3a0b9d0f6ef	解答［STEP中3］第8章 標本調査	1	1
bea6cfd50b4f5e3c735a972cf0eb8450	２年数SMondayNo19	22873	109
dc09c97fd73d7a324bdbfe7c79525f64	円に内接する十字0925	12633	40
62ab12646d5ee17a595a43b59f2523d1	予想問題	26	6
c5f7756d9f92a8954884ec415f79d120	5章　B-line 平面図形	1872	76
f0b875eb6cff6fd5f491e6b6521c7510	0701_04方程式 (規則性仕事量）解答例	846	60
cf5530d9e441e0d78574353214373569	未来へひろがる数学3	20571	38
4f714c73db5191f3a71a380cba8843ed	未来へひろがる数学3	14149	42
d38901788c533e8286cb6400b40b386d214	PETER RABBIT_01000545	2	1
97f696998e630aec2af6121f4df8def6	今の復習　天体	36	8
18bb68e2b38e4a8ce7cf4f6b2625768c	(A2/B1) PYPR. 3-05/Camel Bird	240	10
ada9e980b20ac07f6a938ef15106c224	1024 円の性質「円周角の定理　はじめ」	2794	41
8ba9f7401e1f60f3024ad195d4a24d8e	34_２年数学「関数」週末課題No.34	7	2
a82d922b133be19c1171534e6594f754	ELEMENT Lesson7	235	22
83187550749e6b8024a097630f9d4722	２年数SMondayNo34(二次関数）	15967	105
e94f63f579e05cb49c05c2d050ead9c0179	L4-10_Young Chubb and the Music Box_e-future Classic Readers 	7	1
fdda6e957f1e5ee2f3b311fe4f145ae1	No.4(0516)	18587	117
f69e505b08403ad2298b9f262659929a204	L1-10_The son who doesnt listen_e-future Classic Readers 	12	1
5463318f280a80a3c78b0fd949d869af	コネコネコミック 3年生こちらを読んでください	139	26
8fecb20817b3847419bb3de39a609afe	2019　1年生　スピーキングテスト　更に練習②　英語の答えのみ	17	6
294e09f267683c7ddc6cc5134a7e68a8	SA 22 Post-Quiz	1	1
e9de722f5fee30a9bb44216eaa70ae09	0523円の性質（円周角の定理の逆）	471	108
ad7fe02e59ae7d37c32f8dd238662d0d	11_春休み明けテスト	118	5
286674e3082feb7e5afb92777e48821f	対称な点・グラフ	583	21
9680c4b2639ed223c2793005f0048418	R6.No.18(0127)	32912	118
05b8caaf6ba6f4bdb68675ab8b893bda	2020中3数学週末課題00解答	39	12
577ef1154f3240ad5b9b413aa7346a1e	シリウス21発展中2	1502	20
a98bf9c158d51c9757bd04eb9d2e16f7	第4時 資料5　評価シート	9	5
31b91e3a8737fd8dd3d4b0c8c679049b	2020中3数学週末課題06解答	33	11
2fe5a27cde066c0b65acb8f2c1717464	test1	8	1
8e987cf1b2f1f6ffa6a43066798b4b7f	(A2) eCR5-10.Gilray\'s Flowerpot	4502	68
086af6e4641abb18caafc151b9aa95c8	三角形　解答解説	11	3
13d85714ac4f21ecda59310b6a11cb92	Little Black Sambo	200	6
309a8e73b2cdb95fc1affa8845504e87	(A2/B1) PYPR. 2-06/Rings Around You	149	9
02709600f60cc5f733fd879be89f4b3b	0628教員研修	3	1
4830891d089fc2c90e9fd352fd77dad6	33-2_３年数学「R5西京入試」特別課題No.33-2解答	247	24
c57daa0bc9c4d8e35a21e9a2801aecb2	数Sテスト模範解答	1	1
ec04e8ebba7e132043e5b4832e54f070	ペンストローク演習課題(2C)	5459	65
6855456e2fe46a9d49d3d3af4f57443d	第５章相似３面積の比，体積の比２相似な図形の面積の比	3	2
d38901788c533e8286cb6400b40b386d207	PETER RABBIT_01000545	2	1
5fbcba6b94d471416a45a34246e4403b	★面積二等分の課題（解答例）	2	1
8164d892d7aea8f1875df07f4d82ffd0	センター2016数列	236	38
8eab914c88e95773ea769310350ad7cb	20 MISS MOPPET	13	3
030d13e49bb7d1add5ac5ea2e4a43231	0628_03方程式（割合）解答例	317	46
4eab60e55fe4c7dd567a0be28016bff3	[サクシード数A] 第2章 図形の性質	1774	50
13ece95531e87921222a0f9d93230691	AD-5 answer	1	1
6a6caa12c63ac1c2f2b7d967b512887d	21_前期中間数学	1109	51
d60743aab4b625940d39b3b51c3c6a78	w05_0503「図形と相似」解答例	326	50
82356b37a12462391abf004c8362d389	比例，反比例の利用（格子点、平行四辺形となる点、変域から式を求める）	4861	114
ef575e8837d065a1683c022d2077d342	円周角の定理	12	4
8d7628dd7a710c8638dbd22d4421ee46	Chasing Storms_B1-lv4	192	12
d8330f857a17c53d217014ee776bfd50	2019 MES Songs ④ All I Want For Christmas Is You	191	16
0a97e4f47718632c556e9ac591d5f3c2	No.14	35	13
0c9e63b6cec0627182663ae8feb204cb	0912総合問題（1円周率）解答例	108	43
70522cd467f1001ad2c2d009707f61d9	Level 2_3	2	1
64f9a0beee3172d3d3c779770cfbf057	３年１章式の展開と因数分解	52	16
9f16b57bdd4400066a83cd8eaa151c41	方程式Bライン	1775	67
6412fe12d3b2f5591d7cc7f6121a8a01	No.10(0711)タッチペン	16931	82
7f1de29e6da19d22b51c68001e7e0e54	【教員用】分析ツールマニュアル	35	3
24389bfe4fe2eba8bf9aa9203a44cdad	0705三平方の定理（18円柱と6つの球）解答例	337	78
8169b55ce364415af6b6dc07fb5fb847	総復習1_因数分解	2	1
8597a6cfa74defcbde3047c891d78f90	test pdf	1	1
4c58556a4800c5f18316dcfbe00480bd	22_２年数学「円の性質」週末課題No.22生徒解答	218	32
68a64c1e5639454c3185e7ea2db9fc48	0715三平方の定理（27Bline正四角錐の辺接球）	103	36
fc1d0d2f2375b7a4b27ed621c335b19b	A Christmas Hamper	80	5
2c8c3a57383c63caef6724343eb62257	0201二次関数 （線分の比）	1	1
ba3c5fe1d6d6708b5bffaeb6942b7e04	0506＿１次関数「グラフの読み取り」	397	96
4500e4037738e13c0c18db508e18d483	社会4(2-①)	8183	122
05a4459d3d5c309f5ab86521d1d2bb69	No.16解答例	152	25
d9731321ef4e063ebbee79298fa36f56	中3_5月_入試特訓　疑問詞と主語ｉｔ__添削問題解答	1	1
701d804549a4a23d3cae801dac6c2c75	サクシード数 A 総合問題 (問＆解答)	285	69
a1f69f6000f7a8b5883b7134fcf8d558	R6_3年夏休みの演習課題解答	41891	123
3b199f42a9909061516b6ce6d334af6d	音楽１　１年　校歌写譜	84	11
50698c07f91c611904a467b4892806a2	SA 76 Pre-Quiz	1	1
45f31d16b1058d586fc3be7207b58053145	CMT1A1_正負の数《加減》_問題解答	2	1
2a2717956118b4d223ceca17ce3865e2	数学9(3-①)	15838	119
c4fa7aecedac73641320d24d5bf3bf38	The Great Earth Magnet_B1+-lv5	133	10
aa108f56a10e75c1f20f27723ecac85f	test_vocab_quiz_takii2	32	1
ea67d66c5b01e5aa93fd5407f041b53d	AD 1 Post-Quiz	402	14
6490791e7abf6b29a381288cc23a8223	てくてくスケール0926	627	38
e1490523b8cd2c130b29656613850cf8	13-2_生徒解答	355	52
b9bcc60258dde4ef7c2b85914046f4c0	250203 2年後期期末テスト(数学)模範解答	499	103
fec8d47d412bcbeece3d9128ae855a7a	01_前期中間数学分布	9	5
47c6d232c6a4468118a74a72097b1876	ELEMENT Unit 4 AR_Day 1	8	1
7a614fd06c325499f1680b9896beedeb64	NEW HORIZON 1	40095	23
0dd6049f5fa537d41753be6d37859430	w13_0625「三平方の定理」	16893	85
cf88118aa2ba88de549d08038ae76606	理科№12	10320	119
cfa5301358b9fcbe7aa45b1ceea088c6	STEP１年/第５章/１平面図形	422	18
f60bb6bb4c96d4df93c51bd69dcc15a0	【解答解説】青チャート　数Ⅰ 第４章 データの分析	307	10
8612c55d2969d1f587bf1c5aaaa32964	２年数SMondayNo1解答 	5	3
8a488824cb3388fe033e110b350ef9e9	No.8(0630)	3410	36
c41dd99a69df04044aa4e33ece9c9249	改・未来へひろがる数学1_入試問題	8	1
7dd11ae2d5ed34925bdbdc9b01866349	正負の数の利用(平均)	3263	41
b3ba8f1bee1238a2f37603d90b58898d171	SQUIRREL NUTKIN_01000546	68	3
5f8e2fa1718d1bbcadf1cd9c7a54fb8c	6章　B-line 空間図形	2011	67
d2093598e3babd6de5b9912472fb42e4	徹底演習テキスト中2[解答]R6	3	1
17326d10d511828f6b34fa6d751739e2199	The Wonderful Wizard of Oz_eCR L7-2	1	1
39e4973ba3321b80f37d9b55f63ed8b8179	MRS.TITTLEMOUSE_01000555	4	1
971436431aef6875a9b7997990809a5f	No.24(1211)	9244	78
dc4c44f624d600aa568390f1f1104aa0177	Romeo and Juliet_eCR L8-1	132	2
865bf46435bd84fa5d89f64cf3ba7347	0830図形	445	24
d843407a1a701630bb297c1148229eff	SA 25 Pre-Quiz	2	1
0ec04cb3912c4f08874dd03716f80df1	1206二次方程式（利用No7）	710	107
256bf8e6923a52fda8ddf7dc050a1148	GW-1解答	151	14
c0e19ce0dbabbc0d17a4f8d4324cc8e3	testpdf	4	2
43fa7f58b7eac7ac872209342e62e8f1112	中学家庭科	375	7
5e751896e527c862bf67251a474b3819	(A1) eCR/S-14.The Fox and the Crow	456	19
8eefcfdf5990e441f0fb6f3fad709e21	解答/STEP１年/第２章/２文字式の計算	37	6
170c944978496731ba71f34c25826a34	2019 シルエットクイズ　教師用デモ	104	4
b3ddbc502e307665f346cbd6e52cc10d	６章空間図形 立体の移動 (模範解答)	2	1
6d0893ce02e4926539d6f7e0601c6161	06 方べきの定理_松本先生_only	13	2
00003e3b9e5336685200ae85d21b4f5e	testpdf	22	4
959a464736661e9d1fbe59d2d1743276	AD 9 Pre-Quiz	121	2
0da474fc8e382f9c6d6d774bb433339a	26_後期期末数学S解答例	340	62
c6776f93bc9afe2e511a1dbd5478362c	３年数SMondayNo9	16504	112
65699726a3c601b9f31bf04019c8593c	【解答解説】青チャート　数Ⅰ 第１章 数と式	2	2
23ef5cf238a3b88085d95adf94c24a25	二次関数8 「いろいろな関数」	153	58
7fec306d1e665bc9c748b5d2b99a6e97	解答/STEP１年/第４章/２反比例	165	17
e1d5be1c7f2f456670de3d53c7b54f4a175	MR.JEREMY FISHER_01000551	78	2
c8ee2cce3e6bc0a3db40dd08ebcb1b58	The Three Jovial Huntsmen	101	4
18d8042386b79e2c279fd162df0205c8	STEP１年/第１章/４いろいろな計算	11	6
884ce4bb65d328ecb03c598409e2b168	THE PIE AND THE PATTY-PAN_01000561	2	1
dc4c44f624d600aa568390f1f1104aa0164	Romeo and Juliet_eCR L8-1	2	1
c63a5650dcd0bf04b35bd712466010bc	SA 18 Pre-Quiz	1	1
ada77e9fac537039c9adb2787b9af7da	0625_2 場合の数と確率「感染検査問題」	34	21
2b8501af7b64d1aaae7dd832805f0709	準1級 2-1 2022年第1回	3	1
79e410fb9488b208773459fa9249205f	強調問題	113	8
5cd7edbe7a1a668fdc63c138002cc43a	文字の式Bライン解答例	409	49
077e29b11be80ab57e1a2ecabb7da330	シリウス21発展中2解答	91	5
9d70ada63ee39c2f16e678bbf698df46	14.0131総合問題（ホールケーキとカップケーキ）	42	14
7ea4e7fcdc6aff2777bd594a3754e02a	メモ機能練習用	7056	41
03e0704b5690a2dee1861dc3ad3316c995	【解答】高２ 青チャート/数Ⅱ/ 第５章 指数関数と対数関数/ 第６章 微分法/ 第７章 積分法	1	1
6c23cf54347d8e2dda52f41a918efb43	SA 81 Post-Quiz	1	1
dfd079e3f84300e65dea6b55d0c8e158	地層プレート	1	1
f7b027d45fd7484f6d0833823b98907e	サクシード数Ⅰ 総合問題  (問＆解答)	215	41
b06cbb874ce37177f6dcdf690b5ac490	0508_01正の数負の数(四則計算基礎演習)	5251	38
00a03ec6533ca7f5c644d198d815329c	STEP１年/学年末問題	42	6
84b20b1f5a0d103f5710bb67a043cd78	教材表示テスト200228	4	1
437d7d1d97917cd627a34a6a0fb4113697	高２ 青チャート/数Ⅱ/ 第１章 式と証明/ 第２章 複素数と方程式/ 第３章 図形と方程式/ 第４章 三角関数	18	5
3b7d09dac07c9ccd3aae2025cc195250	2前期選抜解答	261	31
57e5cb96e22546001f1d6520ff11d9ba	test	6	1
06563f3b418fe57f8fc331872343ce44	徹底演習テキスト中1理科［問題］	4730	78
282b2d93c42db32b12a17752c36ee10d	【解答編】シリウス	2036	30
f740c8d9c193f16d8a07d3a8a751d13f	シリウス21発展・付加冊子Vol.2	148	19
f2d34fcd37e85f9867708bf71782cda6	冬休み明けテスト 兼 2年1章Blineテスト_模範解答	106	28
bac49b876d5dfc9cd169c22ef5178ca7	New Horizon 1 Unit 10-11	8508	196
210b7ec74fc9cec6fb8388dbbdaf23f7	ADorSA 19	5	1
103303dd56a731e377d01f6a37badae3	008q	197	7
e6baae661f54db3aa1d9f76b2c893882	化石について	10	1
a896144046a1b5bd6e3e034d00b4f73a	09総合問題（2024年問題＋α）	1128	71
45017f6511f91be700fda3d118034994	3章 方程式　難問挑戦プリント(解答)	158	38
9a1d8e7dcd9cc4fd0e9806ea87e3105f	AD24 answer	4	2
2c601ad9d2ff9bc8b282670cdd54f69f	1級 2-1　2021年第2回	4	1
65c5532392c79b258bc34ee22c9cadcb	総復習テスト②	820	20
14678db82874f1456031fcc05a3afaf6	英語１４（４－②）	14662	115
09d0326952871a6f35d61a82415468d7	0705_07不等式（不等式を解く）解答例	206	28
f78688fb6a5507413ade54a230355acd	211111二次方程式の解と判別式	583	37
17b65afe58c49edc1bdd812c554ee3bb	芳賀5－7組 Element II Unit 3 Day 4	5186	30
0631ba089fcd29d70c2e3d2ae75f7cc9	春休み明け課題テスト《算数編》解答	327	41
d8ad9beba48de682e6accacba8cdbe2d	２年数SMondayNo11	22519	104
405075699f065e43581f27d67bb68478	0617解答図形の性質と証明（平行四辺形の性質2）	325	31
53b1ab0fb54159c63dc80b31554ed473	スクリーンショット 2024-12-12 102303　ト　上のやつの答えだよ！の上げ直し	12	6
70821a40b06f8751781d5a895357da67	解答1～20	585	33
42a3964579017f3cb42b26605b9ae8ef	Unit3-4	37	6
d62bcf67cf8ef4536d0ff0204922214b	17-A1-2	64	3
ff82db7535530637af7f8a96284b3459	後期期末　数学　テスト解答用紙	1168	118
576e5effaa235485db53702d723976d7	SA 16	4	1
6b061fc28f7473418a006dfa832708b1	No.10(0901)	9277	113
a87c11b9100c608b7f8e98cfa316ff7b	「信じる」	1997	51
8cb94e7a9661ea20b1293c589216d396	2	8	3
151de84cca69258b17375e2f44239191	問題41～50	2236	38
8e7991af8afa942dc572950e01177da5	ADorSA 8	9	1
78b9cab19959e4af8ff46156ee460c74	円に内接する十字0925	1	1
5fd7cbbc45010f147c06926c44aff0b7	１章正の数負の数の利用(平均)	37	16
9e6a921fbc428b5638b3986e365d4f21	臨時休業中の課題③	1498	25
c115ba9e04ab27fbbb664f932112246d	テストPDF	54	21
3abb5691502cbd522511147519f8a487	0606 R6 Correction Codes	55	23
c74214a3877c4d8297ac96217d5189b7	二次方程式「二次方程式の利用9」（連立二元二次方程式）解答例	157	56
20d749bc05f47d2bd3026ce457dcfd8e	SA 9 Post-Quiz	3	2
b197ffdef2ddc3308584dce7afa3661b218	L1-1_The Fox and the Stork_e-future Classic Readers	49	1
d202ed5bcfa858c15a9f383c3e386ab2	02_前期期末数学	144	22
91e480d943dda6147aff2bd2dc418c96	第3時 推定 解答例	37	20
8248a99e81e752cb9b41da3fc43fbe7f	CMT2B1_連立方程式　《計算》_問題解答	22	3
e515df0d202ae52fcebb14295743063b	17期生 朝リスニング #0	493	37
f91e24dfe80012e2a7984afa4480a6d6175	God Sees the Truth but Waits_e-future Classic Readers L6-20	2	1
17834a259d3d4f21a1d6f100b015ec93	Lesson08 完了形(2)	124	16
68a83eeb494a308fe5295da69428a507179	CECILY PARSLEY\'S NURSERY RHYMES_01000567	42	1
18085327b86002fc604c323b9a07f997	ペンストローク演習課題	6042	40
c23497bd62a8f8a0981fdc9cbd3c30d9	「ふるさと」１年	2	1
5647bde37cc5842544d19e224e75766f	0906演習①店評価（箱ひげ・ヒストグラム・グラフ）	2344	38
def14e8541708294d7558fdf2126ef27	07_2年数学週末課題「図形の調べ方」No.07生徒解答	382	30
85dc7996f092d5ad5a652fac6079bd57	1211_03式の計算（余り）	8647	119
b7a8486459730bea9569414ef76cf03f	テストPDF	2	1
26ff6f4ca1cfca4861eb91876f706746	21_前期期末数学	501	28
db5bdc8ad46ab6087d9cdfd8a8662ddf	No.16（マル付けして提出すること）	53	18
596059d266f32a63144d67628a53db89	SA-3	3	2
62d2b7ba91f34c0ac08aa11c359a8d2c	サンプル問題２	1	1
77bb14f6132ea06dea456584b7d5581e	0620三平方の定理（弦の長さ）	1	1
76f1cfd7754a6e4fc3281bcccb3d0902	No.3(0502)解答	1	1
27ed0fb950b856b06e1273989422e7d351	◆【解答】中３数学STEP 第５章相似/ 第６章円/ 第７章三平方の定理/ 第８章標本調査/ 学年末問題	238	6
389bc7bb1e1c2a5e7e147703232a88f6	解答_第６章円補充方べきの定理／演習問題	13	6
dbf32ab25d093aacdd59dd74587bc0b2	地震	12	2
1301962d8b7bd03fffaa27119aa7fc2b	サクシード数Ⅰ 第4章 図形と計量 (問＆解答)	102544	434
e626afbcdb83368b3491c0c473da19f1	R6.No.7(0701)	198	2
b296ba28f4800015d8018ad62dee859d	AD 15 Pre-Quiz	12	1
c923d8f64e256dde7c28bf1614d53602	改訂版サクシード数Ⅲ 第8章 積分法の応用 (問＆解答)	1589	25
114cdac531f509e3ab04a2caade973bb	14 平行四辺形 解答	393	66
f5f8590cd58a54e94377e6ae2eded4d9	STEP１年/第2章/３演習問題	7	4
840348ae33163924c1d29fd2c22faf13	２章 文字の式 (加法減法基礎演習)	3674	40
ba2f0015122a5955f8b3a50240fb91b2	未来へひろがる数学1	41291	54
6bb56208f672af0dd65451f869fedfd9	Is Your Healthcare Provider Ripping You Off	1	1
2a9d121cd9c3a1832bb6d2cc6bd7a8a7	学年だより（7月）	6	3
abebb7c39f4b5e46bbcfab2b565ef32b	自由研究　レポートの書き方	772	40
7e0ff37942c2de60cbcbd27041196ce3	SA 38 Pre-Quiz	1	1
f461285987ddc0629f8a4ab6477642b5	STEP演習中２数学_第５章三角形と四角形	1	1
01846ae470651e97d2f73fce979406a9	解答［STEP中3］第7章 三平方の定理	8095	78
64f07f012a35c83d7c556ba0b69ef64e	【式の展開】工夫して解こう！	20950	40
71b10b95017ebdaa1984b0ded4c2a173	0412 春休み明けテスト解答用紙	178	29
490efb66c5016fa88d6fcbc4e505a7ef	27(0124)	17686	100
e0e1b6a0eb55ea709950db7c4671ff16	AD 38 Post-Quiz	1	1
cbe68589759f566354b16b634b2ac6b8	リンク実験	2	1
537d9b6c927223c796cac288cced29df78	◆【解答】中３数学STEP １、２年の復習/ 第１章式の計算	220	6
cb14acf78723becd7023f4f56027cece	17-WH 解答	417	97
e4d78a6b4d93e1d79241f7b282fa3413	第3時 三平方の定理の証明	1893	74
cf9a242b70f45317ffd281241fa66502	QMTYS2_極限２_S問題解答_rgb	1	1
38ed4039c0b33e2ec51cc4579405d03e	00_巻頭1_前見返し-P5	66	9
4afe044911ed2c247005912512ace23b	サンプル問題１	3	1
c1fea270c48e8079d8ddf7d06d26ab52	１０月１５日	779	9
48b454e539ea33c2028f007fd948336c	３年数SMondayNo30	7412	98
dd4e2c1d8782aaecc1ca31b373b3faa8	No.15(0911)	129	21
d324a0cc02881779dcda44a675fdcaaa	33-B1-2	1	1
2de7cf2043693db2ee898479a6e44529	青チャート数Ⅲ_第1章 複素数平面	85	5
2bcb8d4c5956c9aa0345824df34c0d81	（解答２２～４６）R5 夏休みの演習課題	4111	88
df5665df072805334c14ca0c79bbe794	20_2 メネラウスの定理・チェバの定理 追加練習問題	1305	95
c80bcf42c220b8f5c41f85344242f1b0	163q	6	1
5d78d182fd5f5510588695863d22ac27	１年数SMonday確認テストNo25（2/22実施分）	32740	110
0a93091da5efb0d9d5649e7f6b2ad9d7	5分間テスト解答No02	67	15
878cbc9ed11d6c167ef0065805a85392	解答例	2	1
cd081ee8c70ba7996043bf45c9d42ebf	Mother Hubbard, Her Picture Book	3	2
1f72e258ff730035f2a1fb6637f562c2	12_正の数・負の数再解答例	468	58
66fe2bcc701bb627e111be6847a8436c	3級　３A　2021年第3回	5	2
4f6ffe13a5d75b2d6a3923922b3922e5	STEP１年/第１章/１正の数と負の数	14	7
74627b65e6e6a4c21e06809b8e02114a	SA-12 answer	1	1
07088553c7d6c0440eaa1567febda186	３年１章B-lineテスト再テスト対象問題 解答	11	1
8b4f8b2d42f965913f12bc47f15dddfe	10_３年数学「三平方の定理」週末課題0621	310	34
c54d2118d6a3a2b06f07e9eeb240d741	改訂版サクシード 数B 第1章 平面上のベクトル (問＆解答)	20748	176
c2ae5cb2426d96ed19a50b0b7d7c8e11	模範解答　中間数学	1	1
75806e8a1c04cad241934a374c1359c0	すごろくは不公平？　～20万回のすごろくで解き明かす～	120	19
248e844336797ec98478f85e7626de4a	10_図形と相似解答例	8	3
2bba9f4124283edd644799e0cecd45ca	二次方程式「二次方程式の利用7」（無理数係数・連立）解答例	264	54
3ae4f12b897c4bb51327a8e1c921df7d	No.22(1205)解答	22	9
07f75d9144912970de5a09f5a305e10c	音楽1(2-①)	9406	128
def7924e3199be5e18060bb3e1d547a7	青チャート数Ⅲ_第4章 極限	3	1
3be14122a3c78d9070cae09a16adcbb1	R5 冬休みの演習課題	21750	123
8b12b2862b4eaf041d643cd58c258b27	07.1118総合問題（シエネの井戸／スカイツリーの影）	2	1
60eb67dc94898061636fa066e0e5cd33	0926 R6 2年英語前期期末テスト	570	80
ad71c82b22f4f65b9398f76d8be4c615	９月２４日	2544	19
821908af0ae3251a195e057f06bd9e64	ペンストローク英作文004	7781	40
edc27f139c3b4e4bb29d1cdbc45663f9	25_後期期末数学各問解説例	3145	84
393c55aea738548df743a186d15f3bef	絶対値と不等式	4053	37
a992995ef4f0439b258f2360dbb85511	1207二次方程式（利用No8-2）	624	100
0a3b5a7a477d359746061d41c3a04fd6	No.14	76	24
c164bbc9d6c72a52c599bbb43d8db8e1	週末課題no27解答例	73	20
fae034d20a4c0184e93c2c5594a934c4	雉兎各幾何	7	4
1c150c70579a81b2b641b4a98de07cf6	22_３年数学「三平方の定理」週末課題1101 解答例	1361	78
c39b9a47811f1eaf3244a63ae8c22734	220707色々演習	196	49
6786f3c62fbf9021694f6e51cc07fe3c173	L6-10_The Prince and the Dragon_e-future Classic Readers 	16	2
d04cb95ba2bea9fd2f0daa8945d70f11	01_春休み明けテスト	53	11
0ce2ffd21fc958d9ef0ee9ba5336e357168	As You Like It_eCR L9-2	2	1
84fdbc3ac902561c00871c9b0c226756	11a	5	3
bd0ad1a5e9999d9bd885d0c24494b504	R6.No.９(0909)	2	1
0f840be9b8db4d3fbd5ba2ce59211f5553	【解答】高１ 青チャート/数A/ 第３章 形と計量/ 第４章 数の性質	11	3
dc0439caeb74ffc2795571af07a7eab1	Unit 2	37	8
e8b3f97ea4fffaa66b4b42676d225a27	AD6 answer	1	1
f2843fe2048acb2e687eeebe826db352	2_1規則性演習プリント（群数列）	3174	42
89b9e0a6f6d1505fe13dea0f18a2dcfa	二次関数1 「式・交点・三角形の面積」解答例	240	52
9965b21b3968b6abc41143236b035c8c	空間図形(立体の切断面を考えよう②)	632	33
b9141aff1412dc76340b3822d9ea6c7285	◆中１数学STEP 算数の復習/ 第１章正の数と負の数/ 第２章文字と式/ 第６章空間図形/ 第７章資料の整理/ 学年末問題	81	1
9f96f36b7aae3b1ff847c26ac94c604e	part1 B1-1	1	1
b6edc1cd1f36e45daf6d7824d7bb2283	Unit2-3　他己紹介　教師デモ	893	20
2602fd311d93e2b8ccbbc9165e0ad653	31_解答例	49	15
008a0e182c42176b099db8424e01efb9	ペンストローク英作文002	2	1
20f07591c6fcb220ffe637cda29bb3f678	未来へひろがる数学3	15674	31
d45b6d92e35ff59d3f5a1861e431d581	0710_10不等式（２つの不等式の利用）解答例	61	14
273448411df1962cba1db6c05b3213c9	【解答解説】中3STEP 第1章 式の計算 第2章 平方根	4	2
1177967c7957072da3dc1db4ceb30e7a	STEP２年/第２章/１連立方程式	235	8
184260348236f9554fe9375772ff966e141	CMT2A1_式の計算_問題解答	9	1
3cef96dcc9b8035d23f69e30bb19218a	770_【基礎】立方体の切断	388	32
b197ffdef2ddc3308584dce7afa3661b176	L1-1_The Fox and the Stork_e-future Classic Readers	14	3
e99298b28ed320343949b7631bebe7e5	3.比例，反比例の利用（格子点、平行四辺形となる点、変域から式を求める）解答例	297	44
818f4654ed39a1c147d1e51a00ffb4cb	STEP１年/第４章/３比例と反比例の利用	851	19
c5658c711ba9170700fc7d3ee3f63e40	test	1	1
f2b5e92f61b6de923b063588ee6e7c48	3	8	2
1e4268fd66e5999df71142c71a4e212f	R03_2年冬休みの課題プリント（解答例）	12194	114
845f3cb43a07259b2e4724dfa5c5c0d1	理科№15	5625	105
8ce1a43fb75e779c6b794ba4d255cf6d	解答［STEP中3］第9章 箱ひげ図	792	17
6c8dba7d0df1c4a79dd07646be9a26c8176	The Little Prince_eCR L9-1	1	1
d0010a6f34908640a4a6da2389772a78	(A2) eCR5-04.The Fir Tree	302	14
d38901788c533e8286cb6400b40b386d188	PETER RABBIT_01000545	2	1
e1d4b23fb807f2a1de063bfb84a468d4	w17_0716「三平方の定理」解答例	17	7
99bcfcd754a98ce89cb86f73acc04645104	Z会問題_高校	7	1
4582ef600b4316d72eede3ef78fc77d9	No.5	150	29
a322852ce0df73e204b7e67cbbef0d0a	1129解答二次方程式（利用No3）	327	73
8642785813491d703d517ddd00944054	5分間テスト解答No09	3	2
819c9fbfb075d62a16393b9fe4fcbaa5	サクシード数A_第２章 図形の性質	109	4
d149231f39b05ae135fa763edb358064	四角形	2	1
ddabb258dc2a7d5b5a7204fa68fe522f	The Dream Coach	10	3
1d936dadf30010a96155a780553d5513	テストPDF	2	1
ede7e2b6d13a41ddf9f4bdef84fdc737	2019 シルエットクイズ　教師用デモ	242	14
876e1c59023b1a0e95808168e1a8ff89	45-B2-2	1	1
fc5a29b5d423c94cdfacb0f706eecdb7	0914総合問題（2富士山）解答例	138	44
2686b822a1b95a0940e608accafd292a	SA 66	3	1
2e8ce85304964f73969ede67c5d66498	06 内角二等分線・拡大縮小	15890	97
12e35d9186dd72fe62fd039385890b9c	0707三平方の定理（24演習⑥立体の切断面と頂点の距離）解答例	326	91
fc528592c3858f90196fbfacc814f235	【解答解説】青チャート　数Ⅰ 第１章 数と式	6243	24
29fdff891569187da8e5ed4f7a6ea4c8	31_冬休み明けテスト	417	25
b05851605ad0a7613af514cd321a63e3	0629図形の性質と証明（等積変形）解答例	80	21
e81f1e4fe5b85be7a6619d0b33427e01	2章 文字の式(関係を表す式　食塩水 おまけ問題)_解答	108	31
e45c2dc8d9e5b215ea141f2f609100f9	★二次関数「面積二等分の習熟を図る」 解答例	349	43
5eac43aceba42c8757b54003a58277b5203	TOM KITTEN_01000552	11	1
a0833c8a1817526ac555f8d67727caf6155	QMT4A1_数と式１_H問題解答_rgb	2	2
d0b7f2a36b6838fe81fcee29d2f410a2	0213 関数y=ax2「円と放物線」	2	1
291597a100aadd814d197af4f4bab3a7	週末課題13	156	26
23c97e9cb93576e45d2feaf00d0e8502	2019二次方程式_文章題4「割合問題」	3413	20
881317e81cbf9521edf4df205a545eb8	9_生徒解答	351	59
2bd235c31c97855b7ef2dc8b414779af	BookRollマニュアル	611	21
a0833c8a1817526ac555f8d67727caf6	QMT4A1_数と式１_H問題解答_rgb	3	2
ea96efc03b9a050d895110db8c4af057	Summarize Unit 14	194	26
60131a2a3f223dc8f4753bcc5771660c	UL長文1	13	1
ede862db5ba2829c43eed59705e9bcdb	SA 95 Pre-Quiz	218	5
f40ee694989b3e2161be989e7b9907fc	解答解説_過去入試問題2019	26	11
a522fbd52ff0d8e2c9faf085e7ec0966	第18時　解答例	234	54
665ff68447af51236240372e4ce5a774	My Flower-pot	14	3
5487315b1286f907165907aa8fc96619	Unit1-1	104	15
afe434653a898da20044041262b3ac74171	L2-10_The Origin of Fire_e-future Classic Readers	160	3
559269b636448e707b934d2e19a15af8	0127 関数y=ax2「定義域・値域①」解答	120	20
060afc8a563aaccd288f98b7c8723b61	演習（工夫した計算２）	34788	116
a284df1155ec3e67286080500df36a9a	PIGLING BLAND_01000559	5	2
67c08c98984cc2bc4b9d1f0d2fe6726a	3章Blineテスト模範解答	588	69
db182d2552835bec774847e06406bfa2	17a	11	3
20cbb9b2641e10b0a2a103a85e066b89	確認用Test	5	1
408ea263486e7815e5e5cce5ee432353	関数y=ax2「定義域・値域②」	2047	117
0c048b3a434e49e655c1247efb389cec	CMT1J1_平面図形_問題解答	1	1
b6e584419a62da6229cf347e5ccfa166	18-A1-2	33	3
98bd65207ee83bfd17ebb0db971eddf9	testpdf	2	1
91dacc0f5b8d3192aa89bc86db450dc1	07_後期中間数S	455	25
8a94ecfa54dcb88a2fa993bfa6388f9e	数学科よりお知らせ1	125	33
640258597cbc50037072712f964cf5d8	理科№02	4384	93
f621f27661e5da0ee6019f6c7841bb47	3章方程式・不等式不等式⑩ 文字の値に関する問題　解答例	236	31
820e694038fadbf9b60b834215b46fdb	国語13(4-②)	10916	110
f11bec1411101c743f64df596773d0b2	Southeast Asians at Work	103	16
c975028469b2db5ff182d45c92bef0ec	SA 85 Post-Quiz	1	1
1f4477bad7af3616c1f933a02bfabe4e	Mathコン応募のしおり	353	14
ef4c88811e3816f40407421553982e89	ADorSA 3	7	1
3d779cae2d46cf6a8a99a35ba4167977	分数式の計算	2515	39
035d4ef6febd5268f7589ea4017e9b82	31_後期中間数S	3074	35
26901debb30ea03f0aa833c9de6b81e9	38_２年数学「二次関数」週末課題No.38	3914	53
d0ae1e3078807c85d78d64f4ded5cdcb	令和５年度　全国学力・学習状況調査	933	38
f1a94cef23357f68031e958c443c0dfe	demo1	1	1
9220e33481b237d9d5d19112688f6dd4	週末課題の解答	4	1
bd9e928c0f0fba89b5c8254bef1f9937	11_週末課題no.11	316	56
67e4423afd0ffd2f451890c0888e6f33	3章方程式・不等式不等式⑨ ２つの不等式の利用	555	87
362e80d4df43b03ae6d3f8540cd63626	Unit1-3	14	7
4a533591763dfa743a13affab1a85793	数学7(2-③)	6750	40
d90d801833a681b169e4f86c64784cdd	春課題A解答（２年生になる前の確認編）	853	90
cd755a6c6b699f3262bcc2aa46ab507e	BasicPart2_p194-237	21	2
16ad66b2d7d7eda19f34e2f6197e2236	No.21(0117)タッチペン	21053	105
03c6b06952c750899bb03d998e631860	シリウス21発展中2解答	62	4
a39911c27bc4f0f6bb476b41c29f4a72	挿入と省略　発展	88	10
36f9d490114303cd7debf20548fc6888	AR02	4396	39
a878dbebc902328b41dbf02aa87abb58	SA 37 Post-Quiz	1	1
227f6afd3b7f89b96c4bb91f95d50f6d	(A2) eCR5-07.Jack and His Master	367	18
de58bfe3d33dada41a9398c30e21eeed	1203解答二次方程式（利用No6-2）	672	71
aa97d584861474f4097cf13ccb5325da	英語WH答え２	2472	94
8df707a948fac1b4a0f97aa554886ec8	解答/STEP１年/第３章/補充不等式	190	19
f6d1ecd13a24f8caf9c014e14dda156d	第4時 資料2　データを分析してわかったこと	55	16
1be3bc32e6564055d5ca3e5a354acbef	【分割発展】メネラウス・チェバの定理	11	5
58e4d44e550d0f7ee0a23d6b02d9b0db98	【解答】高１ 青チャート/数Ⅰ/ 第１章数と式/ 第２章２次関数/ 第４章データの分析	1	1
9b7c8d13e4b2f08895fb7bcead930b46	第18時 接する円・円柱と球	1552	80
f4f4a06c589ea53edf4a9b18e70bbd40	08 TOM KITTEN	3	2
9b3faf8981cc8780667e9fa12c5c4b28	38標本調査 単元のまとめ	276	22
a1afc58c6ca9540d057299ec3016d726	【練習用②】２年数SMonday模擬テストNo②	496	6
ed58966527f3896422f854dc5d703513	0618 図形の性質と証明「平行四辺形になるための条件」_模範解答２	43	16
a75a52f7209c01df2598a77ebc4de539	第6章&第7章B-lineテスト模範解答	2	1
2327fdecafc97928d5ba62af00a05704	Ａ１章式の展開と因数分解	311	49
76aee0a3b1e75275219a7b41ffdb904d	14_３年数学「三平方の定理」週末課題No.14	66	16
b53477c2821c1bf0da5d40e57b870d35	2019 Word List5	170	7
559b4c29ff85968364f90141f46616b9	2章Blineテスト模範解答	464	40
a7d4c5e52848263151f75565644e7367	1章_正の数負の数_解答例	1402	71
7232a90ea7d391905f9ee07bcc7c5967	The Tale of the Pie and the Patty Pan	166	7
a6197a578fe7778e8d49a95ac425bcfc	Element L3 Part3,4	46	15
7b308824b9a5a738569e0908bd7c9656	0228_規則性演習プリント（大学入試問題に挑戦）	4861	41
a5329a91ef79db75900bd9cab3d96e43	ADorSA 14 Pre-Quiz	6	1
58f1e2bfc0c0c182f1afdab7cae02402	R03_2年冬休みの課題プリント（答えのみ）	715	35
3a4496776767aaa99f9804d0905fe584	ごみについて考えよう（サイズ確認）	4	1
749cf0d496c3e96f583f603825652f8a	テストPDF	2	1
b6f0479ae87d244975439c6124592772	解答_第５章相似１相似な図形１相似な図形の性質	7	2
36f4d832825380f102846560a5104c90	徹底演習テキスト中2理科［問題］	2767	38
5c50b4df4b176845cd235b6a510c6903	【解答解説】青チャート　数A　第1章 場合の数　第2章 確率	22	6
6696f5e016581a2b2827e18e5cbea95c	2章Blineテスト問題用紙	2876	39
e562cd9c0768d5464b64cf61da7fc6bb	自由研究　レポートの書き方	945	41
7274f01abe1fc0622bd2ff06724950c1	Level 2_2	2064	62
9fb640ea6abe0e849c8c1fd6eea97c22	0207 関数y=ax2「式・交点・三角形の面積」	6832	114
1de77f62112ca5add5de20c6074f34b6	No.30(0304)	11816	82
4a300d3a0ae99b58b0dfcd3fde526bf5	２年数SMondayNo30(二次関数）	10395	91
a8240cb8235e9c493a0c30607586166c145	CMT1E1_比例・反比例_問題解答	120	3
3fe89c9f9000fc1e58862236bf409d13	14_2年数学週末課題「図形の性質と証明」No.14生徒解答	207	37
f8580959e35cb0934479bb007fb241c2	CNN_231_Warning of Major Extinction Risk	21	2
7371364b3d72ac9a3ed8638e6f0be2c9	英語３(0－③)UNIT0-2	3111	50
e2ccf95a7f2e1878fcafc8376649b6e8	セルフアクティブリーディング　サンプル問題	106	5
2b16a44bb65751bb0ebe5d8b42644bc4	14_後期期末数S	137	15
f7eabb16f5527507fc1236f156c5b816	11_３年数学「三平方の定理」週末課題0628 解答例	728	50
2e7ceec8361275c4e31fee5fe422740b	(A2) ACS.17-The Christmas Chimes	1361	30
738a6457be8432bab553e21b4235dd97	09_後期期末数学	934	64
07042ac7d03d3b9911a00da43ce0079a	９月２４日	407	4
4607f7fff0dce694258e1c637512aa9d	009a	7	3
c0a271bc0ecb776a094786474322cb82	批判的分析	34	15
b628386c9b92481fab68fbf284bd6a64	(A2) ACS.30-Saturday Mountain	544	19
23676d53987033371f526c5c6eb56150	Familiar Animals	468	14
68e3029766c319b18533206bed2ef83f	高校で習った文法‐	11	2
184260348236f9554fe9375772ff966e138	CMT2A1_式の計算_問題解答	2	1
84d2a013f34a449185e0a8b510929235	No.26(1113)タッチペン	27000	111
6788076842014c83cedadbe6b0ba0314	中1数学Ctestpdf	2	1
fa83a11a198d5a7f0bf77a1987bcd006	資料0625	281	27
aa78c3db4fc4a1a343183d6113ec46ba	準1級 3-2 2021年第2回	6	1
129ccfc1c1a82b0b23d4473a72373a0a	ADorSA 21 answer	1	1
9a11883317fde3aef2e2432a58c86779	(A1) eCR2-02.The Frog Prince	2221	73
3683af9d6f6c06acee72992f2977f67e	ELEMENT Lesson8	91	13
d814f4e3dcf9e6f473e213232b9ba115	part3 無印-2	1	1
df0aab058ce179e4f7ab135ed4e641a9	CMT2P5_確率_問題解答	27	1
ebeb300882677f350ea818c8f333f5b9	230105休み明けテスト範囲	97	36
4bb236de7787ceedafdff83bb8ea4710	09_後期期末数学再解答例	59	16
06fb3cba82080bf8f3721739019d6792	12シリウス国語発展vol2_本文224	24	3
7648557e5c7f1ecd407347dde3bd9927	２年[偶数]２章連立方程式の利用(係数と解・2元1次の整数解) 	9575	47
fc49306d97602c8ed1be1dfbf0835ead	2019 Word List2	446	20
35fa44c247164c5e1683d18000b0a236	二次方程式「二次方程式の利用4」（各種方程式）	161	21
35769af2909a9593b22f8b832ae7600e	Lesson7 CHECK QUESTIONS	5688	43
cd00692c3bfe59267d5ecfac5310286c	第５章相似補充三角形の重心／演習問題	36	14
fc2e6a440b94f64831840137698021e1	比例，反比例の利用（交点の座標、図形問題）	1786	39
a91bc76c2a6302e573badedcbf57bf7a	0510一次関数の利用（回転体 体積）	572	115
d47268e9db2e9aa3827bba3afb7ff94a	箱ひげ図で考える	4989	39
a10a26631d45928cb8be4ebabbee8b8d	解答［STEP中1］第3章 1次方程式	3	2
a284df1155ec3e67286080500df36a9a199	PIGLING BLAND_01000559	1	1
ffcdeffa3829f4a633ea0b404e2b4a0a	ELEMENT U3 Scene①②	3102	43
8d3215ae97598264ad6529613774a038	L04_P3&4	132	30
e447193f2b83d789c98a82a7ef958736	SA 86 Pre-Quiz	14	3
85ef8e895264ae2dcab7bcd0f04d9bea	展開・因数分解練習問題	1164	32
dfb84a11f431c62436cfb760e30a34fe	(A1) RT04-My Dog	1984	77
042551811c82ef07fbe3289501b5ab28	AD 26	20	3
bda989b1330ba4f420924a5be0ebcb61	The Illustrated Alphabet of Birds	111	5
e00406144c1e7e35240afed70f34166a177	The Adventures of Sherlock Holmes_eCR L11-2	6	1
217dade2ab7db91d12f1bca7b0cd4c82	SA 51	5	1
bb6b07f0fd4afe38c61f232bbb693fd7	準2級　４B　2021年第3回	5	1
754b8fde508be74748bb02907c2409d9	Pleasing Stories for Good Children with Pictures	3	2
9e69fd6d1c5d1cef75ffbe159c1f322e	1206二次方程式の利用5（解と係数の関係1）解答	450	59
4f4adcbf8c6f66dcfc8a3282ac2bf10a	10_図形と相似解答例	7	3
ea33b4fd0fc1ea0a40344be8a8641123	テストPDF	7	2
532b81fa223a1b1ec74139a5b8151d12	11_正の数・負の数解答例	626	39
2f29b6e3abc6ebdefb55456ea6ca5dc8	GOALプロジェクト	41	2
219d0a315520ccbbb971bba8f5d455fe	１年総括(最大公約数)①事前 	704	75
5e76bef6e019b2541ff53db39f407a98	TANAKAtest-e-future Classic Readers L1-1_The Fox and the Stork	21	1
f2fb9d75af8f3f2eb322ff968e62a324	0915総合問題（3五円玉と月）解答例	138	45
784ff39684c7a23cfa09e77719256e20	論語	14	2
5463b514e21fbd3fec3772fba142a46e	地球の総水量（14億キロkm3）ってどれくらい？	74	14
0966289037ad9846c5e994be2a91bafa	中3_5月_疑問詞＋不定詞など_スタンダード_添削問題解答	1	1
d736bb10d83a904aefc1d6ce93dc54b886	◆中２数学STEP １年の復習/ 第１章式の計算/ 第２章連立方程式/ 第３章１次関数	6	1
bd69a680c233578a87e46f33dfdc78b1	0708 2年5章Blineテスト模範解答	257	39
2b45e8d6abf59038a975faeeb6dc0782	testpdf	55	23
07cdfd23373b17c6b337251c22b7ea57	test pdf	1	1
07b95840d88e2f1c033865fba89f624b	Magic Shadows: The Story of the Origin of Motion Pictures	52	5
f4beeba0dd6c190c6ac02f85e7b3691c	３年数SMondayNo18	17844	96
7cb1f2f2baf6ab2ae929ad8cb88d6210	1006総合問題（10内接四角形①）	566	112
5ecf33fd9caf42c3bd39a3d9ee5f9ca3	改・青チャート数Ⅲ 第4章 極限 (問＆解答)	11002	70
0589dd536fd043ff3865f8223fef3030	新課程版サクシード数B 第2章 統計的な推測 (問＆解答)	2	1
3e33b970f21d2fc65096871ea0d2c6e4	分けて発見！世界の国旗	38	14
e00406144c1e7e35240afed70f34166a164	The Adventures of Sherlock Holmes_eCR L11-2	2	1
81c650caac28cdefce4de5ddc18befa0	2019 MES Songs ③ Take Me Home, Country Roads	635	20
7d3f2fed7faf3501554970cd3c0d724e	青チャート数C 第2章 空間のベクトル (問＆解答)	5414	52
e8e0dd181e4ee545195120626098bfba	美術1(3-①)	9551	123
a495eebbfa243b79c5b9b224c482d0c2	英語3(1-③)	18675	120
e702e51da2c0f5be4dd354bb3e295d37	4点を結んだ図形の面積	914	21
9fd5e502c1640f62738c8a908d3eb0f7	春休み明けテスト模範解答	7	4
94f4ede62112b790c91d5e64fdb09cb8	春休み明けテスト模範解答	155	40
2c962286fbefcdacf78ceaef61c6c3fe	0708 2年5章Blineテスト問題用紙	630	30
e4f26beeb0ae24b92ffd355f5e9c5fda	関数y=ax2「変化の割合」発展解答	1	1
0a8a64171a9145f6a47e5b3544632e3b	コロッケ問題	181	15
4f34f3639443af3a6e83e4c0cf68431b	1025_01平面図形（移動したときの点の軌跡、通過した部分の面積）	3467	41
43c5b26b6738782b9e45719d8a45db1b	03_夏休み明けテスト部分解説	297	53
7da18d0326a9f46a4817e19c805819ae	改・サクシード数B_第3章 数列	24	4
7302e3f5e7c072aea8801faf8a492be0	21_３年数Sマンデー1125	19897	36
f15d337c70078947cfe1b5d6f0ed3f13	ELEMENT Lesson9 Part1-4	380	24
885b09b2268bb141018ce1d96fe82a7e	No.14	129	33
8a146f1a3da4700cbf03cdc55e2daae6	解答/STEP１年/第５章/３円とおうぎ形	189	12
fd11043c50c15f9e700a52b3f00136f8	SA 45	4	1
52c409f1571f500e28f490a302a12540	The Thirsty Crow	2187	70
273928cb4859a0db86ba8aefd34c1755	The Picture Alphabet	363	7
ae1d2c2d957a01dcb3f3b39685cdb4fa	testMES3	2	1
d6baf65e0b240ce177cf70da146c8dc8	アーチを作ろう！	113	31
217ffec3caf17a44bf340fc11d93e8ab	ADorSA2 answer	1	1
dccab9bd9e0b69c49302025efdf19702	The Little Mermaid_lv1	6183	142
c5c64c10cfd77b16a03aa81f09499f25	0617図形の性質と証明（平行四辺形の性質2）	505	106
263fc48aae39f219b4c71d9d4bb4aed2	3-C 「ヒカリ」	187	11
f69e505b08403ad2298b9f262659929a179	L1-10_The son who doesnt listen_e-future Classic Readers 	9	1
33beffd09a1b020d1187c6b4b264014a	1003総合問題（8シエネの井戸／スカイツリーの影）	1530	111
e22312179bf43e61576081a2f250f845146	CMT1C2_１次方程式　《文章題》_問題解答	2	1
5a794da4f056dcd732eb706e9ef991d7	3級　３A　2022年第1回	12	5
4a3cffe005397d4cffdee044f1c8d30e	07_３年数学「円の性質」週末課題0531	139	26
9ac403da7947a183884c18a67d3aa8de82	◆【解答】中２数学STEP １年の復習/ 第１章式の計算/ 第２章連立方程式/ 第３章１次関数	3	2
b5b0db7f3a77ca4fcf9eca57aa7181ca	道徳③	8894	123
d69aed2be954d4c17700d4a99d79e42a	Pages for Laughing Eyes	297	9
cfd66e741860718ddecf1f6eabd05fc6	142q	6	1
59d9b46aa00c70238bb89056cfeb96c0	テストPDF	2	1
41be696537187bb3b209c20dafeb2a81	25_２年数学「平方根」週末課題No.25生徒解答	346	42
019d385eb67632a7e958e23f24bd07d7	10_図形と相似分布	17	8
8832ae39136fb470b3fbbf9f47b4570d	一次関数①(4/28締切)	4777	32
1ea97de85eb634d580161c603422437f	理科6(4-②)	10700	110
6d1e481bdcf159961818823e652a7725	二次方程式「二次方程式の利用5」（解と係数の関係①）	266	41
c8f5b1786c5c5f89edf17f37dbca107e	L5 Bookroll用	59	12
f4f1f13c8289ac1b1ee0ff176b56fc60	testpdf	1	1
cc3f5463bc4d26bc38eadc8bcffbc654	二次方程式「二次方程式の利用7」（無理数係数・連立）	250	37
f39f6f54273cc68d91eb7443932a64ad	13-WH 解答	171	75
b8c37e33defde51cf91e1e03e51657da	02_前期中間数学Ｓ分布	12	5
76e2d26f0496e090a9ad7d94c3128e2a	7章データの活用「紙の形はどちらがいいのかな」	218	17
21ebe39bb45d76e5c3b4d7e86a9f134e	地震の問題	20	2
4f9ef38edcfc460a00cbb8ed5dee299c	0618_01方程式（いろいろな方程式）	7345	40
d38901788c533e8286cb6400b40b386d169	PETER RABBIT_01000545	68	7
1b72746255ef01f9d75400995c62ea12	２年数SMondayNo18	10006	107
ebd75b8970e12771b1aab92eb59cf0c2	07.1018総合問題（シエネの井戸／スカイツリーの影）解答	3	1
b476828992f393a09339cf6270d30aa8	［サクシード数Ⅰ］第１章数と式	3	1
9f8684e630c4c30cad7b1f0935cd62ab	改訂版 数学B(325)	520	19
8d6a06b2f1208b59454a9a749928b0c0	ドリブルは何回できる？	109	13
696b0709b9a2d7d9e2c25b71476ec255	SA 51 Pre-Quiz	1	1
3e5190eeb51ebe6c5bbc54ee8950c548	AD-7 answer	1	1
03cf87174debaccd689c90c34577b82f	2019 Over the Horizon	66	14
d3db718a011f94f39dd49b576d785b08	No.34(0122)タッチペン	30135	96
612b768cef375638fa5bf6d0e88a9262	ペンストローク英作文001	21	11
53ac2d01e41ff949c11c916309ae17b7	28_２年数学「二次方程式」週末課題No.28	43	11
6f67057b6a3671fe882f6d4f27d547be	比例，反比例の利用（身の周りの問題を解決する）	38475	119
57827ddd068a17ad6dfc6690962241e5	1-3 Super Hero	38	1
71ffa17407d66e134442eebb32d330ec	03_３年数学「図形と相似」週末課題	150	30
0c2bcf2ee48c024117f6a057105ead45	春課題A（２年生になる前の確認編）	1272	35
a4666cd9e1ab0e4abf05a0fb232f4ad3	(A1) RT10-Bread	1481	57
3713bdda7149579475f3734e8bd0e14a	169a	7	1
980a875ff6ef9c2d75e74307cbf5d205	英語１（１－①）	27236	128
ce738adf821b780cfcde4100e633e51a	A Phenomenal Fauna	192	5
2517756c5a9be6ac007fe9bb7fb92611	社会4(2-②)	11511	118
d903e9608cfbf08910611e4346a0ba44	30-B2-2	5	2
59dfa2df42d9e3d41f5b02bfc32229dd	図形と相似01板書	6762	42
0f840be9b8db4d3fbd5ba2ce59211f5594	【解答】高１ 青チャート/数A/ 第３章 形と計量/ 第４章 数の性質	1	1
831afb1be63c21f215df9217656e75fb	14(0920)	17023	112
1c65cef3dfd1e00c0b03923a1c591db4176	BENJAMIN BUNNY_01000548	11	1
d56fac4fc074379769b86e77e00422dc	06_３年数学「円の性質」週末課題0524	307	33
e835b6e59c2bea369455be42a0ba85d3	1206 ２年数学演習課題「二次方程式」計算練習①　解答	357	36
251c5ffd6b62cc21c446c963c76cf214	１年総括(最大公約数)②	1211	98
0cc6ee01c82fc49c28706e0918f57e2d	a0215総合問題（24西京の入試問題２）解答例	105	30
ee8fe9093fbbb687bef15a38facc44d2	unit7-1	440	21
b181eaa49f5924e16c772dcb718fcd0f	青チャート数Ⅱ_第4章 三角関数mixR	5025	43
021bbc7ee20b71134d53e20206bd6feb99	【解答】高２ 青チャート/数B/ 第１章 平面上のベクトル/ 第２章 空間のベクトル	1	1
9831384e2ed3938f00b8fb98b3424649	0220_規則性演習プリント（群数列）	3794	39
29515bb9a5d5e558e2b3ba71e3b6e037	AD1 asnwer	1	1
68abef8ee1ac9b664a90b0bbaff4f770	07冬休み明けテスト直し	81	7
e58aea67b01fa747687f038dfde066f6	STEP２年/第２章/１連立方程式	76	10
40f6992c3c5816a1b42d2612fc26b936	２年数SMondayNo1解答 	4	2
ecb565cd82de68494c294dc8d4b419a0	SA 19 Post-Quiz	1	1
a01610228fe998f515a72dd730294d87	test pdf	15	8
70afbf2259b4449d8ae1429e054df1b1	Element 9 Group jigsaw activity	1116	83
122e27d57ae8ecb37f3f1da67abb33cb	1004総合問題（9絵馬）	946	109
b2f627fff19fda463cb386442eac2b3d	スカイツリーを写真に収めよう	25	10
3e60e09c222f206c725385f53d7e567c	(A1) RT50-Who Love Getting Wet?	883	34
3fb451ca2e89b3a13095b059d8705b15	解答/STEP１年/第５章/２作図	93	7
997440836d4c2346926d8aca03690f78	A Apple Pie	1	1
a284df1155ec3e67286080500df36a9a178	PIGLING BLAND_01000559	26	1
f718499c1c8cef6730f9fd03c8125cab	シリウス21発展中3解答	3558	31
17a3120e4e5fbdc3cb5b5f946809b06a	4級　４C　2021年第3回	16	2
be3b0b544433b768685e3436621590ff	冬休みあけテスト模範解答	1	1
6a54289b29ceb58cb7609cc50e0dc1c8	No.23(0119)	2	1
9ef2ed4b7fd2c810847ffa5fa85bce38	課題１	4741	103
cb4e345e4246a6264a5050d32e227b79	No.1(0417)タッチペン	4	1
898dd2ab046b0799b69b6e57dd227554	Oregon, the Picturesque	3	2
090afe0d4abb5dfdccb84641fe115680	06.1009総合問題（てくてくスケール／スカイツリーの写真）	4	1
a4df48d0b71376788fee0b92746fd7d5	改［STEP中2］学年末問題	459	31
4c2e5eaae9152079b9e95845750bb9ab	12文字の式再解答例	1785	109
cb41f167917ec4b8d870a90c54afef7d	［STEP中３］第５章相似	4	1
3b5dca501ee1e6d8cd7b905f4e1bf723119	中学技術科	703	8
bb4abc56ac2093f48c7c26980ec4a4c0	NH3 Unit6 Read and Think_2MB	17	2
a6d8ecc0b8747fb7c28e0d64c7dfcbe8	SA 44	4	1
fddd7938a71db5f81fcc621673ab67b7	ごみについて考えよう	3420	27
1fd09c5f59a8ff35d499c0ee25a1d47e	⑭1月２５日	30953	95
29d74915e1b323676bfc28f91b3c4802	No.17(1031)	18423	96
c8713899f5d7bf79084d5550b0461b65	総復習テスト①	1372	25
2d36b5821f8affc6868b59dfc9af6c9f	２年数SMondayNo21	21734	109
05a70454516ecd9194c293b0e415777f	2019二次方程式_文章題5「食塩水問題」	7720	17
5898d8095428ee310bf7fa3da1864ff7	［STEP中３］１、２年生の復習	4	1
084afd913ab1e6ea58b8ca73f6cb41a6	121a	1	1
36455d3b4aa959a5a5799f2316c06660	第五章総括 スペシャル問題	3565	103
e1c13a13fc6b87616b787b986f98a111	第8時 発展演習解説	561	56
60e1deb043af37db5ea4ce9ae8d2c9ea	⑫12月7日	7810	37
e2e1cbe72ab1192e395c35295763982a	5_1規則性を見つけよう！（図形に隠れた規則性）	20	6
370bfb31abd222b582245b977ea5f25a	(A1) eCR2-11.The Gingerbread Man	869	31
464d828b85b0bed98e80ade0a5c43b0f	◆中３数学STEP 第2章平方根/ 第3章２次方程式/ 第4章関数	4565	22
d3956e2280c1e227da89bcf52043f32c	0618 図形の性質と証明「平行四辺形になるための条件」_模範解答	150	30
1728efbda81692282ba642aafd57be3a	解答/STEP１年/第２章/３演習問題	10	6
c7af0926b294e47e52e46cfebe173f20	【解答解説】青チャート　数Ⅰ 第４章 データの分析	49	8
14ea0d5b0cf49525d1866cb1e95ada5d	191217 朝リスニング スクリプト	629	49
af7f963b59e84066e2110e5a07209d8b	17(1025)	14506	112
645098b086d2f9e1e0e939c27f9f2d6f	18_３年数Sマンデー1105	6449	30
d36e6dc0e73616d5b48392f1862c3089	プレートの問題	28	5
d1a69640d53a32a9fb13e93d1c8f3104	サクシード数Ⅰ_第４章 データの分析	14	3
e9257036daf20f062a498aab563d7712	08三角形を…に	3131	109
d7322ed717dedf1eb4e6e52a37ea7bcd	763_円柱と6つの球解答例	25	7
51200d29d1fc15f5a71c1dab4bb54f7c	第10時 中点連結定理②	179	30
555183669058fb273008595a9393d628	33_週末課題No33	253	46
b62d343d76d2ab4e2d65e547b0f4c75c	［STEP中2］第4章 図形の性質と合同	45	6
27d52bcb3580724eb4cbe9f2718a9365	第２章　Bline　模範解答	359	77
afab9e1401c7c4b559e2723add38e05a	08.1118総合問題（内接四角形②）解答	1055	78
aa85e45da94cb0d78853c50ba636a15a	R4「自由研究」1レポートの書き方 	125	19
42a0e188f5033bc65bf8d78622277c4e	【教員用】BookRollマニュアル 	4	2
43413ceafd2ea8d4a5e17d21c4840d9e	作図トレーニング 2	272	31
c5a0ac0e2f48af1a4e619e7036fe5977	testpdfZ	50	4
76c7c563b32ad9d8d09c72a2d17c90e1	0117「定義域・値域」解答	570	55
98afdcc1ebd85daa0f1749c5e56b9d8c	英語9(3-①)	6101	116
58ec72df0caca51df569d0b497c33805	03_言葉に立ち止まる_P67-94	465	35
ef2f8301bf2c3404552f1c3df84df9ec	シリウス　解答編	356	10
960b18a4c3fc9dd4f67bb76cf988cb2e	0622_3 場合の数と確率「R6年度共通テスト　数1A(問３)」	2	1
e746ec9d02541b374a9aead8fdb941fe	古文：一問一答	21	7
83f97f4825290be4cb794ec6a234595f129	現代を読むNE	6	1
4392e631da381761421d5e1e0c3de25f	SA 45 Pre-Quiz	1	1
e9b73bccd1762555582b513ff9d02492	STEP１年/第６章/２立体の表面積と体積	2878	18
430a27748f3853d3745bda9d32419fef	30_三平方の定理	1210	96
4175f2ebb265d58c6d8877841d016d08	The Hound of the Baskervilles	63	5
d240e3d38a8882ecad8633c8f9c78c9b97	高１ 青チャート/数A/ 第３章図形の性質/ 第４章整数の性質	5	3
f861aa27e08ead5195342b2412f525f4	12.0110総合問題（西京の入試問題１）	276	53
646c9941d7fb1bc793a7929328ae3f2f	3章方程式・不等式　「規則性・仕事量」解答例	158	26
1c7836dbabd12c458d20e3b35633733a	0607 2年前期中間テスト(数学)模範解答	2	1
0f34314d2dd0c1b9311cb8f40eb4f255	0915展開演習①	1401	39
30cd1e36baf6f9f1cc50d66e55e09984	2年2章Blineテスト  模範解答	825	104
249338e601902b14d0f529fe5e6ae417	［STEP中３］第７章三平方の定理	1	1
141661fa46b11782745bb974d5140004	芳賀1組2組　Element II Unit 3 Day 3	14	1
841b60e20ff680b0d59aa9d6902fe289	（一時的）前期期末解説	487	39
a17479231dc298309a3fda7d7d00111a	SA 7 Pre-Quiz	1	1
14d2bc475177e1dde633b4ca1972d53c	Level 3_3	700	16
45ddfa251d2530f6865be72a998b03dc	08 面積比・立体の相似 解答	322	60
ee6e910d8a25e34748decf784fe5e6a2	変化と対応Bライン	888	50
7380ad8a673226ae47fce7bff88e9c33	第６章円１円２円周角の定理の逆	8	5
149e9677a5989fd342ae44213df68868	【附属中教員研修会】20190409テスト問題	962	12
d7b76edf790923bf7177f7ebba5978df	NEO現代を見る-Unit 11	1423	87
37880b7c09d459ce0691aa834cb6e286	0226_規則性演習プリント（階差数列）	2	1
579bb1d9cafd92b8d307a8c6943dc0aa	Mother Stories from the Old Testament	10	3
c460dc0f18fc309ac07306a4a55d2fd6	解答［STEP中3］学年末問題	1260	38
836a0dcbf5d22652569dc3a708274c16	1117総合問題（16絶対値を含む方程式・不等式２）	2251	103
b99d193b66a6542917d2b7bee52c2574	英語９（３－①）	29336	122
5f06f7aeeca9a91b8cab79b2b83bdda5	03 相似の証明 解答	225	38
a3545bd79d31f9a72d3a78690adf73fc	シエネの井戸（宿題）	24091	35
e4263fd4a14819a2b3dfe2730abe3226	おくの細道　	16	4
9e197158c200ebaaca22dd182b6f2a1c	ELEMENT U6 Day 4 text	1144	68
0801b20e08c3242125d512808cd74302	令和５年度新１年春テスト模範解答	195	40
ab305a160d87aa0b6b452d0f894c2621	0622_1 場合の数と確率「座標平面と確率」	207	66
902daf6855267276c83a639cbb25165c	0126「回転体の体積・二等分する直線」解答	450	57
e8db6ebd8c4a86f982cd94bb49534ef3	29_２年数学「二次方程式」週末課題No.29	21	7
54f5f4071faca32ad5285fef87b78646	【数S Monday】20191028実施15「平方根1」	2397	19
32bd403625078f55a266b487534aa95b	2_生徒解答	206	30
6a2feef8ed6a9fe76d6b3f30f02150b4	解答/STEP１年/第４章/１比例	257	13
3e1953b572576cc82887d4100a29a02c	Summarize Unit 12	226	22
eb844cbe61ad95e6462ee45f7c3d87ae	現代Unit7	69	16
c8be3be0fc661008ffa807e59f723b68	テストPDF	2	1
64986d86a17424eeac96b08a6d519059	04_後期期末	407	24
41f6e8b589d6d47cc56937ff17c493f5	SA 82	4	1
74707d064c4eeda12c3bf2f1807a7198	04(0517)	34481	112
5caf41d62364d5b41a893adc1a9dd5d4	QMT4B1_整数の性質_S問題解答_rgb	1	1
db8e1af0cb3aca1ae2d001862420452987	未来へひろがる数学2	8080	20
c850371fda6892fbfd1c5a5b457e5777167	Rapunzel_e-future Classic Readers L5-1	2	1
c42af2fa7356818e0389593714f59b52	平方根「平方根の利用１」根号を含む連立方程式 解答例 	78	31
892c3b1c6dccd52936e27cbd0ff683d6	(A1) RT34-A Fire at the Zoo	886	44
4558dbb6f6f8bb2e16d03b85bde76e2c93	青チャート　数 I　第3章　図形と計量	30	7
386854131f58a556343e056f03626e00	w01_0410「大学入試問題に挑戦」	8125	36
3a029f04d76d32e79367c4b3255dda4d	test pdf	1	1
526c321538d951fe8d2b9abf54dbdb91	確率とその計算	158	15
9407c826d8e3c07ad37cb2d13d1cb641	週末課題no42解答例	30	4
16e6a3326dd7d868cbc926602a61e4d0145	CMT1K1_空間図形_問題解答_rgb	248	3
4b4984066015df12cfc4e8f6d60b7147	SA55 answer	3	1
579036d9585c651f97a1490a46616132	火山	64	9
491442df5f88c6aa018e86dac21d3606	test pdf	6	3
e9287a53b94620249766921107fe70a3	AD-17 answer	1	1
ba6d843eb4251a4526ce65d1807a9309	1-A2-2	37	6
5f14615696649541a025d3d0f8e0447f	週末課題no33解答例	31	8
40008b9a5380fcacce3976bf7c08af5b	2019_STEP演習中学数学2_4章「図形の調べ方」1問題	299	20
cd758e8f59dfdf06a852adad277986ca173	MISS MOPPET_01000565	25	1
c8bfde373852a0ec6e7e532fd157a12f	5分間テスト解答No08	12	3
892c91e0a653ba19df81a90f89d99bcd	2019　一般動詞　絵	505	74
44e6b86aeefa3eca5832a98043a7b6fa	四角形　解答解説	6	4
2ac82abfbbba61cc903d25f55ed38aa8	6_円の性質テスト	35	11
fd5ac6ce504b74460b93610f39e481f7	The Piano	52	5
1aa057313c28fa4a40c5bc084b11d276	［STEP中3］第1章 式の計算	48816	119
89d3d7800304002cd469f0c402bd3ea0	test_2_100ppi_Vera The Alien Hunter_L1-1	122	4
775a46e8c6d09ce5548db66cc249435c	この作品の作者	6	3
3e883840fee4384dd3d2afea5e822517	3級　３B　2021年第2回	30	5
c4e21b9d9df296ee17ddab3dbbc851f5	2月15日週末課題コロナ過の中学1年生　答え黄色	17	5
c5fe17b7a8d023ade2bbb05e574eef78	No.6(0522)タッチペン	10204	110
1eb93307694834407e339c29b71fa727	15.0210総合問題（西京の入試問題２）	1089	68
d38901788c533e8286cb6400b40b386d204	PETER RABBIT_01000545	122	5
b6358755a5c0aa01034c9870f842a467	0523図形の調べ方「証明練習２」解答	55	12
c9049d2a46feb0ae2de6b0636f32ea0d	220127授業ノート①(1-3]	104	37
222afbe0d68c61de60374b96f1d86715	50_週末課題no.50	21	9
25ddc0f8c9d3e22e03d3076f98d83cb2	円周角の定理	6	1
add217938e07bb1fd8796e0315b88c10	unit7-1	503	17
ecd07f4483c92ba37b7aa92dd57d5f89	連立方程式(連立三元一次方程式置き換え解と係数)_模範解答	60	13
7c1bbdaebec5e20e91db1fe61221228f	08.1220総合問題（算額）	2	1
0ffaca95e3e5242ba1097ad8a9a6e95d	社会8(3-②)	4829	117
b6d1a7cca965983d426be9f927e1eb4d	ペンストローク英作文004	4021	34
905056c1ac1dad141560467e0a99e1cf199	JEMIMA PUDDLE-DUCK_01000553	1	1
7edfd52220e2032e7281061c82401195	［STEP中2］第2章 連立方程式	177	21
b73ce398c39f506af761d2277d853a92	【教員用】BookRollマニュアル	93	7
9b04d152845ec0a378394003c96da594	シリウス21発展中2	1693	20
e945de21a1bb5714a0bc8a897ed32e9f	英語８（２－④）	36615	122
852c44ddce7e0c7e4c64d86147300831	(A2/B1) PYPR. 1-07/Mouse Tale	608	20
cb77649f5d53798edfa0ff40dae46322	0303箱ひげ図（箱ひげ図で考える）	63	29
55d99a37b2e1badba7c8df4ccd506a88	U3-P10	6	2
9df81829c4ebc9c427b9afe0438dce5a	「マイ バラード」	4267	109
79d51f4d7e4d54d54b55519c3b462d00	EEQ2019part1 a-e1202シートは18まで2	4	2
46c5976b94ffe3389fe63bed55f9cc8f	0927 2年前期期末テスト(数S)問題用紙	506	29
00b99e87221c9afb0c0c23c3fb403307	22(1129)	31	11
167434fa6219316417cd4160c0c5e7d2	NEO現代を読むUnit 17	4	2
d494020ff8ec181ef98ed97ac3f25453	社会8(3-③)	17804	118
d2b15c75c0c389b49c2efbea79cdc946	Element 9 Group B	1028	30
1aa4de654d4e502b4ef4136466b13fcc	徹底演習テキスト中1理科［問題］	7	1
d38901788c533e8286cb6400b40b386d217	PETER RABBIT_01000545	2	1
ef50c335cca9f340bde656363ebd02fd101	高２ 青チャート/数Ⅱ/ 第５章 指数関数と対数関数/ 第６章 微分法/ 第７章 積分法	2	1
e3752bd232f5ce0a575ae0a35c06c79c	新課程版サクシード数C 第2章 空間のベクトル	29439	138
35613dde17e11caa281c2e7bc2ac7acc	青チャート数B 総合演習第2部 (問＆解答)	75	4
a7eb3f86b0d99361a5053a41d7d38576	0417週末課題	2	1
076fe937e59c252325e2a760ae2e4d37	05_2年数学週末課題「一次関数」No.05	17	7
eb7ef0469ad23a2c5782e8770da04529	1_因数分解_多項式の計算(問題)	513	16
240c945bb72980130446fc2b40fbb8e0	11_正の数・負の数	775	41
3ce257b311e5acf849992f5a675188e8	TestBook01	57	1
2e65f2f2fdaf6c699b223c61b1b5ab89	解答/STEP１年/第３章/１１次方程式	311	14
90918ccd19a67747cadd8dbf8368c742	Challenge! Active Reading	1464	40
46d045ff5190f6ea93739da6c0aa19bc	No.20解答例	340	57
0e78a1b0be474c86f804095d2909c141	01_３年数学「図形と相似」週末課題 解答例	461	46
08316e289e75a729907d3dcd4f4d30b2	第3時 三平方の定理の証明 解説	56	15
c113d499cd1461d6bc2f2db7c99fcd47	Level 3_1	1524	42
06d1877c71ba8d3f2f72d1ffc585c463	0210_データの活用　公立入試問題演習（解答例）	159	32
60b8b65c7b7342a9caa07a07aea0ccac	0205_「紙の大きさはどちらがいいのかな」	54	10
00126b47d5502dfb7d01f750ad23d813	二次関数（解の配置）	135	40
ca8a2d76a5bcc212226417361a5f0740	test	125	5
ca6ab34959489659f8c3776aaf1f8efd	STEP演習中３数学_第２章平方根	4	3
0e19a8bac63f97a513063dcb9a64442b	0513_02正の数負の数(仮平均)解答例	133	42
966b795bc7f3ccb35e3da08aebe98f18	0219「放物線と四角形の習熟を図る」	985	111
c3c59e5f8b3e9753913f4d435b53c308	第６章円１円３円の性質の利用	2	1
9b2f00f37307f2c2f372acafe55843f3	［問題］改・サクシード数B_第1章 平面上のベクトル	769	17
7b66b4fd401a271a1c7224027ce111bc	unit7-1	118	17
97d98119037c5b8a9663cb21fb8ebf47	17_３年数Sマンデー1028	11105	32
9b10a919ddeb07e103dc05ff523afe38	0622図形の性質と証明（平行四辺形になる条件） (1)	1737	114
95cbe1e1f1fa3d8cd5bbcefd8a59191f	0427＿１次関数「グラフの読み取り」	375	40
79a5f1b63234a7ebe1dc171a7119b2c4	大河で話題の例のあの人！最終回も近い今。ここで，復習してはいかかですか？	31	12
faff959d885ec0ecf70741a846c34d1d	No21	1	1
fa3a3c407f82377f55c19c5d403335c7	Unit1-2	11	4
33cf42b38bbcf1dd6ba6b0f0cd005328	Element 9 Words & Pictures	14	1
7fc0e8de9ce1ab7d9b6c435a08a8b0d9	SA 10 Post-Quiz	1	1
8a0cd50ecce34cfd150d3d512ccf42cf	L5_Full	340	16
ee188463935a061dee6df8bf449cb882	The African Queen	66	5
6883966fd8f918a4aa29be29d2c386fb	週末課題06	156	13
b4568df26077653eeadf29596708c94b	クイズ更新を試す	7	1
17326d10d511828f6b34fa6d751739e2168	The Wonderful Wizard of Oz_eCR L7-2	26	1
d38901788c533e8286cb6400b40b386d222	PETER RABBIT_01000545	2	1
e60e81c4cbe5171cd654662d9887aec2	STEP１年/第５章/２作図	359	19
f499d34bd87b42948b3960b8f6b82e74	(A1) eCR2-14.Stone Soup	1101	37
64a4250dded75fcc7ac237f910e8a54e	式の計算演習プリント（余り）解答例	1322	93
4f649b16c76753a6ebd0c8f442020945	SA 34	5	1
b93f552915e01e40fb9b66d6fd114f7b	【解答編】シリウス	3045	34
5227fa9a19dce7ba113f50a405dcaf09	51_式の展開と因数分解解答例 (1)	332	66
e2db7186375992e729165726762cb4c1	w18_0827「三平方の定理」	6144	52
fb6c84779f12283a81d739d8f088fc12	ADorSA 1 Pre-Quiz	50	3
6c349155b122aa8ad5c877007e05f24f	道徳2(2-①)	3267	107
05311655a15b75fab86956663e1819cd156	QMT5L2_図形と方程式２_H問題解答_rgb	7	1
a09b68ada5e8b2060f380a53c02cf3d8	青チャート数A 第3章 図形の性質 (問＆解答)	4011	100
b71155d90aef3bc38cb92db5a9afe4ce	ああ	41	6
0c2c53e1f9d33713f16353b09a8bfbe6	The Real Mother Goose	38	4
12ae3f826bb1b9873c71c353f3df494c	1218+α二次方程式 連立方程式と対称式	856	109
fb2fcd534b0ff3bbed73cc51df620323	test pdf	1	1
3dcf44c3136a27a28b3bb27586fd5fc5	平方根「平方根の利用２」式変形による代入 解答例	41	8
b74084f67608d5d35079175712568095	６章空間図形(立体の投影図)	31	12
80e49ec0903f1e8fa1a81df33841d6b1	03_夏休み明けテスト	293	29
073c83fb6a5532256c1f33f207330684	All Round the Year	300	17
ab4c389364232588a6680ad92ec170c7	0208二次関数 （演習 習熟を図る⑤）	414	106
1b9f38268c50805669fd8caf8f3cc84a	The Tortoise And The Hare	3301	108
28b60a16b55fd531047c0c958ce14b95	【数S Monday】20200203実施21「関数y=ax^2」2	1290	17
74791edf1f8e8b8289a5067737630874	国語16(5-②)	8474	105
352407221afb776e3143e8a1a0577885	2019 シルエットクイズ　教師用デモ	64	5
5481b2f34a74e427a2818014b8e103b0	Thumbelina_lv2	3765	83
a95aa4e62b22c9bc5bca4e83cadfaa82	サンプル問題２	1	1
703aea31975f2fa45fdb3e4a8e378ad1	百人一首	10	4
6cf821bc98b2d343170185bb3de84cc4	６章　空間図形	606	39
fc221309746013ac554571fbd180e1c8	ikedo	3	2
e58be547528b4bf803f45ac3f9a8fabb	30_３年数学「R3西京入試」週末課題No.30解答	200	23
62021a18331216014fee6916d6ee9584	16q	21	3
41621ff11046c80c435fa90489a3a20d	24-WH　解答	319	94
e91358846c5b47cfd46866b21d9f7da3	全国学調＿連立方程式	32	3
33db745ffcbd935024b94941e34a25a6	0206_「紙の形はどちらがいいのかな」解答	139	24
415185ea244ea2b2bedeb0449b926802	シリウス21発展中2英語_解答	13034	105
6c9882bbac1c7093bd25041881277658	シリウス21発展中2解答	15	4
f63f65b503e22cb970527f23c9ad7db1	STEP１年/第６章/２立体の表面積と体積	1166	14
8e50baf642bd6685e593bf238aa27051	改訂版サクシードⅡ 第5章 指数案数と対数関数 (問＆解答)	1	1
41bcfd9ab658ebaac1661f58080aad6b	関数y=ax2　解答解説	336	8
8d8f733a7c2a2ea60df6439a28a2b9a3	６章空間図形(正多面体)	5409	109
98ed99f6e48755fa5aeafc04675a7e67	３年第３章B-lineテスト模範解答	2	1
01fd0dbe941d41130c1614960d370929	0702　西京力定着テスト模範解答	91	13
069654d5ce089c13f642d19f09a3d1c0	レインボーブリッジと絵馬（宿題）	31190	40
8b313cbf30999888de32da1ec83ff503	一般動詞ピクチャーカード	6	3
9bdb8b1faffa4b3d41779bb495d79fb9	国語10(3-③)	11288	109
e71490137b17f3d1eb2e7298b2599a34	02_３年数学「図形と相似」週末課題	165	28
1dfe257477e8cc749ac0a3bdcd98fca0	SA51 answer	1	1
65a54865de989d0a6a60a8ad5b07e071	0226「西京の過去問たち」	37876	109
4e0d67e54ad6626e957d15b08ae128a6	サクシードⅡB 6. 等式の証明～ 8. 不等式の証明	1236	24
03cdc6b841ba0131764711e5f1f4e47d	古典　南総里見八犬伝	19	4
72893fc04ba9245ee8d8175dbb7d9b5a	0614 図形の性質と証明　Specil Mission「宝を探せ」_模範解答	22	10
51f3eb940fd73a19119534c063967bff	Anne of Green Gables	123	4
97888b75aa1e8aaac3923028d4466fea	第5時 内接円・外接円の半径	1688	73
ac8645c4e666d447670bebf90cf8fbc2	3章方程式・不等式不等式⑨ ２つの不等式の利用	1036	40
b056eb1587586b71e2da9acfe4fbd19e	解答/STEP１年/第３章/２１次方程式の利用	662	19
a1ada9947e0d683b4625f94c74104d73	数学　後期中間テスト_模範解答	843	119
63c6598e9ddd2961e7dfa4d4eb8144a1	New Yorkers	19	4
7463afe23eae7efe3c72737a5d3d693f	AD 26 Post-Quiz	3	2
777125b977ddc0317d0533782d3c27b5	0919_01比例，反比例の利用（交点の座標、図形問題）	5915	41
3b8d83483189887a2f1a39d690463a8f	Little Cinderella	47	6
2f8ef33feb54e6e5ad1e11ebdb6d4d76	SA 52 Post-Quiz	1	1
2e255d2d6bf9bb33030246d31f1a79ca	09 JEMIMA PUDDLE-DUCK	3	2
ee715daa76f1b51d80343f45547be570	1028総合問題（13内接四角形④）解答例	417	76
ea6df5245ddb26d2985ac95c87fad84a	The Buckle My Shoe Picture Book	49	3
5fd513e89cc656d9c7ab2bca4168a4f2	数学科よりお知らせ1005	96	43
2f635a9fe4a4d8d1ec9e3a111cc02f4b	アップロードテスト用	13	3
0ab922ba3e948387b4b2a85fcb83d194	2020中3数学週末課題09解答	122	12
d15e02b2d502871eba5f71999008e026	火成岩と造岩鉱物	27	5
3063682597f05e7a82731afefaf55300	細胞とその内部構造_抄	47	9
ac1ad983e08ad3304a97e147f522747e	週末課題no35解答例	87	12
cf091b3534ca65188b5785c193ca3a6a	SA 82 Pre-Quiz	1	1
51e2038e383ecfc953bf1ab5a0747c63	5_図形と相似テスト解答	84	35
f7e0b956540676a129760a3eae309294	【解答解説】中3STEP 第3章 ２次方程式 第4章 関数y=ax2	47	1
2e85d72295b67c5b649290dfbf019285	SA 85 Pre-Quiz	1	1
8efb100a295c0c690931222ff4467bb8	STEP１年/第１章/1正の数と負の数	68	9
415e1af7ea95f89f4e375162b21ae38c	1 Journey to Mars v13_RGB	2	1
38db3aed920cf82ab059bfccbd02be6a	シリウス21発展中1解答	268	10
f812eab186eb17d72275bb38b918913d	Dame Wonder\'s Picture Alphabet	53	4
6f46dd176364ccec308c2760189a4605	第10時 折り返し	1473	85
9cb67ffb59554ab1dabb65bcb370ddd9156	QMT5L1_図形と方程式１_H問題解答_rgb	2	1
3cba81c5c6cac4ce77157631fc2dc277	0526図形の調べ方（星形の角度ほか）	1704	116
475d66314dc56a0df8fb8f7c5dbbaf78	英語	32	6
35309226eb45ec366ca86a4329a2b7c3	解答/STEP１年/第５章/演習問題	71	15
e2a7555f7cabd6e31aef45cb8cda4999	02_前期中間数学再	6	4
c68bd9055776bf38d8fc43c0ed283678	2-C夏レポート	515	16
8396b14c5dff55d13eea57487bf8ed26	part3 B1-1	7	2
dac32839a9f0baae954b41abee610cc0	w41-2_0211「二次関数」	15181	71
44e76e99b5e194377e955b13fb12f630	0601前期中間に向けて解答例	66	19
ba2cf4148007ed8a8b041f8abd9bbf96	（解答２２～４７）R6 夏休みの演習課題	8718	115
074177d3eb6371e32c16c55a3b8f706b	解答/STEP２年/第１章/３演習問題	22	5
63c3ddcc7b23daa1e42dc41f9a44a873	New Horizon 3 Unit 0-3	4456	92
5e632913bf096e49880cf8b92d53c9ad	テストPDF	2	1
884ce4bb65d328ecb03c598409e2b168173	THE PIE AND THE PATTY-PAN_01000561	22	1
e35284b6966864480f02bc12997b8b49	0705_07不等式（不等式を解く）	2	1
b6e710870acb098e584277457ba89d68	2020中3数学森NewsLetter1_1問題	96	24
d82a1853da4df5edcfc6f0e3159c23be	Element II Unit3 sample text revised	129	4
3368986bdca0efedda1eda8d39b3ae6c	最新　『君は「最後の晩餐」を知っているか』本文SCAN2401	2525	69
85a4413ecea7122bcc399cf0a53bba26	SA 89 Pre-Quiz	2	1
952c3ff98a6acdc36497d839e31aa57c	(A1/A2) eCR4-04.How the Whale Got His Throat	290	10
f0d7053396e765bf52de12133cf1afe8	青チャート数A 第1章 場合の数 (問＆解答)	25210	272
66abd1e4544beed37b65e72639d88850	1023_01平面図形（移動したときの点の軌跡、通過した部分の面積）解答例	57	13
e6872f5bbe75073f8c7cfb93de7f6f3a	サンプル問題１	1	1
49ad23d1ec9fa4bd8d77d02681df5cfa	シエネの井戸	6806	40
c4d2ce3f3ebb5393a77c33c0cd95dc93	週末課題no.5	261	60
183f50a7700982a3ed18ff6d7a5777bf	AD 23 Post-Quiz	5	1
b59c21a078fde074a6750e91ed19fb21	SA 29 Pre-Quiz	1	1
494ba9ff03bdad881378a6fd4092a6c7	［STEP中3］第2章 平方根	28598	108
bdba33c9c0089cabdd362693a28afd33	No.17(1023)	11501	84
44ece762ae7e41e3a0b1301488907eaa	1210解答二次方程式 （利用No10-2）	432	81
0a113ef6b61820daa5611c870ed8d5ee	2019 シルエットクイズ　生徒A	522	13
5a4b25aaed25c2ee1b74de72dc03c14e	STEP１年/第１章/５演習問題	15	6
a226e450e214f350856e2980b6e55ac9	(B1) eCR8-05.The Prince and the Pauper	535	18
f9d396c7f5a391a9251c5fa6d49aa873	ADorSA 6 Post-Quiz	1	1
e1226495c14f1a62ae17aa76c1f0d457	SA-14 answer	1	1
1e669a61fb93f9eea7edf5cd3e3d4bcc	R4「自由研究」2事例集 	124	12
193002e668758ea9762904da1a22337c173	Treasure Island_eCR L11-1	12	1
0b7a9d54deeb611edc4540d286e9a042	E講座_木村	185	21
6aca97005c68f1206823815f66102863	2019_STEP演習中学数学2_5章「図形の性質と証明」1問題	23	6
bd470ca955d9497bbcb808e59952fffc	６章空間図形(立方体の切断その２)	6854	117
d785bf9067f8af9e078b93cf26de2b54	［STEP中3］第1章 式の計算	1	1
8698ff92115213ab187d31d4ee5da8ea	STEP１年/第６章/２立体の表面積と体積	1617	15
99b410aa504a6f67da128d333896ecd4	その他　解答解説	26	4
c203e4a1bdef9372cb9864bfc9b511cc	社会10(4-②)	421	113
da94be6d2b80d736e2d13d1e3c47d035	解答［STEP中3］第1章 式の計算	76	8
c8862fc1a32725712838863fb1a260b9	［STEP中1］第3章 1次方程式	97617	127
57db7d68d5335b52d5153a4e01adaa6b	No.4(0516)解答	86	16
487129304eca93e3646dd0c7dd441bf5	解答［STEP中3］第4章 関数y=ax2	3	2
8207f8d79c224f5feef34fe2c2d6adfe	AD-3 answer	1	1
5be278a9e02bed9248a4674ff62fea2c	(A1) eCR3-01.The Golden Goose	9708	218
f40a635828e2bffd0a598a7ed621fc93	03_特殊な角度の三角形 解答	177	44
c75b6f114c23a4d7ea11331e7c00e73c	解答/STEP１年/第１章/２加法と減法	11	5
03492e99e42e7ea8480cdfb4899604f5	ペンストローク入力表示テスト_2208	69	3
65969a52c869c0cf4602e2444b002796	テスト田仲ー１０１５	8	2
d469547325a320e660ba7f4bf05c7ecf	春課題A途中式あり解答（２年生になる前の確認編）	77	7
c0826819636026dd1f3674774f06c51d233	中3_4月_現在完了_スタンダード_添削問題解答	11	1
1e0a84051e6a4a7381473328f43c4884	200204 朝リスニング	1778	155
f9c8cde98a8d6dfda2273e26fedaeda8	LEAP Week10模範解答	13	6
c8cbd669cfb2f016574e9d147092b5bb	A小学5年生　たしかめシート	8	1
a2f04745390fd6897d09772b2cd1f581	改・未来へひろがる数学3_入試問題	3830	165
99296ad1eb8cd89661d163ddea3f16f1	NEO現代を読む_P32 U13	1282	67
5f7039b1bb628805481cb58560a1208b	青チャート数Ⅱ 第1章 式と証明 (問＆解答)	13240	122
335d3d1cd7ef05ec77714a215134914c	Black Beauty	234	18
7228352c63a595de9f77d32037c3e350	NH1 2021 Read5ng 18 19カナダの民話問題	1885	36
f490d0af974fedf90cb0f1edce8e3dd5	0617週末課題No.7	64	19
52b738b303d90a884137546353e09ebb	社会0(1-①)	12080	125
27ed0fb950b856b06e1273989422e7d352	◆【解答】中３数学STEP 第５章相似/ 第６章円/ 第７章三平方の定理/ 第８章標本調査/ 学年末問題	447	4
eefc9e10ebdc4a2333b42b2dbb8f27b6	第７章三平方の定理１三平方の定理２三平方の定理の逆	188	31
5b7d718b0db551bd2f9ca025f8bb15e0	2月15日週末課題コロナ過の中学1年生　答え黄色	1	1
bad5f33780c42f2588878a9d07405083	2019 Word List1	322	21
c7f409723f7655153ec02c23b87b31a9	表現技法超基本	24	9
358aee4cc897452c00244351e4d91f69	(A1) eGCR.VAH2-03.Sour Milk	6239	127
a49ffb16c3666d2f693bc7b5fdca969d	0116 ３年３年３章Blineテスト　兼　冬休み明けテスト問題用紙	1891	92
359f38463d487e9e29bd20e24f0c050a232	中3_3月_入試特訓　時制__添削問題解答	4	1
d81f9c1be2e08964bf9f24b15f0e490098	改訂版数学 I 	181	6
20b02dc95171540bc52912baf3aa709d	No.80-81	17	4
f06edc8ab534b2c7ecbd4c2051d9cb1e	08_３年数学「円の性質」週末課題No.8	89	18
bc7316929fe1545bf0b98d114ee3ecb8	解答/STEP１年/第５章/演習問題	61	12
db7594703df912c1308b49012bbf81ea	SA 56	15	1
fa1e9c965314ccd7810fb5ea838303e5	解答/STEP１年/第５章/２作図	45	8
1145a30ff80745b56fb0cecf65305017	冬休みの課題（最大・最小）解答2019	1109	32
ebbdfea212e3a756a1fded7b35578525	Miss Evans on the Titanic	328	14
1b486d7a5189ebe8d8c46afc64b0d1b4	No.14(1007)	9000	104
f91e24dfe80012e2a7984afa4480a6d6184	God Sees the Truth but Waits_e-future Classic Readers L6-20	2	1
ba0c22ae21290ef88181d910254d9ac8	35_生徒解答	100	22
8ca01ea920679a0fe3728441494041b9	w25_1023「平方根」	13485	74
b6af2c9703f203a2794be03d443af2e3	改訂版サクシード数Ⅱ 第4章 三角関数 (問＆解答)	26	2
99bcfcd754a98ce89cb86f73acc0464599	Z会問題_高校	7	2
afda332245e2af431fb7b672a68b659d93	青チャート　数A　第1章　場合の数	2	2
9a3f263a5e5f63006098a05cd7491997	解答［STEP中2］第６章確率	21	5
b9ed18a301c9f3d183938c451fa183df	６章空間図形（立方体の３点を通る切断面）	16556	114
be6ad8761fe4eb9bb85934a2d21686bb	14-A2-2	1	1
4d386d01419c083e8df5de53eb5a0254	［青チャート数Ⅱ］第4章 三角関数	3	1
00ec53c4682d36f5c4359f4ae7bd7ba1	STEP１年/第１章/５演習問題	1	1
77c493ec14246d748db3ee8fce0092db	Gulliver\'S Travels_lv2	4244	83
6403675579f6114559c90de0014cd3d6	(A2/B1) PYPR. 4-03/Pangaea and Beyond	75	6
89a4779d3836ea432f7ea074e522a17e	太るわかめ	38	15
a9078e8653368c9c291ae2f8b74012e7170	GLOUCESTER_01000547	32	2
c850371fda6892fbfd1c5a5b457e5777219	Rapunzel_e-future Classic Readers L5-1	2	1
ddeebdeefdb7e7e7a697e1c3e3d8ef54	【数S Monday】20200127実施20「関数y=ax^2」1	1351	17
1bd36c9ae813f304363ae6ac7f48068e	［STEP中3］第9章 箱ひげ図	570	20
adc32ce9b954ad17e491a0bc426dbb71	後期中間考査前復習	960	51
c8c41c4a18675a74e01c8a20e8a0f662	直リンク	333	12
c2aee86157b4a40b78132f1e71a9e6f188	【解答 】中１数学STEP 第3章一次方程式/ 第4章比例と反比例/ 第5章 平面図形	3	2
6c4bb406b3e7cd5447f7a76fd7008806	一次関数③(5/1締切)	3134	25
374b03a72295954c3fe1eccb91214071	１２１７－２	2	1
5c9b5c47258cf1499c2dc64b7072e735	(1117)３学年同時数Ｓトライアル	10407	36
cfc5d9422f0c8f8ad796711102dbe32b	３年１章式の展開と因数分解 自己評価シート	171	40
08d562c1eedd30b15b51e35d8486d14c	SA 17 Pre-Quiz	1	1
224e5e49814ca908e58c02e28a0462c1	The Snow Queen_lv3	3627	82
fa587ec2731aab9f2952622e89088d4b	７章箱ひげ図とデータの活用 自己評価シート	14	8
3fc2c60b5782f641f76bcefc39fb2392	(A2) eCR6-11.The Elephant\'s Child	73	4
19485224d128528da1602ca47383f078	MathNaviブック３年	65	11
069090145d54bf4aa3894133f7e89873	「西京校歌」	264	17
52eea859b07495d44fb844cdcecdf239	Unit 2 たしかめプリント	1216	71
9dc372713683fd865d366d5d9ee810ba	(A1) eCR1-19.The Wolf and the Fox	1895	61
8c1b6fa97c4288a4514365198566c6fa	スカイツリーを写真に収めよう	7503	36
860052df4915de4d6c3deac9f7ebf5cc	改・未来へひろがる数学1	97	2
5e09ce33a20f1c276ffcc43627f6e891	形容詞・形容動詞	4	2
daca41214b39c5dc66674d09081940f0	週末課題11	178	27
2e3907cbad887e6a1bea84d450b756db	Nonsense Drolleries	3	2
c08ae30017dd59ab94acc5eb90d0920b	30(0221)	17286	94
695146e2eb92eb4df74536a74b022fcf	36_円の性質Bライン模範解答	232	62
1feb4cdda5aafe2a48cbe27544cd8e4b	162q	3	1
ee89223a2b625b5152132ed77abbcc79	第2時 三平方の定理の逆	243	51
c4819d06b0ca810d38506453cfaae9d8	８章規則性(等差数列) 	4179	118
486f06aa533267bed3c590b52db3d18d	AD 42 answer	1	1
6e616e79d491ba42638558caf0364003	0115自宅学習課題02	27649	120
9d00670c8e26b15fdd085a04a256683c	w15_0702「三平方の定理」解答例	31	10
269d837afada308dd4aeab28ca2d57e4	200121 朝リスニング スクリプト	413	27
7ffb18ac57148c50370b1e15a0157af9	0208_2 関数y=ax2「回転体の体積」解答	2	1
c67ba7c4c5c0cd4cc3e3a7146fe5c015	現代を読むUnit3	1819	59
f91e24dfe80012e2a7984afa4480a6d6176	God Sees the Truth but Waits_e-future Classic Readers L6-20	7	2
decc2e06a44e61f12a030bc4951563eb	0131二次関数 （直交する2直線）	1128	101
4e62e752ae53fb6a6eebd0f6146aa702	E4S不具合発生時の問い合わせ方法	101	14
54ee290e80589a2a1225c338a71839f5	Jigsaw Activity 芳賀5,6,7組　Element U9	8	3
7c2af8b8038c80b68190402368afd913	R. Caldecott\'s First Collection of Pictures and Songs	5	3
3765802a807628e3ece9dbd30ca00a21	Betty Crocker picture cooky book	41	4
b571ecea16a9824023ee1af16897a582	test pdf	4	3
c56030557e55275663bd45b48cd0223e	Challenge! Active Reading	131	1
2ff7b03aaa6645dd2263c569d0ff7f54	連立方程式(連立三元一次方程式置き換え解と係数)	1803	27
033cc385728c51d97360020ed57776f0	0907式の展開と因数分解（展開）	1021	91
5fdfe2c20035ef27771422342d1842ff	夏休みの課題説明	657	106
5285a1493a5742c839cdf4cf7311beea	火山の問題	11	3
b23975176653284f1f7356ba5539cfcb	電車と自転車	2161	34
ed4227734ed75d343320b6a5fd16ce57	発表会感想入力シート	2	1
90599c8fdd2f6e7a03ad173e2f535751	【数S Tuesday】20191105実施16「平方根2」	3085	21
6dbbe6abe5f14af882ff977fc3f35501	１年数SMonday確認テストNo22（1/25実施分）	29407	114
f410588e48dc83f2822a880a68f78923	23_３年数Sマンデー1209	16585	37
7792b558ca0c76d24d695582021ac501	L02_Scene12	77	14
68a83eeb494a308fe5295da69428a507169	CECILY PARSLEY\'S NURSERY RHYMES_01000567	20	1
39cd7b469beae7c617c73e0d008195ef	国語6(2-②)	20304	114
45f31d16b1058d586fc3be7207b58053	CMT1A1_正負の数《加減》_問題解答	3	2
aaac13f3595dfe0baefd3839d1529a4f	SA21 answer	1	1
1dba5eed8838571e1c80af145184e515	(B2/C1) eCR11-03.Anne of Green Gables	231	15
86f7bddf621db0ef88789a9fd5074b85	Child-Land: Picture-Pages for the Little Ones	31	4
92c8c96e4c37100777c7190b76d28233	test pdf	1	1
cd19a3a0867f69f400961b5dd502fbc6	1章Blineテスト模範解答	909	112
87019fb492fe6f03c3bdb29cf2ffb6eb	平方根「平方根の利用２」式変形による代入	460	39
533fa796b43291fc61a9e812a50c3fb6	testpdf	3	2
4f46995ccd92374fee622f3c79daf227	1206 ２年数学演習課題「二次方程式」計算練習②　解答	2	1
c9dd73f5cb96486f5e1e0680e841a550	0426図形と相似（外角の二等分線の定理）解答例	199	61
bbd529c3160b4c800103a27dd102a72a	EEQ2019part1 a-e1202シートは18まで3	2	1
ed7ec77be8029e30e8532d41448d1c52	5分間テスト解答No05	3	2
17c276c8e723eb46aef576537e9d56d0	2019　1年生　スピーキングテスト　更に練習②　英語の答えのみ	23	11
cfbce4c1d7c425baf21d6b6f2babe6be84	中1数学STEP 第3章一次方程式/ 第4章比例と反比例/ 第5章平面図形	8	1
16738419b15b05e74e1ecb164430bfa8	３年数SMonday確認テストNo01	2529	37
c42f891cebbc81aa59f8f183243ac2b9	比例，反比例の利用（動点問題②）※前期期末前演習	7038	119
5ad2c993fa4f162c255867250267de48	理科の世界１「単元４　大地の変化」	2016	50
621c090c3a61c6809130675a63897a0f	移行用補助教材	10725	106
1e56fad414ee7e1760cb0dc170db7436	1120 2年後期中間テスト(数S)模範解答	162	32
7ffd85d93a3e4de5c490d304ccd9f864	１１月５日	3447	17
36920c7628b5bc6824378f3411bbfa34	1213二次方程式（面積に関する問題2）	9866	114
5dc624e80d9ab94e3229ec29f675c19d	0606 2年前期中間テスト(数S)問題用紙	1186	82
f4492508850c58446d4784339470a8f6	未来へひろがる数学3.	1	1
d7fd118e6f226a71b5f1ffe10efd0a78	シエネの井戸（宿題）	30952	41
bbe62ff5da2b206721427d943e8ae991	AD 39 Post-Quiz	1	1
437d7d1d97917cd627a34a6a0fb4113694	高２ 青チャート/数Ⅱ/ 第１章 式と証明/ 第２章 複素数と方程式/ 第３章 図形と方程式/ 第４章 三角関数	147	3
df438e5206f31600e6ae4af72f2725f1	80_二次関数解答例	447	87
9cf742e94f29f454ac42ff68f37d5cc4	第４章B-lineテスト模範解答	68	13
684fa3de91be141a2bc896fa5870aed7	令和５年度　前期中間テスト（数S）模範解答	833	82
fc84ad56f9f547eb89c72b9bac209312	0428_１次関数「直線と図形に関する問題」「線分と交わる直線の傾き」解答例	49	12
f00b6379b82a515a9478b6e58b783de9	0708_08不等式（不等式の利用）解答例	5	1
0d27688c61c5a172e8e45956cd70cba2	円　解答解説	206	2
259f6be2870132cc7f00ee95bec44681	火山・地層～基本から発展～	109	3
3bc71faebe42e1639eb6fded38d714cd	改サクシード数Ⅰ_第１章 数と式mix	140	18
03e0704b5690a2dee1861dc3ad3316c996	【解答】高２ 青チャート/数Ⅱ/ 第５章 指数関数と対数関数/ 第６章 微分法/ 第７章 積分法	1	1
6c340f25839e6acdc73414517203f5f0	解答/STEP１年/第４章/４演習問題	276	17
8c7bbbba95c1025975e548cee86dfadc	移行措置問題	3	2
38263fe4cbb83c788f84dfca014e5502	No.31(1218)タッチペン	29444	97
0415740eaa4d9decbc8da001d3fd805f	(A2) ACS.14-The Fisherman and the Golden Fish	466	19
ec5aa0b7846082a2415f0902f0da88f2	771_【発展A】２円の関係解答	7	4
e8855b3528cb03d1def9803220bd3cb9	問題11～20	3452	38
8d6dc35e506fc23349dd10ee68dabb64	2019夏休み課題プリント	1134	20
36a1694bce9815b7e38a9dad05ad42e0	改訂版 数学B（325）	16	2
d034a7eda6e49ec2b22c5eee94b053c7	地震の計算	86	12
62889e73828c756c961c5a6d6c01a463	【解答】中3数学STEP 第2章平方根/ 第3章二次方程式/ 第4章関数y=ax²	47	4
46c7cb50b373877fb2f8d5c4517bb969	AD-21	1	1
18997733ec258a9fcaf239cc55d53363	解答_第５章相似３面積の比，体積の比２相似な図形の面積の比	1	1
bf38bc61db12651d4c95b9dd9f4691ae	No.13(0828)	17409	91
5e6d27a7a8a8330df4b53240737ccc85	1-1  見えないだけ	5174	59
4a3fd911279cd8bc597fa13222ef83be	改・解答［STEP中2］第4章図形の性質と合同	13933	195
6c29793a140a811d0c45ce03c1c93a28	解答/STEP１年/第３章/１１次方程式	97	8
0a3b6f64f0523984e51323fe53b8c504	シリウス21発展中1英語	42670	112
331cc28f8747a032890d0429b5a5f0e5	⑧１０月１９日	6978	34
831da40e5907987235ebe5616446e083	No.31(0313)	9884	84
510731ac096ebcb3989fb1ed5b7075bb	解答1～20	523	23
f880d0d6a01ba52fcfe6475defc13e0f	準2級　３A　2021年第3回	3	1
36452e720502e4da486d2f9f6b48a7bb	改［STEP中3］第1章 式の計算	41467	343
e04c14a66e1b274695546dc89e1c20ec	1216二次方程式（2 容積の問題）	136	36
ad82140cafe816c41a9c9974e9240b7a	(A1) eCR3-07.The Man,the Boy,and the Donkey/Androcles and the Lion	498	19
75fc093c0ee742f6dddaa13fff98f104	解答_第５章相似補充三角形の重心／演習問題	2	1
c793b3be8f18731f2a4c627fb3c6c63d	６章空間図形(立方体の切断その２)解答例	198	39
a7f0d2b95c60161b3f3c82f764b1d1c9	現代を見るUnit10	6	1
2cd2e570d324ece8ff21b15d1fbe3db3	No.38(0219)タッチペン	27626	110
82aa4b0af34c2313a562076992e50aa3	Bookrollとは？	79	4
4db0f8b0fc895da263fd77fc8aecabe4	2020中3数学春休みの課題解答	72	7
320722549d1751cf3f247855f937b982	第５章相似１相似な図形２三角形の相似条件	43	6
e5732492e9d1ef72fee339a293b2f9e8	Wonderful Balloon Ascents; Or, The Conquest of the Skies	46	4
dc4c44f624d600aa568390f1f1104aa0174	Romeo and Juliet_eCR L8-1	18	2
ecee8e3d2a658757f9b45c209ce3b82d	Footsteps on the Road to Learning; Or, The Alphabet in Rhyme	3	2
a67f096809415ca1c9f112d96d27689b	2019 Word List2	319	17
e5eded351df7f56b0b6f305774bb82a2	28_生徒解答	474	44
9a6a1aaafe73c572b7374828b03a1881	シリウス21発展中3英語	24	3
c1e247e2235eb596c080297d6903cf39	5分間テスト解答No11	3	2
fed976a4672b5ad568fc569efdb02758	250226　３年４章Blineテスト模範解答	224	40
c80d9ba4852b67046bee487bcd9802c0	改・解答［STEP中3］第1章 式の計算	24668	264
b3ba8f1bee1238a2f37603d90b58898d172	SQUIRREL NUTKIN_01000546	121	7
7a614fd06c325499f1680b9896beedeb67	NEW HORIZON 1	14829	20
d1e96978c6935ec01d995b1b8e4d8c33	152q	7	1
29301521774ff3cbd26652b2d5c95996	22w_「二次方程式」週末課題WEB	16814	88
08aee6276db142f4b8ac98fb8ee0ed1b	11_２年数学「図形の性質と証明」週末課題No.11解答例	128	44
5505712229fb1eb500efadddc0353264	青チャート数Ⅱ_第6章 微分法mixR	179	10
ca172e964907a97d5ebd876bfdd4adbd	22-A1-2	4	2
fa28c6cdf8dd6f41a657c3d7caa5c709	青チャート数Ⅱ 総合演習第2部 (問＆解答)	88	1
ea159dc9788ffac311592613b7f71fbb	unit7-2	1497	17
414a7497190eaef6b5d75d5a6a11afcf	Catalog-AlienSeries-L1	27	3
c851a9fd59eb3a9185457daa22f95c96	5分間テスト解答No04	1	1
2cfa8f9e50e0f510ede9d12338a5f564	８章規則性(階差数列)  解答例	549	75
c061abe12b79ffb077e88ecf5e4bcf01	二次方程式「二次方程式の利用11」（関数）解答例	291	58
60aaa4b2fc3fcf6a41c454149ab76592	コネコネコミック	5	2
53e3a7161e428b65688f14b84d61c610	移行用補助教材	77	4
84fc285ce49b9e96fefd21d68ab729c4	A Collection of Beatrix Potter Stories	3	2
0498b76a320aee7c36942926866cfc94	1110平方根・因数分解（問題演習）	3139	115
6e66329891cbb9adb1966e44379cfadf	9-B1-2	1	1
0cd6a652ed1f7811192db1f700c8f0e7	17 Volunteers	2	1
45f31d16b1058d586fc3be7207b58053146	CMT1A1_正負の数《加減》_問題解答	6	2
7a576629fef88f3e636afd33b09e8289	New Horizon 2 Unit 6	641	8
217e342fc01668b10cb1188d40d3370e	(A1) eGCR.VAH1-03.A Real Alien	18515	294
ea8fcd92d59581717e06eb187f10666d	6. 等式の証明～ 8. 不等式の証明 	1497	19
320e4df890a1a620573db8170f39a093	2022数学夏課題「自由研究」1レポートの書き方 	825	96
92ae5cfef57d9ef9a523753e45fc9b0b	［STEP中3］第8章 標本調査	1	1
02f657d55eaf1c4840ce8d66fcdaf90c	(A2/B1) PYPR. 1-06/Trees	709	22
0007cda84fafdcf42f96c4f4adb7f8ce	SA 95	61	4
70d31b87bd021441e5e6bf23eb84a306	2年式の計算Bライン解答例	596	76
0634ac7160d3fd64ddf19bdcbdd401bb	AD 31 Post-Quiz	1	1
554644c0cc70e64757bfdfe8512f90c6	ADorSA 9 Pre-Quiz	6	1
1ce9168a60deae4a994dbd5b2d145699	SA 10 Pre-Quiz	3	1
1dec69fd432365f7affe596a50965e29	04 円に内接する四角形	5028	116
4e46e93a054f94c059e1fa4701f5a892	002q	512	42
6d0f846348a856321729a2f36734d1a7	週末課題17	40	8
80c7c407281e2ea672696a0147d9fb12	09(0628)解答	28	14
85f3375756047fba207ce9b85780313b	1次関数	1	1
38da053032cb4c18a10fe33f871fc2bd	02.1201総合問題（日の入り）解答	4	1
ba3866600c3540f67c1e9575e213be0a	STEP１年/第３章/演習問題	33	8
65ef909bda8e30e4e2bc3ce828ed870e	250226　３年４章Blineテスト問題用紙	238	27
73c83a253e66cb5877f2d7f8beeba07f	第13時 立体の相似	1822	80
ddd9dda6bfaf0bb1525a8a27c3ee6131	解答/STEP２年/第１章/１式の計算	145	10
82599a4ec94aca066873c99b4c741ed8	No.17改	66	13
c3d377d10b13f8b39bf1218a60fe77b1	未来形①	973	18
cc9657884708170e160c8372d92f3535	英語1(1-①)	13896	127
b265ce60fe4c5384e622b09eb829b8df171	L3-1_The Golden Goose_e-future Classic Readers	4	1
cd0dce8fca267bf1fb86cf43e18d5598	6. 等式の証明～ 8. 不等式の証明	1474	18
731c83db8d2ff01bdc000083fd3c3740	STEP１年/第４章/１比例	573	17
95f6870ff3dcd442254e334a9033d349	紙テープを切る＜宿題＞	827	29
69eba34671b3ef1ef38ee85caae6b2a1	The Pied Piper Of Hamelin_lv2	2182	53
9bc09ac880e071ceb1d63cdafdce6e84	地層の問題	41	9
c78b93d4d09ef6235e9d494b3534420e	0129「接線の式」解答	556	73
6b8027f8d0ccac45349d84a80667a0bc	SA 94 Pre-Quiz	1	1
b91a76b0b2fa7ce160212f53f3d2edba	６章場合の数と確率	176	42
d56b9fc4b0f1be8871f5e1c40c0067e780	中2数学STEP　第4章図形の性質と合同/ 第5章三角形と四角形/ 第6章確率/ 学末問題	41	3
c1082e40d6bd5c5d64f2ccb8f73cea5c	冬季英文和訳 問題集	1	1
e6acf4b0f69f6f6e60e9a815938aa1ff	(A2/B1) PYPR. 1-02/I\'m in the Picture	1680	62
daed210307f1dbc6f1dd9551408d999f	No.21(1120)	14	7
9e9a30b74c49d07d8150c8c83b1ccf07	R3_3年夏休み明けテスト 解答用紙	16	8
7f5fc754c7af0a6370c9bf91314e79f4	・テストファイル２	22	2
0b229b5ea84cc5f79dcaf2984efb7e45	学年末演習プリント②	811	15
7f6caf1f0ba788cd7953d817724c2b6e	解答［STEP中3］第4章 関数y=ax2	12634	104
e92c58a6493efcb1f0e995c58a60b620	The Moving Picture Girls in War Plays	58	4
c783eed3cfc1c978fe76e15af007e0d0	0618図形の性質と証明（三角形の角と辺の関係） (1)	1243	62
9e95248d9b714a96f47fd159b4c6e911	32-B1-2	1	1
4756c77f32f14b12aa71e976505e02b5	No.16(1025)タッチペン	2	1
a3a8381281635a1926bd3ea09f29f4d9	0628三平方の定理（角錐の体積）解答例	171	51
e1c1c18c55ad8fad38e352a95bf4192e	３章Blineテスト問題用紙	2098	109
ad551fd8c04785df87b7ae269a20c243	0707三平方の定理（23演習⑤３つの円）解答例	369	93
ddb1b62e0c8c0b8b020fb2a35cee6494	改サクシード数Ⅰ_第３章 ２次関数mix	55	10
ef469da55386b89993b2b644f5ba5140	強調答え	10	4
39d352b0395ba768e18f042c6e2a8621	(A2) eCR5-09.The Gift of the Magi	265	12
9823c9091899dc6f227f9133ba2dfd30	６章空間図形　立方体の切り口の形①	104	25
de86bf257b1445bb65bb6c3c70b7ab24	撰者と首数	1	1
5c843bd82838f70b8321b95e2f1a84ef	準2級 2021年第3回　答え	35	16
07563a3fe3bbe7e3ba84431ad9d055af	解答_第６章円１円３円の性質の利用	5	2
442cde81694ca09a626eeddefd1b74ca	17_３年数Sマンデー1028	11174	38
4738a8f6fab937d899ae9631beab116f	39_週末課題no.39	168	27
773fc3013fec43c958724a25b7dcb360	メモ機能練習用	5471	45
34609bdc08a07ace4e1526bbb1777673	２文字の式	18	7
99be9f83741d1275639df2c1e4d0072f	国語10(3-③)	1	1
66a168785ed58b2b5955cea85954d669	1223二次方程式（各種方程式）解答	235	35
fd2825f3cd6fcd5805f7a294ef86ec98	26_２年数学「平方根」週末課題No.26	26	9
53f0d7c537d99b3824f0f99d62ea2428	2020 後期期末テスト前学習プリント	59	10
f770b62bc8f42a0b66751fe636fc6eb0	外接四角形と内接四角形	21	6
e7f9dc40dc939802b9d479fe0a008a55	現代語訳	9	3
bdc363788b2b48c031bf406cf15aa252	シリウス21発展中2英語_解答	43	6
69dd2eff9b6a421d5ce262b093bdab23	２年数SMondayNo9 (1)	25060	107
123ee944824996433ba17e57e8a227c9	1216二次方程式（2 容積の問題）解答	147	45
d240e3d38a8882ecad8633c8f9c78c9b92	高１ 青チャート/数A/ 第３章図形の性質/ 第４章整数の性質	1	1
662a2e96162905620397b19c9d249781	［STEP中1］第1章 正の数と負の数	111219	416
f75526659f31040afeb61cb7133e4e6d	(A1) eCR2-13.Rumpelstiltskin	984	31
206f6a7ada917912e9389da75d80be3b	令和６年度　全国学力・学習状況調査	864	41
47cefde4d32b696264277d017d91875c	10_一次関数Bライン	365	18
0d98b597aa732aea606bde680c3b57d8	36_週末課題No36	443	46
22f791da07b0d8a2504c2537c560001c	６章場合の数と確率 自己評価シート	10	5
700fdb2ba62d4554dc268c65add4b16e	166q	4	1
9fe4e15b3924b1a78221734d0c063ae7	５平面図形	40	18
9f319422ca17b1082ea49820353f14ab	２年[奇数]２章連立方程式の利用(係数と解・2元1次の整数解) 	8860	50
f6a81f703854985705a0cc479d221282	1024 円の性質「円周角の定理　はじめ」	5095	38
0a409f659e62be4aa3778846ed01deea	The Farmer\'s Boy	125	7
646e69d6e105d351e4e31a2e02a69b0e	04(0517)解答	3	2
b3f445b0ff5a783ec652cdf8e669a9bf	６章空間図形　立方体の切り口の形②解答例	437	69
5b5abc705cc52b743cc9d6ad5fffdfa4	AD 30 Post-Quiz	15	2
ed0e6f99c817e0b50d01e7254971e560	1級 2-2 　2021年第2回	4	1
1a5b1e4daae265b790965a275b53ae50	2019土曜学習保護者案内	21	11
c95fd5284717784f1b6a1b907d33a62b	比例，反比例の利用（垂直に交わる２直線、動点問題）解答例	627	51
6dff2291fe2e822de2e8068a182c4759	25_後期期末再テスト（Ａ液の濃度について）	173	42
08f90c1a417155361a5c4b8d297e0d78	2019二次方程式01_1問題	4971	19
9ac403da7947a183884c18a67d3aa8de87	◆【解答】中２数学STEP １年の復習/ 第１章式の計算/ 第２章連立方程式/ 第３章１次関数	5	3
24a1cf9a5d83d14078a9f41f0a702cb6	２年数学演習課題「二次方程式」計算練習③	1137	114
be7485be5b6eb3690efcbc9e95e8f15a	70q	4	1
138fe4f85c216a7648d1518f17a77637	第12時 平行四辺形	1038	31
8a3363abe792db2d8761d6403605aeb7	CMT2K1_三角形_問題解答	13	2
b02980b0db1585859d77d1f033e23f42	0906演習②過去定期テストより	1833	40
f82798ec8909d23e55679ee26bb26437	改訂版サクシードⅡ 第2章 複素数と方程式 (問＆解答)	1	1
fa2431bf9d65058fe34e9713e32d60e6	STEP２年/第２章/３演習問題	12	3
5e02b868a91671f9140a41f3946f33cb	週末課題no.11	951	59
9518dfaa68111174c238799ce9116e74	夏休みの課題説明	245	36
f0eb6568ea114ba6e293f903c34d7488	ELEMENT UNIT 4 Day 1 (2)	281	45
79e785d63f00348ff360d5a86528580b	Summarize Unit 17	111	10
e798a0d5dea21ef441815910d5943598	0717 関数と図形の複合問題 解答例	52	5
7ffe08e7623a46843e73565ae1618f5b	SA57 answer	1	1
ccd2e3eaa5c991ac880991328c8f1463	2020中3数学週末課題00解答	33	9
c3f7a5ca6fa6409448a99f5a772828a8	１章正の数負の数(四則計算基礎演習)	428	13
f5f3b8d720f34ebebceb7765e447268b	test	5	1
854d6fae5ee42911677c739ee1734486	【教員用】Moodleマニュアル	38	5
0084ae4bc24c0795d1e6a4f58444d39b	数学8(2-④)	14785	116
614416c557d290c3e81571330d44acc6	前期期末テスト前演習（標準）解答	30	9
018a1b6ccd2ec81361657e259155895a	SA 47 Pre-Quiz	1	1
19d19f93a4200dca6148155b8ccc0afd	15-無印-2	35	5
cbb35954885076becb80ddc715b63713	The Tailor of Gloucester	3	2
08780eb9b58091a2d4b81a1af602b617	ペンストローク英作文001	9876	34
6da9003b743b65f4c0ccd295cc484e57	シリウス21発展中2	1546	20
fef56cae0dfbabedeadb64bf881ab64f	The Tale of Mrs. Tiggy-Winkle	83	4
a9dab015b5ebf6fce8c88e0d387c057d	★0516_05正の数負の数(指数) 	91940	122
1977b575ffa6d1708a5e3eb9ccd851cc	AD-20 answer	1	1
6e69ebbfad976d4637bb4b39de261bf7	春課題B（入試問題編）	1417	30
d132c74defa34e9f47fd52b3dc69779c	SA 78 Pre-Quiz	1	1
e1924e8eb73074038bbea5e2a0bffa40	27_生徒解答	283	40
c112115f1c81e4f4b74a738aef045c30	35_２年数学「関数」週末課題No.35生徒解答	168	20
1fb333bc34b8d1f1d1d434f90869367a	1129二次方程式（利用No3）	895	113
e9a53d0ed1816293ef24647c7b33d819	New Horizon 3 Unit 6	1640	98
71560ce98c8250ce57a6a970c9991a5f	191217 朝リスニング	1370	231
810dfbbebb17302018ae903e9cb7a483	21_前期期末数学	626	26
9246444d94f081e3549803b928260f56	763_円柱と6つの球	29	10
0c0a7566915f4f24853fc4192689aa7e	中3_3月_受動態（発展）など_スタンダード_添削問題解答	12	1
35cf0f704286108deb76366a16415140	0214_規則性演習プリント（等差数列）解答例	2	1
69c418c33ec2e1a4267fa9bb77fa1428	0501＿１次関数「回転体の体積」	1207	38
197f76fe309657064dbec74d9eea4be4	［STEP中3］学年末問題	1	1
22c432f46fd86e1be5bc4429282eb65d	11_週末課題no.11	323	47
ae78510109d46b0a6eef9820a4ca95d6	ごみについて考えよう	1381	9
497476fe61816251905e8baafdf54c23	解答［STEP中3］第2章 平方根	1	1
d26e5e36c1b0b620407eadabb6c0c5c2	２年数SMondayNo1 	61	6
c6943e764b46c1c95fa6dd19904a055d	１年総括(カスタマーバーコード)解答例	72	14
44c4c17332cace2124a1a836d9fc4b6f	20_円の性質	10	4
1e3b21cb226c39b6aa4634f820b372f3	国語課題③	30902	128
47a5feca4ce02883a5643e295c7ce6cd	Peter Rabbit	90	4
a3eb043e7bf775de87763e9f8121c953	【解答解説】中3STEP 第3章 ２次方程式 第4章 関数y=ax2	200	4
032d9c7d8705c3fde20e0df93c132203	解答例	2	1
af4f00ca48321fb026865c5a1772dafd	1124解答二次方程式（利用No1）	342	70
07401aaff3da03b55ec7be2c6a6e5691	いろは歌	11	4
4bd6a600d4cb755c07712c599a95da2b	AD 3 Pre-Quiz	184	4
c366c2c97d47b02b24c3ecade4c40a01	21_３年数Sマンデー1125	11617	25
a6b8deb7798e7532ade2a8934477d3ce	New Horizon 3 資料編	244	35
fae0b27c451c728867a567e8c1bb4e53	2019　1年生　スピーキングテスト　英語　質答	474	20
883a8869eeaf7ba467da2a945d7771e2	春課題B（入試問題編）	12145	109
93d65641ff3f1586614cf2c1ad240b6c98	高２ 青チャート/数B/ 第１章 平面上のベクトル/ 第２章 空間のベクトル	2	1
11b921ef080f7736089c757404650e40	解答/STEP１年/第１章/５演習問題	2	1
496cd8b01b0600a185e6156487bf96ed	No.12(0922)	24601	107
1c65cef3dfd1e00c0b03923a1c591db4173	BENJAMIN BUNNY_01000548	84	3
3b036b877a6a074d7dbfc706fe868c1d	二次関数2 「回転体の体積・二等分する直線」	790	59
82cadb0649a3af4968404c9f6031b233	19_３年数Sマンデー1112	12316	38
e6a88d08e6f74bd95b169002762b1841	No.20(1113)解答	27	14
4ecb679fd35dcfd0f0894c399590be1a	Ethan Frome	64	7
edcdaad57f7f4a4d3826728f009bcf24	AD 41 Pre-Quiz	1	1
db923d713a51808b16056e2469deb034	ELEMENT U3 Scene③④	4983	42
735143e9ff8c47def504f1ba0442df98	道徳3(3-①)	3425	100
28bda53c86d37e275a3ebfdc113b1f59	２年数SMondayNo21-２回目	18487	108
d6f8d124087ad4c23fe66b89b7893523	SA 27 Pre-Quiz	1	1
25989f1da5598dd89e7134affeca8697	0709_09不等式（2つの不等式）	5528	41
3f258712c3ba708ba78a60afde94352a	0228二重根号	5	2
77d2afcb31f6493e350fca61764efb9a	式の計算演習プリント（代入）解答例	221	59
38d6996f11a4b0f404d4219625ca24c2	0119「定義域・値域の習熟を図る」	2083	118
a1f0cf94512f963e5ed4edd9af70e2cc	Debug	3135	16
c831e9b5f6c9bab6b23c26c2dab2a29c	44-B1-2	2	2
db8e1af0cb3aca1ae2d0018624204529	未来へひろがる数学2	2	1
767a40871fcc018629b26f3a9ff39e19	２年数学演習課題「二次方程式」計算練習②	719	114
7750ca3559e5b8e1f44210283368fc16	20_円の性質解答用紙	8	3
ec1f850d934f440cfa8e4a18d2cf5463	(A1) eCR/S-19.The King with the Golden Touch	459	18
3ee99048971f0284e4c36e56c2502977	1年生サマサテ課題2	46	5
d3d80b656929a5bc0fa34381bf42fbdd	(A2/B1) eCR7-17.The Devil and Tom Walker	203	12
1ddff078b3f82840160690da08b194ca	総復習01_因数分解	4793	120
7009013ce4f4fe6dee54211571cc3198	2.比例，反比例の利用（垂直に交わる２直線、動点問題）	1112	40
b5a1fc2085986034e448d2ccc5bb9703	サクシード数Ⅰ_第３章 図形と計量	12	4
f7f3bfce09a3008d185e1775549ec2d2	0621 場合の数と確率「『樹形図』を用いた確認問題」	28	13
7d95c1c55d84afc81845d9fb25c0cc0c	0606 R6 2年英語 前期中間テスト	3	1
8965f76632d7672e7d3cf29c87ecaa0c	testpdf	84	37
88ceeb0496aa9e60b4b6b6a5dafe3648	3章 7.方程式・不等式　「いろいろな方程式２」　難問　解答例	637	69
d41b5422b44a34d123006225fd1d3484	21(1122)	16	6
8e2cfdc275761edc592f73a076197c33168	The Railway Children_eCR L10-1	4	1
32e54441e6382a7fbacbbbaf3c450059	第19時 メネラウスの定理・チェバの定理	162	21
88ef51f0bf911e452e8dbb1d807a81ab	英語絵本の借り方 ー マニュアル	2	1
8fe6833df81e224e08ce9be4abfa89a0	AD 14 Pre-Quiz	3	1
f3067d687ee39c3cbfa75573457e479d	改・青チャート数Ⅲ 第6章 微分法の応用 (問＆解答)	1423	18
619427579e7b067421f6aa89d4a8990c	前期中間テスト問題用紙　数学	84	8
a036718538bef589e491d3f0c034f082	25_３年数学「平方根」週末課題No.25	29	8
f76a89f0cb91bc419542ce9fa43902dc	02_前期中間数学Ｓ	8	3
28f0b864598a1291557bed248a998d4e	STEP１年/第１章/３乗法と除法	11	4
2c89109d42178de8a367c0228f169bf8171	MRS.TIGGY-WINKLE_01000550	137	2
25ef0d887bc7a2b30089a025618e1c62	(A1) Reading Along Series 1-04. To Work (Book + Hybrid CD)	1340	96
a03fec24df877cc65c037673397ad5c0	第4時 資料1　交通事故のデータの一覧表	50	20
96ba4a06bae961abbfb783d9d715150c	0303包絡線	8	3
82965d4ed8150294d4330ace00821d77	QMT5R2_数列２_H問題解答_rgb	1	1
a9078e8653368c9c291ae2f8b74012e7218	GLOUCESTER_01000547	4	1
fdf1bc5669e8ff5ba45d02fded729feb	(A2/B1) eCR7-13.The Time Machine	750	20
dab1263d1e6a88c9ba5e7e294def5e8b	SA-22	1	1
dfae769c739093f5225cecaf4d5a612f	01-WH　解答	2	1
9dd943b1d5882bf90d9eb60a277f0316	0917 ６・７章Blineテスト模範解答	268	40
94841421fb5e84a4d83e303949e6b211	30_図形の性質と証明Bライン	464	28
f9e70773c750b0b4ef0b7b2a0b07fe67	２年数SMondayNo4(0526)	5944	39
f29b38f160f87ae86df31cee1982066f156	QMT4K1_図形の性質_S問題解答_rgb	21	1
ec26dcdc2dd4deebfc38610ebe2ef318	SA34 answer	1	1
db90f689b1567600818428ca3dfc88a3	解答1～20	821	31
afcb7a2f1c158286b48062cd885a9866	0529宿題（図形の調べ方）	2292	39
402b0702500cd47ff36e689465afd783	平方根　解答解説	109	4
ce758408f6ef98d7c7a7b786eca7b3a8	(A2/B1) PYPR. 3-07/I\'m Sorry	225	14
ad185a320a9c8af2e25d53ef7cbacd4f	07_後期中間数学再 	144	25
71e9c6620d381d60196ebe694840aaaa	0707三平方の定理（23演習⑤３つの円）	465	86
73d4d7b15bfefa13c4a035fa16bb99ed	SA65 answer	1	1
4fdbe57fbc8d940f3492416c169b0073	0309二重根号	605	78
2c5a6c94ba9dea2c9a656407e1b9bd8c	第21時 Bライン振り返り	1689	87
8744cf92c88433f8cb04a02e6db69a0d	48-B1-2	1	1
a43bf030e75e0614616467f596075f14	1128平方根（発展課題）模範解答1～５	155	24
6d70cb65d15211726dcce4c0e971e21c79	◆中３数学STEP  第５章相似/ 第６章円/ 第７章三平方の定理/ 第８章標本調査/ 学年末問題	7	3
052335232b11864986bb2fa20fa38748	小学5年生　たしかめシート	16	2
1019c8091693ef5c5f55970346633f9288	◆【解答】中１数学STEP 算数の復習/ 第１章正の数と負の数/ 第２章文字と式/ 第６章空間図形/ 第７章資料の整理/ 学年末問題	25	4
4e0ccd2b894f717df5ebc12f4282ee70	7.8章Blineテスト+冬休み明け　解答用紙	843	62
2edb343575be23ac74ebc110948bb693	新課程版サクシード数C 第4章 式と曲線	3470	30
a00e5eb0973d24649a4a920fc53d9564	22_３年数Sマンデー1204	4856	37
4baf54f36935058bcc696fcef3f4689b	国語14(4-③)	4486	105
db8e1af0cb3aca1ae2d001862420452982	未来へひろがる数学2	17826	24
9167d3136c6495ed5e73160749d32625	0708 2年5章Blineテスト問題用紙	4	1
8171ac2c5544a5cb54ac0f38bf477af4	AD 3 Post-Quiz	87	2
350a7f5ee27d22dbe36698b10930ff96	12_週末課題no.12	273	45
354680832fcea7e2b7057a5ac2c489f8	AD39 answer	1	1
4558dbb6f6f8bb2e16d03b85bde76e2c96	青チャート　数 I　第3章　図形と計量	1	1
3d191ef6e236bd1b9bdb9ff4743c47fe	10_一次関数Blineテスト解答	1533	102
914101ec47c52b48a7b6ccc6f5a76f1f	09_後期期末数学再	80	17
846c260d715e5b854ffad5f70a516c88	Unit2-3　他己紹介　生徒B	1143	13
a486cd07e4ac3d270571622f4f316ec5	【数S Monday】20191216実施19「二次方程式2」	3326	18
375c71349b295fbe2dcdca9206f20a06	内接四角形の面積1017解答２	2286	38
0c048b3a434e49e655c1247efb389cec148	CMT1J1_平面図形_問題解答	121	1
6271faadeedd7626d661856b7a004e27	(A1) RT06-There\'s No One Like Me!	1224	49
537d9b6c927223c796cac288cced29df	◆【解答】中３数学STEP １、２年の復習/ 第１章式の計算	5	2
d7e77c835af3d2a803c1cf28d60575bc	211111不等式の証明①	4723	45
53c6de78244e9f528eb3e1cda69699bb	(A2/B1) PYPR. 4-08/Desert	30	4
1be883eec3231f9fe43c35bd1b4b3bb5	The Unquiet Grave	38	5
4c12343400ce0c1454ad4bc3860602b9	５分間テスト05	17	8
1ff8a7b5dc7a7d1f0ed65aaa29c04b1e	松谷元嗣	15	5
f5e62af885293cf4d511ceef31e61c80	NEO現代を見る-Unit 17	670	47
d27bf4d538d65711468835f9daef576e	春課題A（３年生になる前の確認編）	6695	123
5e9d17e41f784ae361ada1d0817186f6	改・青チャート数Ⅱ 第5章 指数関数と対数関数 (問＆解答）	3093	38
a5f2b2528bd068e1643b5ec310cd5d8c	R5 冬休みの演習課題（解答）	3352	39
fba9d88164f3e2d9109ee770223212a0	30_三平方の定理	210	14
319e33a217f7368ff7ceef7731ccf024	サクセスコーチ英語1年（本冊）	33781	99
9824f9c1543628a85bb51d2dd6fcf8a3	20200302学年末考査②問題+解答	3549	95
88a199611ac2b85bd3f76e8ee7e55650	発表会感想入力シート	4122	20
f74909ace68e51891440e4da0b65a70c	10_図形と相似	62	10
2080dd731c0a27c6944f58acae270b81	1029 ３年１章Blineテスト模範解答	2	1
2ed80f6311c1825feb854d78fa969d34	不等式②	169	8
4b0250793549726d5c1ea3906726ebfe79	【解答】中2数学STEP　第4章図形の性質と合同/ 第5章三角形と四角形/ 第6章確率/ 学末問題	14	5
c97123ea1dcc3807e91be30b3fa0c2de	R 4全国学調中学数学＿幾何	5	1
c11cb55c3d8dcc03a7ab7ab722703e0a	平方根「平方根の利用３」式の値・ガウス記号 	92	34
72e0ac3a885b78926065a979b6a46206	L01_Scene12	1973	52
7856b5ed39600c48efbf2e40576e1345	教員roleテスト	14	4
477b02d99dd6c00c5ba852bb9a9e1f6c	5月22日英語週末課題(No.37) 	820	64
3946bb00df4eebe135aa471d36e6ef68	No.21(1129)後期中間②	23698	112
bb44c2e24438b59f0d2109fec67f6b20	SA 30	15	2
45efa623f6111a5e410641c6b86c85ea	05 接弦定理 解答	291	47
62d081df1f0040acd58bcfd3c3040fc1	SA-10	1	1
219ece62fae865562d4510ea501cf349	SA 89	3	1
62db9e3397c76207a687c360e0243317	09_週末課題no.9	109	23
8cb22bdd0b7ba1ab13d742e22eed8da2	解答_第５章相似１相似な図形１相似な図形の性質	6	3
9f44fdee15143bbb809e516cecc658e9	R6_2年夏休みの課題説明	975	105
1373b284bc381890049e92d324f56de0	サクシード数A_第１章 場合の数と確率	90	14
6786f3c62fbf9021694f6e51cc07fe3c176	L6-10_The Prince and the Dragon_e-future Classic Readers 	60	6
1aa3d9c6ce672447e1e5d0f1b5207e85	The Faithful Ghost	87	9
89abe98de6071178edb1b28901a8f459	GW中の課題（問題）	22450	126
cdcc686a434d09ed24e4b736d593858f	02-WH　解答	8	3
be100b06aa2c4c5164f9f1c4a4fe2781	No.14(0904)解答	32	11
24917db15c4e37e421866448c9ab23d8	STEP２年/１年の復習	71	7
b710915795b9e9c02cf10d6d2bdb688c	発表会感想入力シート	4053	19
f6e673b2ec10fe5019309e1a056a15c2	R6_1年冬休みの演習課題（解答）	14498	122
3ea8c365d30ea085436ac4011b6a86e5	1209_01式の計算（三角数と四角数）解答例	472	60
999600eb275cc7196161261972daa59b	20200123 三角関数グラフテスト	9	2
6eec765ffa292bcccdc000289cefe64c	第12時 円の性質	1940	77
4e506257166306736b63d7e6c9f6d693	GW課題（解答例）	1044	39
da0b566359c3862f20b5072c3d49bd0f	ひとつ前のバス停で降りたほうが早い？	42	14
b197ffdef2ddc3308584dce7afa3661b173	L1-1_The Fox and the Stork_e-future Classic Readers	151	6
65fc9fb4897a89789352e211ca2d398f	(A2) ACS.27-King Thrushbeard	273	12
a01ef14cfea1aaacee576832f80ab8da	08.1220総合問題（算額）解答	2	1
6786f3c62fbf9021694f6e51cc07fe3c165	L6-10_The Prince and the Dragon_e-future Classic Readers 	23	1
5e34a2b4c23f4de585fb09a7f546f527	Jigsaw Activity 芳賀3,4組　Element U9	10	4
d5ff135377d39f1de7372c95c74dd962	test_nakanishi2	48	9
96da2f590cd7246bbde0051047b0d6f7	aritoshi test	23	4
5878531649e31dd68c52529e00059976	５分間テスト06	23	10
2d5d4cf93ccf992b3fe617b32b8296a3	R4「自由研究」1レポートの書き方 	88	17
439fca360bc99c315c5882c4432ae7a4	01_春休み明けテスト	17	2
acd9bdac8824615154e7f1868f29acf6	表示 test	30	4
b27c40f1f7fb35fcf65d89dc29748e29	総復習テスト③解答用紙	464	89
2d2c18c1aaeac9fcc028dd14f4c074ce	Level 2_2	2	1
f337d999d9ad116a7b4f3d409fcc6480	サクシード数A_第３章 整数の性質	20	4
e00406144c1e7e35240afed70f34166a172	The Adventures of Sherlock Holmes_eCR L11-2	26	2
8ad56037830fcf5c6396aa69b1c252d0	20_週中課題No20	118	34
4558dbb6f6f8bb2e16d03b85bde76e2c51	青チャート　数 I　図形と計量	199	16
786f2d0acade1787dacb21cac85d099c	0526円の性質（接弦定理）解答例	193	62
f2e84d98d6dc0c7acd56b40509355666	R02夏休みの課題プリント解答例	31446	124
2eace51d8f796d04991c831a07059758	05_後期中間数学	43	10
56e1930307652e14afbc3e75b8e54bdd	EEQ2019part1 a-e1202シートは18まで２	9	3
8295ef3608eee6550ef7ef27d4000177	32_２年数学「関数」週末課題No.32	12	8
a8e0614f304631badb289376e7354d33	07_後期中間数S解答例	260	36
aa486f25175cbdc3854151288a645c19	解答/STEP１年/第５章/１平面図形	8	4
6097d8f3714205740f30debe1166744e	211125座標平面上の点に関する公式	46	35
9bb6dee73b8b0ca97466ccb24fff3139	2019二次方程式_文章題4「割合問題」	7000	19
9111aa5bef3f0de7ffb46447f0fe687c	02 三平方の定理の逆 解答	203	32
48000647b315f6f00f913caa757a70b3	２年数SMondayNo3 	18299	112
d7619beb6eb189509885fbc192d2874b	test4	2	1
56d33021e640f5d64a611a71b5dc30a3	221124後期中間考査範囲	293	75
348a38cd25abeab0e440f37510e9b1fa	学年末演習①	7	3
109f91266ef89cc3690079b28abfe9a3	22_前期期末数学Ｓ	53	12
e19347e1c3ca0c0b97de5fb3b690855a	test	104	7
9958517b2a48851d2ada1c76c88cfc56	第8時 座標平面	346	71
04025959b191f8f9de3f924f0940515f	2019_STEP演習中学数学2_4章「図形の調べ方」1問題	64	9
7abdfbd11b37a9f822fb1ffefb860a31	徹底演習テキスト中1理科［問題］	2	1
c1722a7941d61aad6e651a35b65a9c3e	SA 12 Quiz	2	1
e17a5a399de92e1d01a56c50afb2a68e	SA 63	25	2
d736bb10d83a904aefc1d6ce93dc54b883	◆中２数学STEP １年の復習/ 第１章式の計算/ 第２章連立方程式/ 第３章１次関数	16	2
36660e59856b4de58a219bcf4e27eba3	週末課題04	107	33
b105e5a192f80ef3ec4ee4756af089a3	［STEP中1］第7章 資料の整理とその活用	4	2
b66dc44cd9882859d84670604ae276e6	春課題A途中式あり解答（２年生になる前の確認編）	358	28
c333bad2a8b45d3c30902945bd98f699	No.13(1006)	17627	109
e96560b68b0d11e80e48fb30b5f8b01d	【解答編】シリウス	3826	25
65d90fc6d307590b14e9e1800d4e8eab	２年２章連立方程式の利用(仕事食塩水)	957	63
3d773b5ce67533d1b5b52d9b57936860	0922総合問題（7てくてくスケール）解答例	31	12
07d2c6fd5472b9796184e152bd92a535	AD-9	3	1
8e98d81f8217304975ccb23337bb5761	面積の比	33	11
cec6f62cfb44b1be110b7bf70c8362d8	【数S Wednesday】20190925実施11「展開」	3265	20
301ad0e3bd5cb1627a2044908a42fdc2	テストです	28	5
63923f49e5241343aa7acb6a06a751e786	未来へひろがる数学1	64707	24
532923f11ac97d3e7cb0130315b067dc	22_週末課題no.22	141	27
44680b5f7cefd57a0e580cfc11a9308f	0301包絡線解答例	144	37
1458c6647dbf7cca56dff7bfe0576ebb	No.17(1101)6-1	29345	111
0fd7e4f42a8b4b4ef33394d35212b13e	007q	286	8
451ae86722d26a608c2e174b2b2773f1	No.12(0912)	5	2
1f5f6ad95cc908a20bb7e30ee28a5958	展開・因数分解練習問題解答	876	21
a1bcb47486d5abaeabf8fc1d64abe62b	5_1規則性演習プリント（大学入試問題に挑戦）	1211	110
e1241d1b9692c1e9f4ebbf6896f0e33e	No.31	42	20
9c95b619adf1ca8e4a3468f832fa2a06	おくのほそ道	32	16
3b712de48137572f3849aabd5666a4e3	test pdf	103	4
731b03008e834f92a03085ef47061c4a	第11時 面積比	1087	52
ae2a2db40a12ec0131d48acc1218d2ef	改［STEP中2］第1章 式の計算	36491	316
b0b183c207f46f0cca7dc63b2604f5cc	Unit1-3	46	17
142536b9b535b78e681c11b0195d962f	改訂版サクシード数Ⅱ 第3章 図形と方程式 (問＆解答)	57	1
1e5ae5c4ebcc2cadb8a09909f3731c35	古文	9	4
fb03a0f2f5d94af4a5c0890fff0ef6e0	Practice Problem Sample 	28	1
8248f16fa738b0bfe6013edf69d873bf	R6.No.12(1118)	23986	118
08c5433a60135c32e34f46a71175850c	2019_STEP演習中学数学2_5章「図形の性質と証明」1問題	99	10
72da7fd6d1302c0a159f6436d01e9eb0	解答_第７章三平方の定理２三平方の定理の利用２空間図形への利用／演習問題	102	21
6caf88727c2cacf39df54ecc2f53de65	w11_0612「三平方の定理」	10715	83
38a77aa456fc813af07bb428f2363c8d	国語６（２－②）	7376	102
24ec8468b67314c2013d215b77034476	UNIT0-1	5780	30
9ba196c7a6e89eafd0954de80fc1b224	BasicPart1_p22-63	70	3
7c33e57e3dbd8a52940fa1a963aa4a4a	８章規則性(階差数列)  	2395	120
97e48472142cfdd1cd5d5b5ca6831cf4	７資料の活用	170	60
575afbdca5a101e3088b2b6554398b0c	ごみについて考えよう	467	10
a8eaf88e26451020bf62ab0bc441ec13	ADorSA 19 Pre-Quiz	1	1
42547f5a44d87da3bc40ee5d09624606	Huckleberry Finn	50	3
234dd9e577ac5892481bc60663ffa405	2章 文字の式	617	64
20c86a628232a67e7bd46f76fba7ce12	1-2  アイスプラネット	7015	66
5e6bd7a6970cd4325e587f02667f7f73	2020 後期期末テスト前学習プリント	74	6
838e8afb1ca34354ac209f53d90c3a43179	MR.TOD_01000558	15	1
c2155acc6d5bcda7debfb19c3abef4af	No.4(0508)解答	44	5
394868456436dbe743e4380554c0493a	改サクシード数Ⅰ 第1章 数と式mixR	9172	113
b2eb7349035754953b57a32e2841bda5	面積の比	47	9
244edd7e85dc81602b7615cd705545f5	NEO現代を見る-Unit 13	999	81
d693d554e0ede0d75f7d2873b015f228	Is Your Healthcare Provider Ripping You Off	22	1
1cd138d0499a68f4bb72bee04bbec2d7	(A1) eCR2-20.East of the Sun and West of the Moon	642	22
aaf9290b7570c56dd784f192425658d4	Pleasing Poetry and Pictures: For the Mind and the Eye	57	3
fe434d59c38fffae98f97529fe6f07c6	1121 2年後期中間テスト(数学)問題用紙	541	32
0e999d31b23f3f89049b91cc014296c8	AD 24 Pre-Quiz	4	1
31917677a66c6eddd3ab1f68b0679e2f	SA-24 answer	1	1
d820bff1a819b19022b3ceee86a3c13a	Landscape and Song	12	3
ad7bdcafbea74680e11d25162a145507	3級　３B　2022年第1回	14	3
69d1fc78dbda242c43ad6590368912d4	20_３年数Sマンデー1118	14349	29
1a9dcba2349fef2bb823c39e45dd6c96	６章空間図形(正多面体)	6145	101
dd14656b73fce3fc005bc64da1926cc4	No.41(0312)タッチペン	40004	102
766ebcd59621e305170616ba3d3dac32	63_接弦定理	27	7
972cda1e62b72640cb7ac702714a115f	因数分解（高校入試）20211005	369	109
0996dd16b0020a17a26b94f4675fd3da	70_二次方程式Bライン	434	39
4c07fe24771249c343e70c32289c1192	ごみについて考えよう	3	1
f0dd4a99fba6075a9494772b58f95280232	中3_6月_不定詞と形式主語など	2	1
709f5f3e2479cb21f8f3976dbb3ebd53	14.0131総合問題（ホールケーキとカップケーキ）解答	22	12
45f6a4a57549a5720dfdcdf643c78b83	No.1	152	18
6c8dba7d0df1c4a79dd07646be9a26c8173	The Little Prince_eCR L9-1	29	1
cf004fdc76fa1a4f25f62e0eb5261ca3	6月学年だより	10	1
691f73fdf1c5edeb3f600c515715a358	SA 24 Post-Quiz	1	1
23ce1851341ec1fa9e0c259de10bf87c	761_早稲田大2013スポーツ科学数学第５問	37	9
1896a3bf730516dd643ba67b4c447d36	SIPプロジェクト代表挨拶 緒方広明教授	167	7
99bcfcd754a98ce89cb86f73acc04645101	Z会問題_高校	4	2
34b99cc2f738d8a132faea2e0cc4c13b	7_三平方の定理テスト解答	77	32
9ed9328611fe3f45b3cce8ffe386ee97	現代を探るUnit17_P36	1	1
17fafe5f6ce2f1904eb09d2e80a4cbf6156	QMT5F1_三角関数_H問題解答_rgb	44	1
1f8c4b6a0115a4617e285b4494126fbf	AD 41 Post-Quiz	1	1
8ff3fdef6f5144f50eb2a83cd34baa5d	SA 26	5	1
8682cc30db9c025ecd3fee433f8ab54c	10_一次関数再解答例	181	15
e32c51ad39723ee92b285b362c916ca7	2020中3数学週末課題22解答	32	8
1c65cef3dfd1e00c0b03923a1c591db4	BENJAMIN BUNNY_01000548	8	1
634b9206656831123c8782279320a0a5	0117_連立方程式の利用(工夫した解法)	5296	77
178728084dbe3f5e712280f0170457d8	An Alphabet of Celebrities	46	4
5faa4ad014bbddf9ae4006a0f03085e0	0212 関数y=ax2「線分の比」解答	2	1
bdffc7973c9f8f88ab4effb397c59f92	ADorSA 22 answer	1	1
fccb3cdc9acc14a6e70a12f74560c026	2019　1年生　スピーキングテスト　更に練習②　英語の答えのみ	26	11
42e7aaa88b48137a16a1acd04ed91125	解答_第５章相似補充三角形の重心／演習問題	9	4
0a65e195cb51418279b6fa8d96847a60	週末課題no33解答例	32	14
5487e79fa0ccd0b79e5d4a4c8ced005d	リバーシ　～黒（先攻）は本当に有利なのか～	225	15
598a90004bace6540f0e2230bdc47c09	［STEP中3］第6章 円	1	1
8d55a249e6baa5c06772297520da2051	移行用補助教材	147	13
92a0e7a415d64ebafcb16a8ca817cde4	test	1	1
bfbb56bee68d99affaa64f189045d5f2	数学4(1-①)	11019	118
7f7ed8ecfca9e17696ff654508efd86a	22_前期期末数Ｓ解答例	7	5
c559da2ba967eb820766939a658022c8	14_３年数Sマンデー1008	14981	38
9cc25407f209e031babdac7d3c520ccb	04 BENJAMIN BUNNY_01000548	64	3
a0833c8a1817526ac555f8d67727caf6150	QMT4A1_数と式１_H問題解答_rgb	2	1
d2361d07d9f4dd38dd802a5e917176a3	まるまるリスニングBOOK_解答	2036	44
bad1243bb55ded10b82e6e9b33321897	0208_データの活用(確率の意味)	14880	115
1f029c1e1abaaf0605807b7f91552d36	［サクシードⅡ］第3章 図形と方程式	1	1
2ba8698b79439589fdd2b0f7218d8b07173	TIMMY TIPTOES_01000556	11	2
83f2550373f2f19492aa30fbd5b57512	解答/STEP１年/第５章/３円とおうぎ形	179	15
5f0f5e5f33945135b874349cfbed4fb9	STEP１年/第３章/１１次方程式	262	14
7ae11af20803185120e83d3ce4fb4ed7	国語課題⑨	55024	124
b4288d9c0ec0a1841b3b3728321e7088	2019　1年生　スピーキングテスト　更に練習①　英語の質問のみ	163	20
5e84f634a68177313f944b18a1a2a745	04.1003総合問題（因数分解）	501	47
2ce936697d47f1f420dc6eb29b546e1c	古文	1	1
9afa24d3da745fd5606e7d710a0763eb	二次方程式のいろいろな復習	243	39
a36b0dcd1e6384abc0e1867860ad3ee3	(A1) RT16-Little Car	1337	52
4462bf0ddbe0d0da40e1e828ebebeb11	【解答解説】青チャート　数Ⅰ　第３章 図形と計量	42	11
905056c1ac1dad141560467e0a99e1cf203	JEMIMA PUDDLE-DUCK_01000553	7	1
28498620653e59a7e22c2b50748e2766	0902標本調査（2批判的思考）	148	68
058d6f2fbe951a5a56d96b1f1a6bca1c	(A1) eCR/S-03.The Fox and the Grapes	1264	34
fe2b421b8b5f0e7c355ace66a9fe0206	5分間テスト解答No01	29	13
b47767f992ce8624345aca182b76b202	２年数SMondayNo32(二次関数）	9210	41
dfa92d8f817e5b08fcaafb50d03763cf	【練習用①】２年数SMonday模擬テストNo①	1151	20
52c670999cdef4b09eb656850da777c4	６章空間図形(立体の体積)	1193	60
4f8bc5ac1dc2b49434efe9e72f183de8	12_文字の式再々解答例	407	65
e48e13207341b6bffb7fb1622282247b	QMT5L1_図形と方程式１_S問題解答_rgb	1	1
6b339b7d02cfba0555465b5af99b37de	29_３年数学「R4西京入試」週末課題0124	49	7
7884a9652e94555c70f96b6be63be216	Lesson10 Playing the enemy 入力用	43	3
a9a1d5317a33ae8cef33961c34144f84	63_接弦定理	130	9
e51ada1e23f810eb1b51a18bb6825f85	R6.No.17(1223)	34714	114
99cd3843754d20ec3c5885d805db8a32	w40_0206「二次関数」	15065	87
82161242827b703e6acf9c726942a1e4	手塚かよ	12	5
6b3c49bdba5be0d322334e30c459f8bd	0627三平方の定理（共通接線）	427	110
c344336196d5ec19bd54fd14befdde87	0430解答一次関数の利用（3直線が1点で交わる）	6	1
a47cc7b881ce40bc6ba3e71d5d47fbf1	The garden as a picture	526	11
bb01f00daaeac676313d2031dfd1e419	春課題B（入試問題編）解答例	16123	119
46489c17893dfdcf028883202cefd6d1	第6章&第7章B-lineテスト模範解答	13	1
18a010d2a9813e91907ce88cd9143fdf	６空間図形	220	69
597073e68fcefaa6bdf39ca6b399c28c	R5 冬休みの演習課題（解答）	3682	41
598dc7d51e0cd7774c3484067198da82	0701_04方程式 (規則性仕事量)	70671	115
9b4192ee086949047cfc64d86d895c2e	01-WH　解答	8	1
81c2f886f91e18fe16d6f4e865877cb6	(A2) ACS.19-The Happy Prince	509	25
d958bc7285c14d6f775973d6d723d17b	えもいわずの意味は？	9	2
ad8e88c0f76fa4fc8e5474384142a00a	(A1) RT36-Crossing the Road	710	30
333222170ab9edca4785c39f55221fe7	【解答解説】青チャート　数Ⅰ 第１章 数と式	1	1
a5ae355fbd0de73bbc8ab3da0084a3a8	No.5(0522)解答	162	3
cd3afef9b8b89558cd56638c3631868a	2019二次方程式_文章題5「食塩水問題」	1047	5
cc5f52c98723a2349c97bfe4c00fd799	改・青チャート数Ⅰ 第2章 集合と命題（問＆解答）	156	12
e77db99f963f25326605bcf75f3eb130	第1時 事件の増減	61	24
4664965ba7a274dfbd20c33b5d05f253	漢字の由来	21	1
21bf78373135b9673366fae7f6ddddeb	12-WH 解答	172	88
77ae1a5da3b68dc65a9d1648242a29a7	4章Blineテスト模範解答	177	39
a3a89f19fc737ce09f1401942754ccba	The Tale of the Flopsy Bunnies	3	2
4734ba6f3de83d861c3176a6273cac6d58	NEW HORIZON 2	19185	22
2b38c2df6a49b97f706ec9148ce48d86139	CMU2M1_差がつく！中２数式関数_問題解答	2	1
a9078e8653368c9c291ae2f8b74012e7173	GLOUCESTER_01000547	34	1
63ab39b143493b832ee4e0a5746306ce	No.30(1211)タッチペン	28808	108
1271a7029c9df08643b631b02cf9e116	未来形①	2620	26
16b5e60b803fb3925ea88833ff398caf	05_2年数学週末課題「一次関数」No.05生徒解答	74	10
ea9b6cd30546ce1e20bd2f6df7e82e64	Level 1_1	177281	232
f892447540d0e840049183faa3109b1b	SA 32 Pre-Quiz	1	1
2c60e40b399dc55d8b755ec6b5d09f8a	「ふるさと」２年	4	1
79a49b3e3762632813f9e35f4ba53d6c	2019 Word List1	601	19
1d02e76acf9122a892c8143cd6cb6222	新課程版サクシード数B 第1章 数列 (問＆解答)	91069	300
2290a7385ed77cc5592dc2153229f082	STEP１年/第４章/１比例	781	20
eedc6ed006e6f49a7010013cc1fd8a3f	３年数SMondayNo32	19	6
1c628154a44069042e4b326df79fd38f	1024 円の性質「円周角の定理①」	11348	120
bd853b475d59821e100d3d24303d7747	3年8章「標本調査」章末まとめ1	152	13
e1e32e235eee1f970470a3a6658dfdd5	週末課題09	29	6
3b745f046957f6b3ea1b037370023dc4	R6.No.6(0624)	51156	120
912578cebd95b3483921959730de49f3	★二次関数「面積二等分の習熟を図る」	91513	92
64fbd809686715480c30159fa7d89d85	第15時 三角形の重心	6652	80
f827b5406c7aa5b4fe10062ae06a137b	0606 R6 2年英語 前期中間テスト	2	1
158f3069a435b314a80bdcb024f8e422	第５章相似２平行線と線分の比２中点連結定理	6	3
1eee58f7a5d6bd6df171b1d131acd79a	第1時 円周角の定理	151	19
0a2a51dac6138826127f093500461d91	No.98-100	40	12
b060700f0a542a147685180b143ad61e	w22_1001「三平方の定理」	3868	41
d1a143e596968b69cf21ce65f88b6159	10.1213総合問題（ﾚｲﾝﾎﾞｰﾌﾞﾘｯｼﾞ／速度と所要時間／前期選抜）解答	1079	62
5b8add2a5d98b1a652ea7fd72d942dac	第５章相似３面積の比，体積の比３相似な立体の表面積の比，体積の比	15	6
6734fa703f6633ab896eecbdfad8953a	3-C選択曲　「ヒカリ」	919	25
47810f956e3d8fb8a32fb276448b464d	STEP２年/第２章/３演習問題	126	3
300137efca1cc59de0df2f7416fe1cb1	No.35(0129)タッチペン	5333	30
88b057334964aecf7cc034c38011add0	ごみについて考えよう202101	1246	7
019f8b946a256d9357eadc5ace2c8678	改訂版 数学A(327)	2090	33
15f99f2165aa8c86c9dface16fefd281	R03_2年冬休みの課題プリント	27159	120
e71e5cd119bbc5797164fb0cd7fd94a4	Lesson9 Bopsy 入力用	7	3
1e6e25d952a0d639b676ee20d0519ee2	二次関数5「直交する2直線」解答例	66	23
c4098249cc953bd98b54e57a1ad89d12	STEP演習中３数学_第１章式の計算	25	6
8b5871528335103533d02d1a9f8c629e	18_生徒解答	203	30
a4300b002bcfb71f291dac175d52df94	整数の演習	496	3
7a685d9edd95508471a9d3d6fcace432	３年数SMondayNo10	20515	107
a3e14106dcb15870b3819617e636ed7d	Captain Boldheart & the Latin-Grammar Master	53	4
285da2198b2b496c9d447cc4ac6b0734	数学6(2-②)	22591	120
03fa2f7502f5f6b9169e67d17cbf51bb	(A2) ACS.23-The Seven Ravens	293	17
e262bb94d2283745c350627f4334a11d	0903 Blineテスト Unit3,4 模範解答	314	55
2851389c12fee533abfa505b4c7551d1	basic problems	11	2
5317b6799188715d5e00a638a4278901	ログパレテスト用_2	76	4
32b3ee0272954b956a7d1f86f76afa21	testpdf	1	1
fd95ec8df5dbeea25aa8e6c808bad583	⑬12月14日	5904	30
df7c2b3c3966426c14e4b3005c931eb1	サクセスコーチ 1年（解答）	3274	43
e49d6912cc703f6e84c19a3a58492b9f	★【課題】0221_規則性演習プリント	8262	41
afda332245e2af431fb7b672a68b659d96	青チャート　数A　第1章　場合の数	1	1
add7a048049671970976f3e18f21ade3	Ariadne\'s Story	854	48
c28f6ae146390a9c1b923233ef556c66	UL英作文_標準_問題_01	359	8
6449f44a102fde848669bdd9eb6b76fa	絶対値と不等式	12724	39
4fe560444cca7edf1c75e4fa492ff7d2	32_２年数学「関数」週末課題No.32生徒解答	148	21
73e5080f0f3804cb9cf470a8ce895dac	1-3  単元１続きその１	20020	105
f84d465177e84bb4e756a8319443cdcb	［STEP中３］第２章平方根	2	1
2eb5657d37f474e4c4cf01e4882b8962	(A1/A2) eCR4-08.The Oval Portrait	162	10
a9078e8653368c9c291ae2f8b74012e7175	GLOUCESTER_01000547	70	2
b9141aff1412dc76340b3822d9ea6c72	◆中１数学STEP 算数の復習/ 第１章正の数と負の数/ 第２章文字と式/ 第６章空間図形/ 第７章資料の整理/ 学年末問題	56	2
339a18def9898dd60a634b2ad8fbbd58	(A2/B1) PYPR. 5-01/Parismina	257	26
5444df470d67382653f5c5600221ddb7	SA81 answer	1	1
b052e2e0c0ad1b2d5036bd56e27d061c	test maunal student	120	5
b367e525a7e574817c19ad24b7b35607	春休み明けテスト	2	1
7a98af17e63a0ac09ce2e96d03992fbc	Be動詞の過去形	1132	25
c1160f0432464eb6110ada4a0ac56917	地震の名前	9	3
27ed0fb950b856b06e1273989422e7d383	◆【解答】中３数学STEP 第５章相似/ 第６章円/ 第７章三平方の定理/ 第８章標本調査/ 学年末問題	3	2
7ae26cbe9586dea7d1f0fa372aa86811	0902週末課題No.10	50	18
d550216af6333c3ef7ccded988557b49	AD 5 Pre-Quiz	244	3
bc44b9e1df4dfc8cbf8a5f08f4ac01a8	21_式の計算Bライン	852	46
c404a5adbf90e09631678b13b05d9d7a	ペンストローク動作テスト用（難問）_2208	103	3
6f8caa0e6413027cb7a12f945151cb8d	17_2年式の計算再テスト解答例	310	67
883e881bb4d22a7add958f2d6b052c9f	2019夏休み課題プリント解答例	13872	38
34ffeb359a192eb8174b6854643cc046	5章「図形と相似」01相似比と面積の比	233	20
e0c7ccc47b2613c82d1073a4214deecc	Element L7発展教材	1684	47
54fda78aa8a09b4d77b5aaec57b75028	臨時休業中の課題④	4729	24
0023daa5a44ef6fbe42379f24e00254c	35_２年数学「関数」週末課題No.35	23	7
ec26fc2eb2b75aece19c70392dc744c2	二次方程式「二次方程式の利用4」（各種方程式）	3	1
cb163ca892e056942e0e62c30953bd85	AD23 answer	3	2
7d8db0888ae70f287e5329d840975bcb	SA62 answer	1	1
5eac43aceba42c8757b54003a58277b5199	TOM KITTEN_01000552	1	1
60c4c8272e3838f9e57e80f4363afc78	☆規則性演習プリント	6272	72
689041c2baed0f6d91050495d632d6e0	テストPDF	121	24
673271cc47c1a4e77f57e239ed4d28a7	16_３年数Sマンデー1024	9408	38
410aa119a67d7a5fa5cac98bd7d78dda	ADorSA 13 Post-Quiz	1	1
93a27b0bd99bac3e68a440b48aa421ab	SA 14 Pre-Quiz	1	1
fd06b8ea02fe5b1c2496fe1700e9d16c	CMT3E5_２乗に比例する関数_問題解答	2	1
eb46c61f91aab8c2b002b288485fc118	horizon2_一部	31	2
d38901788c533e8286cb6400b40b386d201	PETER RABBIT_01000545	4	2
0cc918dec28dbd91f6006a2ce8101e2e	2_生徒解答	119	20
af5d5ef24881f3c3049a7b9bfe74d58b	現代を探るUnit5_P12	2	1
7ac52e3f2729d1b3f6d2b7e8f6467226	25w_「二次関数」週末課題WEB	11627	59
b15c09f68d56c3bd35de82aefd6702bd	10_一次関数Bラインレポート解答	54	21
e82c4b19b8151ddc25d4d93baf7b908f	24_３年数Sマンデー0205	1890	39
37aa5dfc44dddd0d19d4311e2c7a0240	学年末演習プリント②解答	27	9
0a656cc19f3f5b41530182a9e03982a4	37_三平方の定理Bライン模範解答	186	43
669682950cf309c75581fb49f3e2cef2	冬季英文和訳 問題集 Vol.2	1	1
5a142a55461d5fef016acfb927fee0bd	内接四角形の面積1017解答２	293	33
14b85b0752eddc5f25217386e3c6bf22	1.個人ディレクトリ、個人教材	4	2
f26dab9bf6a137c3b6782e562794c2f2	内接四角形の面積1031解答例	49	14
a88aeeec495b4cbe092b4bcfd15b9d9c	青チャート数B 第1章 数列 (問＆解答)	10932	108
ae0de04da95f06c3c85934ea84bcccc0	0717 関数と図形の複合問題	653	41
840d68cbbbfa627cd4635408a6c82009	［STEP中1］第5章 平面図形	30974	257
3ec27c2cff04bc5fd2586ca36c62044e	22-B2-2	31	3
4e4869c12089468fa69ceca248253b17	0117_連立方程式の利用(工夫した解法)解答例	221	43
11b9842e0a271ff252c1903e7132cd68	教材２つ用テスト	43	3
da94cbeff56cfda50785df477941308b	24_後期中間数学Ｓ解答例	423	53
6c1e55ec7c43dc51a37472ddcbd756fb	New Horizon Let\'s Read2 test	110	3
3d6df9d6b61916e55451a4ffc7e45561	14(0920)解答	59	31
3d8e28caf901313a554cebc7d32e67e5	週末課題16	89	16
58238e9ae2dd305d79c2ebc8c1883422	2年数学2年4章「図形の調べ方」1節平行と合同01導入ファイル	13	6
b2f1384b8feb04d2de9a85124dc64613	02-WH　解答	47	25
d4ec33c0c23ae3c91764fcc625108a5a	未来へひろがる数学2	36436	45
2559854e14663053f02bdfb2c3066c1d	1218+α二次方程式 連立方程式と対称式解答	313	54
65a99bb7a3115fdede20da98b08a370f	testpdf	1	1
62bf90d9e45daa967b5d68fcc482a0a7	The Pied Piper of Hamelin	32	4
3875115bacc48cca24ac51ee4b0e7975	2019 MES Songs ④ All I Want For Christmas Is You	220	20
d38901788c533e8286cb6400b40b386d212	PETER RABBIT_01000545	2	1
db639185398d079ec797dcaa27598f0b	1025 円の性質「円周角の定理④」　課題３	1044	82
afafd9c0764318031eedd5700a8d3d20	AD 4 Pre-Quiz	18	3
df543abd114ce563a23341c8a0707de6	AR 02	4093	38
409ad2875df93d6f6365224f613070c1	漢文の読み方　初級	11	4
1e00746ce7635c403c2d4f9767893f00	04_前期期末数学S	44	20
51a6ce0252d8fa6e913524bdce8db490	テストPDF	2	1
4cc574cdc8da2b49b46e9bed5255cece	6_1規則性演習プリント(総復習) 解答例	237	19
c570c225d1fb8a72ad79995dd17a77bc	w13_0625「三平方の定理」解答例	75	25
5bf8aaef51c6e0d363cbe554acaf3f20	Moodle/BookRoll/分析ツール 概要	195	6
91d5e7caa88aeba26636f80e5f98daa3	0708 2年5章Blineテスト模範解答	260	40
32e19424b63cc63077a4031b87fb1010	2章Blineテスト模範解答	144	40
e6ed5dacbfe60a3ea12e24759d7d5647	Vintage 共通語補充	145	9
dff4ba680e945e400d3d800a9fa29f3e	前期期末テスト前演習（発展）解答	1236	65
07bb5fdef1ee99d35eaccce14f8b5540	［サクシードⅡ］第1章 式と証明	1	1
7fc63ff01769c4fa7d9279e97e307829	④８月３１日	48	13
fc192b0c0d270dbf41870a63a8c76c2f	(A1) eCR1-16.The Green Monkey	2208	60
6c7a107981f9c2a0ed55efce297bd1e2	R6_1年春休みの演習課題B（入試問題編）	13860	118
4ba929900be728c9dc7d6007ecf00222	AD 8 Pre-Quiz	111	2
631e9c01c190fc1515b9fe3865abbb15	10_一次関数まとめ２	57	13
a1b63b36ba67b15d2f47da55cdb8018d	芳賀3組4組 Element II Unit3 Day 2	5316	40
411c451fa50ccb4a60206a83c8d5d8a4	0606前期中間過去問より	5064	93
cd10c7f376188a4a2ca3e8fea2c03aeb	Lesson10 Playing the enemy	39	2
3d3d286a8d153a4a58156d0e02d8570c	シリウス21発展中2英語	91	5
41069c81282ba6e19583432967917da9	英文精読 問題集	1	1
df877f3865752637daa540ea9cbc474f	解答/STEP１年/第１章/３乗法と除法	7	2
d1a342bb3f725967660b92ec62db720f	SA 35 Post-Quiz	1	1
560a6a01a9fce179d1d3a1d8d56758a3	★おまけ演習問題(いろいろな問題)	308	31
b3ba8f1bee1238a2f37603d90b58898d185	SQUIRREL NUTKIN_01000546	5	1
ef126722e64e98d1c33933783e52eafc	1.比例，反比例の利用（交点の座標、図形問題）	3107	39
340f2a36d43c3b00e592cf08cef006f1	平行四辺形①（角度演習）	1542	35
fea93b2c5bcdbd7363cc3a126dfd0d33	No.23(1204)	5665	66
2131f8ecf18db66a758f718dc729e00e	理科№00	13594	131
9719a00ed0c5709d80dfef33795dcef3	(B2/C1) eCR11-09.Little Women	1106	24
bce9abf229ffd7e570818476ee5d7dde	[サクシード数A] 第3章 整数の性質	13	2
354ac345fd8c6d7ef634d9a8e3d47b83	信号で止まらないためには？	26	11
45d6637b718d0f24a237069fe41b0db4	再 R04_3年夏休みの課題プリント	1	1
7e83722522e8aeb7512b7075311316b7	(A2/B1) PYPR. 2-07/Fuzzy Hair	609	17
cf98f1617165bf975b4dd57ab90269cf	0526図形の調べ方（星形の角度ほか）解答例	185	54
9d1827dc5f75b9d65d80e25eb862e676	前期中間テスト解答用紙　数学S	23	10
65e3abe9dba669b71f871883db27a272	1017作図・作図2 	2	1
c8d12113e2258af31914e88130b917f6	0206自宅学習課題	61238	117
9461cce28ebe3e76fb4b931c35a169b0	解答_第６章円補充方べきの定理／演習問題	13	4
d585d095b00cd2f5b50acb64add23834	日本の淡水プランクトン抄	69	11
bdb3c278f45e6734c35733d24299d3f4	24-A2-2	1	1
91394d0fbf2b331b4859ae219f2d6ea6	No.3(0502)解答	1	1
e056e52c8dcd019a63e6a3f169892cc9	SA78 anwer	1	1
9232965e399095e0ef458a3325ba5382	ADorSA13 answer	1	1
8a618b8f8f01a09230853dbe6f581c27	32_生徒解答	274	36
07b2ee9f02d5e6e8894377afb4feed32	２年数SMondayNo9	14	5
66808e327dc79d135ba18e051673d906	解答_第５章相似３面積の比，体積の比３相似な立体の表面積の比，体積の比	5	3
b9b37cdd198e940b73969ea6ba7aaf72	★面積二等分の課題(解答例)	88	27
432aca3a1e345e339f35a30c8f65edce	第５章相似補充三角形の重心／演習問題	37	9
c61f571dbd2fb949d3fe5ae1608dd48b	(B2) eCR10-06.Oliver Twist	26	7
eb76370dc310e4cf08aa362593c451a1	１章正の数負の数の利用(平均)	32	13
515ab26c135e92ed8bf3a594d67e4ade	2019 Word List3	80	19
f228bda69952fa13fe74d09b34e4983b	AD 38 Pre-Quiz	1	1
19f6a8886908b80b8b6e9f212dbeea09	04_前期期末数学	441	63
8a71a002d36d76176d6a2d9f72142b72	51_平面図形Bライン補習解答	112	27
bf5cd8b2509011b9502a72296edc14a0	青チャート数A 第3章 図形の性質	213	21
520a4a78c0a273d6505cc3970f556450	1024_01平面図形（移動したときの点の軌跡、通過した部分の面積）解答例	175	17
8ba6c657b03fc7c8dd4dff8e45defcd2	［サクシードⅡ］第4章 三角関数	1	1
d15426b9c324676610fbb01360473ed8	数学3(1-③)課題	26737	119
f5747f20029e7802e81c3352580ae422	第23時 立方体の切断解答例	43	13
8bd045c0275185605e58d7fec40ecae6	03_夏明け課題テスト	606	43
571e0f7e2d992e738adff8b1bd43a521136	CMT3C5_２次方程式_問題解答	18	1
b6090cd636e93a4a4574e97002734900	夏休み英文和訳 問題集	1	1
128ac9c427302b7a64314fc4593430b2	1124二次方程式（利用No1）	761	109
319be2a70dd4b557266c6ca2c20f6da7	30_三平方の定理再	266	19
748d6b6ed8e13f857ceaa6cfbdca14b8	2020中3数学週末課題01解答	31	8
251dbb5e528421776ff6e17c87be507f	春の課題算数	44	11
97250eb3250c1fa40a321076d5be217d	Dracula	30	4
b7cda51a7b31b77fe2d5c1ee19f33496	15 折り返し・補助線 解答	322	51
60bb8062ea8e0c7ff17bb2e484cd223a	No.27(0127)	19484	112
ebae5f81d1c4563ae8f8d07b9290324f	04_前期期末数学解説	2016	100
d2a1e34d86293cb12f959f89dddf263e	サクシード数Ⅰ 第2章 集合と命題 (問＆解答)	45276	265
bbaa9d6a1445eac881750bea6053f564	解答/STEP２年/第１章/３演習問題	12	2
2281f5c898351dbc6dace2ba201e7948	改・解答［STEP中2］第3章１次関数	15404	191
2d4027d6df9c0256b8d4474ce88f8c88	中学生の地理「北アメリカ州」	672	18
fa393b662023edc37bd15563ac2c2167	15_３年数学「三平方の定理」週末課題No.15解答例	178	24
075b051ec3d22dac7b33f788da631fd4	CNN_228_Colorful Fun during Holi Festival	37	4
8050f8f134054efddf34a0e90b21fcb4	1208二次方程式の利用7（無理数係数・連立）	2604	116
76c65def23053e0eea4fac87af8b07b2	第19時-2 メネラウスの定理・チェバの定理 追加練習問題	20	9
800103a4d112ae28491b249670a071ec	３年数SMondayNo15	6396	90
b92d0fcbc8d2624a2ea66907feb8d8de	08_冬明け課題テスト解答例	81	24
03e0704b5690a2dee1861dc3ad3316c993	【解答】高２ 青チャート/数Ⅱ/ 第５章 指数関数と対数関数/ 第６章 微分法/ 第７章 積分法	1	1
092cb13c22d51c22b9035a2b4fe76b00	解答［STEP中2］第5章 三角形と四角形	7072	90
769c3bce651ce5feaa01ce3b75986420	(参考資料)ペンストローク課題のやり方	1471	43
96f2d6069db8ad895c34e2285d25c0ed	Element II Unit 3 Day 4	8	1
b137fdd1f79d56c7edf3365fea7520f2	解答/STEP１年/第３章/補充不等式	23	10
ab4ac2d850c6a8542ce122e0d82ceace	0628図形の性質と証明（等積変形）	1155	38
54072f485cdb7897ebbcaf7525139561	中3_9月_文の要素	1	1
7c4ede33a62160a19586f6e26eaefacf	2年数学3年2章「平方根」1節平方根02平方根の大小と平方根の値1問題	6	2
376d41c34fac1e911e7e197b6a28270e	二次関数14「西京の過去問たち」解答例	471	68
5dbc8390f17e019d300d5a162c3ce3bc	［STEP中1］第5章 平面図形	4	2
dce8af15f064d1accb98887a21029b08	The Donkey In The Lion\'S Skin	2410	48
07d5938693cc3903b261e1a3844590ed	01_春休み明けテスト解答例	3	2
bd430257087f92e5322919c84dc99f32	TestBook0712	26	2
58dcf38e3941ea8a0e4bd27dca3326a4	令和5年度　後期期末テスト(数学)問題用紙	2448	91
e38c9a9b9ca7607ce912ab7fe7106f3d	21_前期期末数学	640	46
32b8923dc22023d09a67564a1d45d210	Challenge! Active Reading	300	12
baf4f1a5938b8d520b328c13b51ccf11	42_後期中間数S	61	7
a14ac55a4f27472c5d894ec1c3c743d2	【数S Wednesday】20191009実施12「因数分解1」	2701	19
6070d2e578e07843c2206e1a323311cb	08 円の内接円・斜線部の面積 解答	583	71
921c2dc40d0b979c2910298d2f880152	test4	2	1
e5fbd281f43f85152ac3839cc292e22c	The Child\'s Picture Book	3	2
8ca070cc474c02335277c16ce15a469b	青チャート数A 総合演習第2部  (問＆解答)	71	7
19e21d13715b9720d8c00977145f1dd8	02_前期期末数学解説	364	25
abea47ba24142ed16b7d8fbf2c740e0d145	CMT1S5_資料の整理_問題解答	186	2
182bd81ea25270b7d1c2fe8353d17fe6	0413図形と相似（三角形の相似条件）	118	40
06c765902df5e6af92864147e1995fa3	徹底演習テキスト中1[解答]R6-0430	39	2
fc452d063a72e0824cacf90a32c3e358	133q	3	1
bb1443cc31d7396bf73e7858cea114e1	STEP演習中３数学_学年末問題	2	2
2dc8bd91d566cac1abc88917ca71e1ee	0509_１次関数「超 思考力問題」 	2	1
0d85eb24e2add96ff1a7021f83c1abc9	春休み明けテスト模範解答	12	4
60bba73587de9c81e7eb9a508ef928b7	青チャート数C 第3章 複素数平面 (問＆解答)	190	9
55a85e71b468ef171a7d4509b3f35f36	1128平方根（発展課題）	2	1
7a614fd06c325499f1680b9896beedeb57	NEW HORIZON 1	451	8
43fa7f58b7eac7ac872209342e62e8f1114	中学家庭科	571	9
232362afef787e622e4d148d7630445a	16 立方体の切断・底面比 解答	459	63
83f97f4825290be4cb794ec6a234595f58	現代を読むNE	43	3
49ef08ad6e7f26d7f200e1b2b9e6e4ac	改訂版 数学A(327)	199	29
9fb7b048c96d44a0337f049e0a61ff06	【解答解説】中2STEP 第1章 式の計算 第2章 連立方程式 第3章 １次関数	4	1
dc35d16f1f21e67c18ea9f1f9c16775a	ペンストローク英作文001	2	1
2722551363e0df6fe8dd2f3933642d78	No.18(1129)タッチペン	12737	113
f291e10ec3263bd7724556d62e70e25d	03自動車の停止距離1問題	6435	111
bd22c2ef9e6f0fa97825c6be879f8fa4	22_前期期末数学Ｓ	96	13
996740de914ced0902e686373e319391	3-A2-2	6	3
5f928e920ac121d34a2aeae8c87953d4	3章方程式・不等式不等式②	3	1
47fd3c87f42f55d4b233417d49c34783	(A1) eCR1-02.The Heart of a Monkey	5885	150
82b8a3434904411a9fdc43ca87cee70c99	【解答】高２ 青チャート/数B/ 第３章 数列/ 第４章 確率分布と統計的な推測	1	1
a3ab4ff8fa4deed2e3bae3a5077675f0	006q	58	8
f23775b54b9e62e2d15498c3b9418630	20_生徒解答	273	37
6e16656a6ee1de7232164767ccfa7920	社会4(2-①)地理	15668	107
dc4c44f624d600aa568390f1f1104aa0171	Romeo and Juliet_eCR L8-1	24	1
8b048efecbe64fe76045e0109de0c2f1	w21_0917「三平方の定理」解答例	36	12
fb4d66331c887d230d709259df335c48	No.20(1220)タッチペン	27789	109
b3ba8f1bee1238a2f37603d90b58898d177	SQUIRREL NUTKIN_01000546	39	2
dd5c25815ea64c1c15cf6eef3ee527ea	1章Blineテスト模範解答	2954	123
281683d0650eb208fa2138978a675665	5分間テスト解答No08	1	1
4a4b16d454ca9f9075c129f6a0384d3d	250408 ３年春休み明けテスト　解答用紙	236	97
ad7ed5d47b9baceb12045a929e7e2f66	[サクシード数Ⅰ] 第4章 図形と計量	8829	153
4dea382d82666332fb564f2e711cbc71	因数分解	1	1
f87e955fd6b89f8963b6934beb077d6e	The Count of Monte Cristo	22	1
9d38e6eab92b2aeb0a83b570188d5a1a	合唱曲「ぜんぶ」	829	33
60ad0ddf6788af6c96d80d44f0f0ccf5	1016 式の展開と因数分解「因数分解⑤」 etime	2	1
2b763288faedb7707c0748abe015ab6c	2022小田部ごみについて考えよう	129	4
7bd28f15a49d5e5848d6ec70e584e625	【練習用②】２年数SMonday模擬テストNo②	34	7
1cd3882394520876dc88d1472aa2a93f	STEP１年/第５章/２作図	386	20
b7ab1aac36b6428d3b7a3860a0d7a74f	６章空間図形　立方体の切り口の形①	248	33
3d3103fc27ffaea9fcbaebd91c8fff07	35図形と相似	79	16
7a614fd06c325499f1680b9896beedeb62	NEW HORIZON 1	48	5
a08e32d2f9a8b78894d964ec7fd4172e	自宅学習課題0109	8	3
1abb1e1ea5f481b589da52303b091cbb	９月２４日	2902	17
94351bc971eb5aab6a0cdc84227a6af3	ピーターラビット	321	14
53a738beb939fde01527390d0111a747	My Pretty Scrap-Book: Picture Pages and Pleasant Stories for Little Readers	3	2
2c6ae45a3e88aee548c0714fad7f8269	25_３年数Sマンデー0213	1739	37
41bacf567aefc61b3076c74d8925128f	SA 33 Pre-Quiz	1	1
eae31887c8969d1bde123982d3d43cd2	1022平方根（問題演習）	620	102
e671ed4fbb952426558443e0827b7ea9	07(0614)解答	45	25
27debb435021eb68b3965290b5e24c49	改訂版サクシード数Ⅲ 第2章 式と曲線 (問＆解答)	1845	38
f511186b08b671a4ad5a1deaae96e310	No.23(0131)タッチペン	19934	106
14319d9cfc6123106878dc20b94fbaf3	5分間テスト解答No15	1	1
415585bd389b69659223807d77a96791	No17　(2月1日提出)	2	1
5c48ff18e0a47baaf81d8b8ea51eec92	２年２章連立方程式3(工夫した解法)	98	45
849a1c356bfd763c1e1112739722515d	w16_0709「三平方の定理」解答例	21	7
b3ba8f1bee1238a2f37603d90b58898d164	SQUIRREL NUTKIN_01000546	2	1
9dc6864f20548aa7f9d8500bc28dafef	マドゥーの地	5587	42
e8da6d326d9dd901bce129d5bcdfde63	1121 2年後期中間テスト(数学)問題用紙	816	33
16de63b2df373d5a9da881c8a1c58794	平方根　解答解説	58	4
fc8fdb29501a6289b7bc8b0bdd8155df	テストほり	26	2
966bc24f56ab8397ab2303e8e4cdb4c7	ADorSA 21 Pre-Quiz	1	1
de30cdee564cda7c29b1d761cc3f753d	0225_規則性演習プリント（階差数列）	2	1
b928fec5932bf2fddd2cc88c038b8ccb	青チャート数Ⅰ 第2章 2次関数	1001	24
5901fe6483310c89c35b54455f2a5557	水の蒸発量と関係しているのは何！？	22	9
778609db5dc7e1a8315717a9cdd8fd6f	【解答解説】青チャート　数Ⅲ　第3章 関数　第4章 極限	1	1
cfdea3ada9e5646068d4288f9b9ad0de	SA 2	7	1
eae048851f0bf3279e3650da896306d9	令和5年度　後期中間テスト(数学)問題用紙	662	31
76ba9f564ebbc35b1014ac498fafadd0	テストPDF	3	1
563ca5e068bc78b807910338bb4d4279	一次関数③(5/1締切)	2755	26
16f852a6d01b6065c8ff5cc11caae9c6	１年総括(最大公約数)解答例 	14	6
da0b1b5bec71b468bcab872a64595541	test	2	1
6f780a0221033e49ffec2199ba1d74b2	５分間テスト11	1	1
cc685cba3900c73c40533b18e15b66e5	1017作図・作図2 	2	1
aa942ab2bfa6ebda4840e7360ce6e7ef	test pdf	1	1
552d21cc507489b0da0c67a0713f80bb	SA75 answer	1	1
85ebad98d8a178be8baf16929526446e	0710_10不等式（２つの不等式の利用）解答例	53	13
ff2ffdc47aef555a0d07796f282b8659	06.1211総合問題（てくてくスケール／スカイツリーの写真）	424	51
4f5a9bf135f285358a4a74b08f8121f8	13_方程式解答例	673	70
0d056cb65729981066d83ad9ea7e7325	23_2年数学「円の性質」週末課題No.23	453	17
4fa53be91b4933d536748a60458b9797	10月28日	4606	17
652b724608ede9a918d6bc059f9579d3	No.25(0122)	6891	65
7dd0240cd412efde8bc165e864d3644f	STEP１年/第６章/１空間図形	1124	19
5cc3749a6e56ef6d656735dff9176074	31_冬休み明けテスト解答例	159	46
4a213d37242bdcad8e7300e202e7caa4135	CMT3A5_展開と因数分解_問題解答	92	8
1ee42f91b329feebf2cd3dadd8a704f2	19_２年数学「式の展開と因数分解」週末課題No.19	967	74
d6c2e7c74cad027b49b4369a0548ddfb	No.7(0613)タッチペン	23631	118
872488f88d1b2db54d55bc8bba2fad1b	2年数学2年5章「図形の性質と証明」2節四角形01導入1問題	22	3
287e041302f34b11ddfb57afc8048cd8	1208解答二次方程式 連立方程式と対称式（利用No9）	448	80
193002e668758ea9762904da1a22337c176	Treasure Island_eCR L11-1	225	1
c1e39d912d21c91dce811d6da9929ae8164	Gilrays Flowerpot_e-future Classic Readers L5-10	2	1
a3ec6dd8d538712a581e5b24726ce062	比例，反比例の利用（交点の座標、図形問題）	7673	118
e86698eadde4101913eaf1c8ea42c8ce	SA5 answer	1	1
b3967a0e938dc2a6340e258630febd5a	2年数学2年4章「図形の調べ方」1節平行と合同01導入	58	4
297b631a88835f8931aa5aabdd06ece9	0509＿１次関数「直線と図形に関する問題」「線分と交わる直線の傾き」	829	95
3df1d4b96d8976ff5986393e8767f5b2	週末課題18	31	11
ce4df13cd96cf335886df9264806e472	America\'s Black and White Book	77	4
0a5c79b1eaf15445da252ada718857e9	シリウス21発展中1[解答]	25388	118
310dcbbf4cce62f762a2aaa148d556bd	第５章相似２平行線と線分の比２中点連結定理	10	4
95688ba636a4720a85b3634acfec8cdd	シリウス21発展・付加冊子Vol.1	605	40
cc4af25fa9d2d5c953496579b75f6f6c	R04夏休みの演習課題プリント	12	6
e4ba31fba036a999321d5460f7f2d1d1	７章データの活用(確率の意味)	5883	108
9aa70957fde5ac24d3f5c61776a06053	第2時 三角形の相似条件	186	33
1cd035a313edec52ac8f69c27aba683f	10_図形と相似解答例	476	66
854d9fca60b4bd07f9bb215d59ef5561	第６章円補充円に内接する四角形	18	4
71c1806ca28b555c76650f52bb0d2810	春課題の説明	35	12
d24d56c57e0ef80faefa1aa30b38b4d0	0226_規則性演習プリント（大学入試問題に挑戦）	1414	41
8db1625bead0f643f7f7913edc2a8434	29_R4西京入試 解答	216	86
9b5474e725b0f83708e4b6dfa55b2512	AD 40 Post-Quiz	1	1
83348779460c0e343cf5903bde2f4611	鉱物	39	10
c81e155d85dae5430a8cee6f2242e82c	教科書(709) 数学Ⅱ	57	2
c86c6aae8fa9b90ac77534c5ea7a2fe7	まるまるリスニングBOOK	3892	94
6e17a5fd135fcaf4b49f2860c2474c7c	再京力テスト模範解答	75	34
15bc005c266883ec57a2fae120a349b3	1年生サマサテ課題2	845	12
397d6b4c83c91021fe928a8c4220386b	21_前期期末数学解答例	20	8
084b6fbb10729ed4da8c3d3f5a3ae7c9	【概要】Moodleと授業改善	371	14
2d405b367158e3f12d7c1e31a96b3af3	06_後期中間数学Ｓ解答例	59	16
9087b0efc7c7acd1ef7e153678809c77	(A1) RT15-Come to My House!	929	40
87ec2f451208df97228105657edb717f	05_前期期末数学S2019	4	2
5a299bb7ced0e7c3ff4f32cf114d1391	No.4(0508)	14073	91
2175f8c5cd9604f6b1e576b252d4c86e	自己評価３７三平方の定理	378	50
d768f8ec110b0207ba7a209f7975fbb1	青チャート数A 第4章 数学と人間の活動 (問＆解答)	34254	175
b0ba5c44aaf65f6ca34cf116e6d82ebf	1202二次方程式 解と係数の関係（利用No6）	693	109
a5ccbf4f58f04a814f80a12e703d7c34	火山	106	4
8f468c873a32bb0619eaeb2050ba45d1	02_前期中間数学Ｓ分布	6	3
d46e6e59cb2e09d436f89c57efa23735	SA36 answer	1	1
afda332245e2af431fb7b672a68b659d51	青チャート　数A　場合の数	46	9
71d7232b9fed020ca23729017873089e	理科№17	4368	82
a58616464d14208b2677a084f5d7456f	夏休み課題	32712	119
029088a9cfa844b43f1cb39d3377aac6	33_２年数学「関数」週末課題No.33	12	7
30543a51b7a21d5312fdddfeecafb3d4	現代を見る Unit 4	2085	49
f2bff080785c76aa81dbaffce7dea0ad	英語6(2-②)	10292	113
02f039058bd48307e6f653a2005c9dd2	内接四角形の面積1017解答２	196	26
64254db8396e404d9223914a0bd355d2	19 A FIERCE BAD RABBIT	5	2
fd7fb6f837e41936eb831b050db82330	No.27(0304)タッチペン	16352	110
f250daff6a09865ff432821b2adac54f	SA 22 Pre-Quiz	1	1
d523773c6b194f37b938d340d5d02232	191126 朝リスニング	1129	231
9f820adf84bf8a1c259f464ba89ea11f	正負の数の利用(平均)	1766	39
f91e24dfe80012e2a7984afa4480a6d6173	God Sees the Truth but Waits_e-future Classic Readers L6-20	2	1
ded693405194bd811d9dde0e3cf270e8	ひらがな	13	3
347665597cbfaef834886adbb848011f	週末課題no39解答例	17	7
2647c1dba23bc0e0f9cdf75339e120d2	現代を見る Unit 18	2	2
8471bda5e6201d30893c3582ee131d4d	71_二次方程式再	58	12
1c1d4df596d01da60385f0bb17a4a9e0	770_【基礎】立方体の切断	40	13
45b02e9da70144e563ddb3407d8718ae	0312積の回文	4571	35
8db1d4a631a6e9a24e2c0e842e1f1772	解答［STEP中3］第6章 円	1	1
c3d96fbd5b1b45096ff04c04038fff5d	ペンストローク動作テスト用（難問）_2208	1	1
ba1d96789cd23612473b9ddfc6d5fd22	0207_「整理されたデータの読み取り」解答	120	32
a9078e8653368c9c291ae2f8b74012e7187	GLOUCESTER_01000547	6	2
3a077e8acfc4a2b463c47f2125fdfac5	二次方程式「二次方程式の利用3」（動点・座標問題）	256	49
6f3a770e5af1fd4cadc5f004b81e1040	３年第２章B-lineテスト模範解答	3	1
32f6c513b25df1c670753eb7335c4258	［STEP中1］第4章 比例と反比例	4	2
d787f83a93f12eb56db58c1268f944e0	徹底演習テキスト中2理科［解答］R5	5046	76
782086acbe9f48126642e093bf6ba151	２年２章連立方程式の利用(速さ)	829	97
e7db14e12fb49c1d78a573e6e5f542c2	021_前期期末数学再テストレポートA(演習)	26	11
3557a86db669836730d946052d988e46	数学科よりお知らせ1	127	31
8c3c27ac7d298331a1bdfd0a5e8703d3	２年数SMondayNo4(0526)	5270	40
14c1633ad4334a68c87e6ce4b737e775	No.6(0530)解答	44	18
4abe17a1c80cbdd2aa241b70840879de	解答/STEP１年/第６章/１空間図形	103	8
fbc4bc535f95f5f8d1b30bf34e4b4fbe	0121_導入課題_h29共通テスト試行問題　数学Ⅰ・数学Ａ_問題から	62	6
cb70ab375662576bd1ac5aaf16b3fca4	シリウス21発展中1解答	43	10
cb13de2e50ac695aad8fbfe59e1ba869	1.比例，反比例の利用（交点の座標、図形問題）解答例	256	50
d881b3c19eeb9941a2ae1b1afe343442	R6toR7 春休みの演習課題[AI先生未設定版]	641	30
ba3abb2c0cb388f3cd4e77de3c78ff51	0915展開演習①	1140	40
09a11be6989d5a0e438dd9e589210a79	0221_規則性演習プリント（部分分数の和）解答例	299	24
52d5d0f100d9de6a78a830d358c6adc7	0305積の回文	2	1
99f59c0842e83c808dd1813b48a37c6a	unit7-2	1703	21
3e89ebdb49f712c7d90d1b39e348bbbf	R01夏休み課題説明P	260	39
a6155b0da06d1ad154ad2d039d1fadf4	0615三平方の定理（正三角形）解答例	211	57
8a0e1141fd37fa5b98d5bb769ba1a7cc78	Z会問題_中学	155	9
b1b3cc561955829adb6f980b2c3eb885	No.24(1211)解答	19	10
de7092ba6df4276921d27a3704c57998	2019 Over the Horizon	153	14
92b70a527191ca64ca2df1cc32142646	教材背景の消しゴムお試し	188	3
566a9968b43628588e76be5a85a0f9e8	(A1) eCR2-07.The Sword in the Stone	1116	37
a440a3d316c5614c7a9310e902f4a43e	SA-20	1	1
789bbd3eb51e7315cf9995306bb399f5	短文作成	7	1
06a81a4fb98d149f2d31c68828fa6eb2	数Sマンデー1001	9039	38
42dab56861d81108ee356d037190c315	2級　３B　2021年第2回	68	2
c4c28b367e14df88993ad475dedf6b77	第五章総括問題	12010	117
e11e328234b5eeffca4362f9e364da0f	R. Caldecott\'s Picture Book (No. 2)	45	3
8208dd730fb0a5670e2817252c6de728	SA 92 Post-Quiz	1	1
55603a5f239e435c642244be3e891b85	週末課題no.19	228	39
b922ede9c9eb9eabec1c1fecbdecb45d	分析ツールマニュアル	264	10
9a32ff36c65e8ba30915a21b7bd76506	13_方程式解答例	32	13
c45ae64fa263499a6f605b9ee351c7d2	SA 58 Pre-Quiz	1	1
7a9e5de95f737b31cb6dfe05b616e644	0608円の性質（中間テストの振り返り２）	96	45
e924517087669cf201ea91bd737a4ff4	(A1) RT02-Jolly Jumping Jelly Beans	1619	83
b1c00bcd4b5183705c134b3365f8c45e	(A1) eCR/S-12.Snow White	878	33
c3f99e62ef70deec7d934b2ea347e2c0	サンプル問題１ (1)	45	5
3d8e03e8b133b16f13a586f0c01b6866	04電車と自転車1問題	5917	108
0defd533d51ed0a10c5c9dbf93ee78a5	00_巻頭2_P6-10	3	1
8844c5f00372df2c3c4ee857c2451b45	理科№10	11884	109
577fd60255d4bb0f466464849ffe6d8e	(A2) ACS.04-The Wolf and the Seven Little Goats	1505	39
b7ee6f5f9aa5cd17ca1aea43ce848496	解答_第７章三平方の定理１三平方の定理２三平方の定理の逆	22	8
8ae1da0fe37c98412768453f82490da2	Why we gloss over great ideas	262	6
89d9c467c2926de8ef12d1f3e006d06b	火山 (1)	20	2
bbb001ba009ed11717eaec9305b2feb6	臨時休業中の課題③	898	23
54391c872fe1c8b4f98095c5d6ec7ec7	1前期選抜問題	96	19
f5dd07d944fdcaba5af8b6828ed55f69	23(1213)	16769	92
f565bb9efccaf6986443db0bf01018bc	(A1) eCR2-19.Doctor Knowall	872	30
1afd71d0597a1948560c79080eda548f	AD35 answer	1	1
f3e368d04ec3f765654dda0f3bb27552	第6時 内接円・外接円の半径②	1200	76
e4a93f0332b2519177ed55741ea4e5e7	［STEP中1］第1章 正の数と負の数	148974	131
94bb077f18daa6620efa5cf6e6f178d2	part3 A2-1	2	1
a18630ab1c3b9f14454cf70dc7114834	(A1) Reading Along Series 2-09. No, You Can\'t! (Book + Hybrid CD)	460	33
6e04df31f1bbb1c02666d0dfa3638f76	0522図形の調べ方「証明演習１」解答	34	10
0f83556a305d789b1d71815e8ea4f4b0	AD 4 Post-Quiz	31	3
7e7a41b8100b5266d5ffe632211f8ecb	13 面積比 解答	2	1
a92c274b8be496fb05d95033552eeddd	［STEP中2］第3章 1次関数	36519	107
5db30d43f3791ae82e8f09070647e4cb	211112解と係数の関係	3356	35
7688db1dcc066bd495cc9b4b0805fc5a	SA 32 Post-Quiz	1	1
eafd9b2037cb218fafd3aa05535c123e	5分間テスト解答No10	3	2
1f16dde7e4a071f4a7649bdd0459efcd	SA 89 Post-Quiz	1	1
980b2e71a187f092466c13bf42cd6413	問題31～40	1016	37
6ef80bb237adf4b6f77d0700e1255907	Koreans at Work_RGB	11	1
02c28f84c46deb0b993010f76fef4c0d	0212 関数y=ax2「線分の比」	4	2
1f74a54f39b3123ad272ca0a06e7463f	Is Your Healthcare Provider Ripping You Off	1	1
9ac403da7947a183884c18a67d3aa8de81	◆【解答】中２数学STEP １年の復習/ 第１章式の計算/ 第２章連立方程式/ 第３章１次関数	11	5
37907ce5f65a8f731092bdf0a2b4bb35	ことわざ	10	2
e6af401c28c1790eaef7d55c92ab6ab6	(B1/B2) eCR9-10.A Jury of Her Peers	116	8
d38901788c533e8286cb6400b40b386d179	PETER RABBIT_01000545	368	7
6db291ac9963003618ca6aa15063c4d6	中1特活　testpdf	14	5
f2fc990265c712c49d51a18a32b39f0c	第５章相似２平行線と線分の比３平行線と線分の比	12	5
24146db4eb48c718b84cae0a0799dcfc	2019夏休み課題プリント解答例	12667	38
7a7c6a5b2f18e21e23049634cec06c68	2章 単元のまとめ	1208	83
bbf94b34eb32268ada57a3be5062fe7d	10_図形と相似解答用紙	4	2
687fd5c7e0142dfb2da70e5083b3c6a7	UNIT0-2	2670	27
ba7e36c43aff315c00ec2b8625e3b719	w08_0521「図形と相似」解答例	7	5
d3ab9b41f98222ad7b5ff8a822172796	SA 8 Pre-Quiz	1	1
7bc1ec1d9c3426357e69acd5bf320061	STEP２年/１年の復習	488	7
c2e7b5bb0ec8bb7e2aaf8a5516ca5387	0706三平方の定理（22演習④立方体の切断）	515	111
8fe0093bb30d6f8c31474bd0764e6ac0	10_図形と相似	17	6
7c78335a8924215ea5c22fda1aac7b75	改訂版 数学Ⅲ(322)	237	6
c30ca4400db3c72274c8ad819f688c21	R05_3年冬休みの課題プリント解答	953	25
fb1378d0b80ae44aae0000a3cff0b90f	1022解答平方根（問題演習）	249	55
09676fac73eda6cac726c43e43e86c58	43_週末課題No43	132	27
6fe6a8a6e6cb710584efc4af0c34ce50	01_週末課題no.1	161	22
940392f5f32a7ade1cc201767cf83e31	02_前期中間数学	735	54
c9d9edbf9b9e23eb5d4819bbcce9b078	43_２年数学「二次関数」週末課題No.43	459	6
f35a2bc72dfdc2aae569a0c7370bd7f5	(A1) eGCR. MA.2-6-The Crystal of Power	3794	84
09a69de15cf89bc7fe8c0642f906a4dd	後期中間テスト数S問題用紙	6	1
6b8eba43551742214453411664a0dcc8	サクシード数Ⅰ_第３章 図形と計量	79	8
e1314fc026da60d837353d20aefaf054	積の回文＜宿題＞	24708	35
dfc7defac6624a80f02b02e22b14e8fd	２年３章一次関数	64	15
35adf1ae7eb5734122c84b7a9ea5cc13	R4 冬休みの演習課題解答例（1-13まで）	1029	57
754c32eb39c6dfd8b7c97531a459937c	解答［STEP中3］第4章 関数y=ax2	1	1
745dc8d0c9e067bbcd1e6688a64cfcda	まあ簡単	131	27
7fcb0a2c0f0f41d9f4454ac2d8ed7ad6	３年数SMondayNo1	1901	46
d714d2c5a796d5814c565d78dd16188d	22_前期期末数学Ｓ解答例	44	11
82138b11a724b94d18df2e083d8b7b55	R04_3年夏休みの課題プリント解答例1-10	2510	39
0ea6f098a59fcf2462afc50d130ff034	w03_0423「図形と相似」	11618	84
56f9f88906aebf4ad985aaec7fa01313	週末課題no28解答例	61	12
3b0e25997ec9fc2ff41914cd1d416b08	Uncle Remus and Brer Rabbit	3	2
9f4b4f2f258308200b389ca0523f92f8	ADorSA 12	5	1
c27181a18d3b30d14d66a1a56c068548	中間前トレーニング	1736	23
4eff0720836a198b6174eecf02cbfdbf	25-B1-2	1	1
ab2481c9f93d0ed3033a3281d865ccb2	決断力がないあなたに．．．。	155	26
164bf317ea19ccfd9e97853edc2389f4	TestBook07	16	1
903ce9225fca3e988c2af215d4e544d3	【教員用】Moodleマニュアル （参考）	83	7
b7d0858d41a6c29b873e4aba411e6d04	Treasure Island	57	5
8af0c75579a632c9207e51657de43c7c	02_前期中間数学S解答例	203	43
d465f14a648b3d0a1faa6f447e526c60	R3啓林中数3(905)_マスク処理済_入試問題	44	1
234a6ee536186392b71447484e3d1dbd	No40(0303)タッチペン	35037	101
f023559c6d59c04e3804209f573dbff9	一次関数②(4/30締切)	2633	27
69783ee76a92567d446143b811519068	02_前期中間数学再々	25	5
8c840250b11f70ae9830d7f73fad61ab	SA66 asnwer	1	1
f81e516d45f7143402e9482b47248e3b	70_二次方程式Bライン解答例	170	37
13da2193bcd455bb894871aec1815047	0917 ６・７章Blineテスト問題用紙	486	33
5d4a18500f626b6a8cb05c1b3c4d095a	SA 84 Pre-Quiz	1	1
dbd22ba3bd0df8f385bdac3e9f8be207	(A2/B1) PYPR. 1-11/Where Does the Seed Go?	488	24
06409663226af2f3114485aa4e0a23b4	掛け算九九問題	175	9
abec16f483abb4f1810ca029aadf8446	第５章B-lineテスト模範解答	61	10
ab00b14a2da2e3cdcc44f06265db6574	SA-21	1	1
2aaee6030450367cb4236c87570c25a9	09 相似の利用 解答	146	46
30d0da2f0929084d504baaec38fe28cd	0518図形と相似17（Bline振り返り ）解答例	115	30
6efd23ca96571c0b369cf7286650e9b8	0214 関数y=ax2「変域についての習熟を図る」解答	52	10
b32e8760418e68f23c811a1cfd6bda78	STEP演習中２数学_１年生の復習	8	5
16dd8c942ad630be7e5a12b681b3f5c4	03-WH　解答	60	28
a8f9c922be3d2559a3b6da1429bc1301	R5前期選抜リスニング	223	18
48338c824f561ce12a6f1c33d8ea4125	01-WH　解答	2	1
e37d015e5d80348a275284efacdb6db5	SA-8	1	1
4f0bf7b7b1aca9ad15317a0b4efdca14	不定期　図形課題１	19	8
95f2b84de5660ddf45c8a34933a2e66f	比例・反比例の利用，平面図形（融合問題）	14385	39
799de6d3dae4c924142cf245a1d7f703	理科№01	6345	101
43975bc2dfc84641a2a8c4d3fe653176	PDF_sample	46	6
e21e4e58ad9ab56e8a4634046da90113	STEP１年/学年末問題	48	4
97008ea27052082be055447be9e85612	⑦１０月１２日	6463	32
1bff3f64f354e35b89422273e74cab8f	テストPDF	3	1
e2a08f2ebe0d5593fdb22010cd00c7c2	改訂版キートレーニング 第12章 指数関数・対数関数 (数学II) (問＆解答)	488	14
fb3ea77a2b3f8e7cb0e4e6699568d43d	04_週末課題no.4	474	62
4928e7510f45da6575b04a28519c09ed	45-B1-2	1	1
f61d6947467ccd3aa5af24db320235dd	STEP１年/第１章/４いろいろな計算	43	6
1ec12035e5b91874abca57cefbd59200	5分間テスト解答No01	7	4
e6d8545daa42d5ced125a4bf747b3688199	THE FLOPSY BUNNIES_01000554	1	1
678004486c119599ed7d199f47da043a	13_方程式	1052	69
b5845b28131e33e1ece69f1a335c807e	ペンストローク英作文１＋２注文復習英作文2025 0209	7	4
c1aeb6517a1c7f33514f7ff69047e74e	９月２８日	6579	32
b974006f61bd5a3f95e3e9530a579d14	ADorSA 22 Post-Quiz	1	1
df0b8fb21c53254b7afa62e020447c81	１年数学週末課題No．15解答	257	23
f9b625bde54bf6a9c3d40501c0d21f93	No.15	179	44
2c89109d42178de8a367c0228f169bf8164	MRS.TIGGY-WINKLE_01000550	2	1
865f80fd90df8ae20070b11be171c499	The Little Princess in the Wood	92	6
9fc36fa768a74fa93d3ee7bf57b1392c	Denslow\'s Mother Goose	3	2
856b503e276cc491e7e6e0ac1b9f4b17	数学14(4-②)	12862	111
2ac4692cb4f636b0769d2c291af6aa88	26_生徒解答	387	34
6954f0b6918c1bcf7446eb6505553d65	0629図形の性質と証明（平行四辺形になる条件）	2385	35
a9a6653e48976138166de32772b1bf40	STEP１年/第１章/４いろいろな計算	7	3
95151403b0db4f75bfd8da0b393af853	９月２４日	3104	18
0771fc6f0f4b1d7d1bb73bbbe14e0e31	【解答解説】青チャート　数A　第3章 図形の性質　第4章 整数の性質	219	8
f74d6ef882234fd34400a296b1da6149	R6_1年夏休みの演習課題	97765	135
7e185cc0ad0a719c730af5354d7142c1	81_二次関数再解答例	213	40
4a64d913220fca4c33c140c6952688a8	29-A2-2	1	1
ccce2fab7336b8bc8362d115dec2d5a2	Element 9 Jigsaw & summary	1	1
5cfe9b8fb129f0fe3ffc7b209ac471ed	新課程版サクシード数Ⅱ 第4章 三角関数 (問＆解答)	81340	336
b50aefa43e5793f3bf645fc35f4ba895	34_３年数学「R6公立前期」週末課題No.34	26	8
3783f31a590c99846281c4534e05bc6b	20_図形の調べ方Bライン解説	702	65
1c65cef3dfd1e00c0b03923a1c591db4175	BENJAMIN BUNNY_01000548	58	1
fb642b781020b2aaeb1a7cee29acc915	part3 B2-2	7	2
995665640dc319973d3173a74a03860c	4点を結んだ図形の面積	938	21
0f840be9b8db4d3fbd5ba2ce59211f5597	【解答】高１ 青チャート/数A/ 第３章 形と計量/ 第４章 数の性質	8	3
b49fdab097253cac48e3dc628a49da5e	作図トレーニング	152	16
1d0932d7f57ce74d9d9931a2c6db8a06	20_図形の調べ方テスト	1183	58
f542eae1949358e25d8bfeefe5b199f1	18_３年数Sマンデー1105	441	6
b197ffdef2ddc3308584dce7afa3661b187	L1-1_The Fox and the Stork_e-future Classic Readers	3	1
d20d9896e5f7a733d09c07acb323154f	No.18(1030)	10533	74
3c88c1db16b9523b4dcdcd572aa1e16a	ログパレテスト用_3	30	1
2034597bbb4d4194e5ccb8a22d46fab2	1203 二次方程式　導入問題	1358	87
8deb8d1dd92840f975b6931ab3a3c61e	道徳1(1-①)	10544	117
364196813f3b746270a9b27bd76149c9	ELEMENT U4 Day 4	2572	51
0ebcdb06cf4d039f0d08b356c26bc466	1112_01空間図形（回転体の体積）	5933	40
4f87658ef0de194413056248a00ce009	QMT5M1_ベクトル１_H問題解答_rgb	1	1
afef6111d7e66b8fe9be8a7fe2ee0069	My Dog Tray	36	4
ecb287ff763c169694f682af52c1f309	改・未来へひろがる数学1_入試問題	8143	292
20f07591c6fcb220ffe637cda29bb3f689	未来へひろがる数学3	4	2
b1a59b315fc9a3002ce38bbe070ec3f5	週末課題04	109	33
36a1694bce9815b7e38a9dad05ad42e097	改訂版 数学B（325）	8	1
aba53da2f6340a8b89dc96d09d0d0430	The Tin Soldier_lv3	1646	48
e91fa89066b9c6f5320990f5e382122e	36円の性質　自己評価　生徒例A組	103	15
16e6a3326dd7d868cbc926602a61e4d0146	CMT1K1_空間図形_問題解答_rgb	2	1
5101a4796c5127131b2112e2bc6fe02b	６章空間図形(立体の移動)	32	14
a70145bf8b173e4496b554ce57969e24	３年数SMondayNo14	11527	97
11f38f8ecd71867b42433548d1078e38	2級　３C　2022年第1回	31	3
40e244ce06f98f84c452989ca388b8a2	1121 2年後期中間テスト(数学)問題用紙	578	34
db8e1af0cb3aca1ae2d001862420452984	未来へひろがる数学2	39127	22
894b77f805bd94d292574c38c5d628d5	富士山	15155	40
c850371fda6892fbfd1c5a5b457e5777164	Rapunzel_e-future Classic Readers L5-1	2	1
4efb80f630ccecb2d3b9b2087b0f9c89	0412一次関数とは	321	40
850a40f2ba21fec8567a3769263d1c5c	02.1201総合問題（富士山）解答	98	38
801a089759389ea9fa5f77ecc339f4be	（後期期末に向けて）「二次方程式の復習」	195	92
0ce2ffd21fc958d9ef0ee9ba5336e357199	As You Like It_eCR L9-2	1	1
9fdef890a0a6f2496628626367d39280	テストPDF	2	2
b3592b0702998592368d3b4d4c45873a	No.18-2(1107)	20532	104
8685549650016d9e1d14bf972262450b	128q	9	1
24f0d2c90473b2bc949ad962e61d9bcb	2019二次方程式_文章題3「関数問題」	166	3
3be1e43c45c1332103695ea502ff9207	Stories Pictures Tell. Book 5	25	3
0abdc563a06105aee3c6136871c9f4d1	【解答解説】中3STEP 第7章 三平方の定理 第8章 標本調査_学年末問題	1	1
e00944d55e6432ccf20f9fda2492b6fd	テスト用	7	2
15b3342aa0abd5176b93d68ddf95e3ce	0506解答一次関数の利用（グラフの読み取り）	115	34
f3c013d50e1737ca632a8f17e5815afc	Struwwelpeter: Merry Stories and Funny Pictures	3	2
57cd30d9088b0185cf0ebca1a472ff1d	解答［STEP中2］第４章図形の性質と合同	9	4
86b901f502ab8e135137f2083b91f3ec	13-1_生徒解答	290	43
c6036a69be21cb660499b75718a3ef24	test pdf2	2	1
604616e4d592b744e14ec3ff33204dec	0706三平方の定理（20演習②正四角錐の内接球）解答例	425	100
2b8ed17fbe7858c641d55ca03eb8ace3	共有モード仕様書_20240308_ver5	7	3
8c6744c9d42ec2cb9e8885b54ff744d0	第７章三平方の定理１三平方の定理１三平方の定理	782	38
c0a3eab00393c89313e8109bb6504a68	CHECK QUESTIONS 練習	3641	41
1868f17c2c15b5eafdc3cce2f5ac97d5	0417週末課題	230	30
8b2dfbe0c1d43f9537dae01e96458ff1	72_二次方程式再々解答例	24	8
5d616dd38211ebb5d6ec52986674b6e498	【解答】高２ 青チャート/数Ⅱ/ 第１章 式と証明/ 第２章 複素数と方程式/ 第３章 図形と方程式/ 第４章 三角関数	1	1
a9e18cb5dd9d3ab420946fa19ebbbf52	「夏の思い出」	9	1
168411596e4c04bb30eaf83385d15c96	数学科よりお知らせ0711	101	40
6aa21dd9979a2b2d07e367e25963ba1e	06_３年数学「図形と相似」週末課題No.6解答例	304	29
d0f5722f11a0cc839fa2ca6ea49d8585	解答［STEP中3］第2章 平方根	2	1
73d915c91b99b170993ea97d875a6330	part3 A2-2	1	1
821fa74b50ba3f7cba1e6c53e8fa6845	STEP１年/第2章/２文字式の計算	224	13
10eb6500bd1e4a3704818012a1593cc3	SA 17	4	1
6c14da109e294d1e8155be8aa4b1ce8e	test pdf	4	1
dae21e619b67f958c716d3c779c941d2	03.1206総合問題（富士山）解答	5	1
48e95c45c8217961bf6cd7696d80d238	［STEP中3］１、2年の復習	1	1
7b852316cf9d2d41bec07321928afe96	10_一次関数テスト	1520	84
112a8e92dcedcda4237de18e9126b2d2	13.0131総合問題（ホールケーキとカップケーキ）解答	2	1
2de5d16682c3c35007e4e92982f1a2ba172	TWO BAD MICE_01000549	134	1
db2de541293171af2b0ccdf7c64d72d4	R3学年末演習プリント③	4566	78
7a54486317b6dde9ce8fadaf3e7601f4	14q	51	4
fdf2aade29d18910051a6c76ae661860	0710家庭学習の課題（確率）	2	1
65ded5353c5ee48d0b7d48c591b8f430	数学教科書の例	66	4
22f7e834551fbb0f6ea55b04889e8eb1	テストPDF_a	17	1
2b0499a38c552014f2ff4a1df8abe8d2	地震の問題	17	3
cb16b8498f74ba6b6a6873518624168c	１年数SMonday確認テストNo0	5896	41
d428d070622e0f4363fceae11f4a3576	Unit 6 Read and Think②	1	1
926ffc0ca56636b9e73c565cf994ea5a	cont15580742737907320855	92	1
30a250583bc20cf070ab6c9189508fcc	3章方程式・不等式不等式⑥ 不等式の利用(解答例)	120	28
d736bb10d83a904aefc1d6ce93dc54b885	◆中２数学STEP １年の復習/ 第１章式の計算/ 第２章連立方程式/ 第３章１次関数	108	2
fb89705ae6d743bf1e848c206e16a1d7	解答/STEP１年/第３章/補充不等式	61	12
adeb5653cc2294473e88c23d6bfc4be3	基本問題	55	10
d6ae00d77468471c0fba3a53a0273891	改・未来へひろがる数学1_墨消し	43	1
4f398cb9d6bc79ae567298335b51ba8a	サクシード数Ⅰ_第４章 図形と計量	380	14
6a9aeddfc689c1d0e3b9ccc3ab651bc5	test pdf	1	1
fbefa505c8e8bf6d46f38f5277fed8d6	w01_0409「二次関数」	5248	28
fd9dcf1d146272bb05c490d790b6da52	社会8(3-②)地理	10306	99
5133aa1d673894d5a05b9d83809b9dbe	春休み明けテスト問題用紙	106	38
531db99cb00833bcd414459069dc7387	(A1) eCR1-11.How the Tiger Gets His Stripes	1752	57
356fbc3c3158bc7a5932461b635064a2	SA 4 Post-Quiz	1	1
9596fef7e29086a6ab33b42e326c9a73	11 外角の二等分線の定理 解答	887	87
a9813e9550fee3110373c21fa012eee7	箱ひげ図で考える＜宿題＞	6102	23
3eb2f1a06667bfb9daba7f7effa0284b	15q	57	3
d7e4cdde82a894b8f633e6d61a01ef15	L01_Part1,2	25	1
e00406144c1e7e35240afed70f34166a174	The Adventures of Sherlock Holmes_eCR L11-2	12	1
7c5845cea683556d813ebd657e8cca01	７章データの活用(代表値)	571	83
72a18efb5f9cc44f119aeac6fe4bb42a	01_３年数学「図形と相似」週末課題	2	1
5ad4f73ea28ca73f8fe529067b237db1	20_図形の調べ方Bライン解説	625	64
955d864a62659945cc9434898e275deb	学習プリント「のためカンタービレ」	683	52
2ff1bae67446353d609918975ef1d0e4	第20時 メネラウス・チェバ	2	1
e6d8545daa42d5ced125a4bf747b3688178	THE FLOPSY BUNNIES_01000554	2	1
648f4baa45889f9c5f4f7add35862841	ADorSA 17 Post-Quiz	16	2
f2b41808a36363e7279128bf0b6104f1	0628_03方程式（割合）	132115	118
1e6e0a04d20f50967c64dac2d639a577	test pdf	19	2
41c8606b0574441a259b1e14538ec466	12.0110総合問題（西京の入試問題１）解答	451	57
b197ffdef2ddc3308584dce7afa3661b175	L1-1_The Fox and the Stork_e-future Classic Readers	28	2
dd32544610bf007f0def4abc9b7ff9ef	シリウス21発展中2英語	153	7
1686c5ec96f728148f941ab2b0f2cc35	34_３年数学「関数と内接円」週末課題No.34解答	19	6
2f3680790ac607007e3443a317871dd5	AD4 answer	1	1
1597d21403f63da1bb0539592597a525	２章　文字の式	681	37
b207f5c56605a9d1a22e1e134fe95ba9	01おうぎ形の計量	6603	118
767b2cc82cecc0385fe6f1086dd2c748	前期期末テスト数学模範解答	2	1
10a7cdd970fe135cf4f7bb55c0e3b59f	外接四角形と内接四角形	24	10
b9f94c77652c9a76fc8a442748cd54bd	サクシードⅡB 6. 等式の証明～ 8. 不等式の証明	152	9
6afd3a1bbb557f8e05f45ded7bf96836	10_一次関数Bライン	715	26
b9141aff1412dc76340b3822d9ea6c7286	◆中１数学STEP 算数の復習/ 第１章正の数と負の数/ 第２章文字と式/ 第６章空間図形/ 第７章資料の整理/ 学年末問題	11	3
3d1296c4b4b859ac2fb14019654a5f57	w02_0416「図形と相似」	20082	89
bf201d5407a6509fa536afc4b380577e	小学5年生　たしかめシート　	7	2
ebd6d2f5d60ff9afaeda1a81fc53e2d0	STEP１年/第５章/１平面図形	437	20
b8dd669b1ae9049e3101e504cfa86911	GW-2解答	53	10
14ad095ecc1c3e1b87f3c522836e9158	R4「自由研究」1レポートの書き方 	183	22
62d7cfaa9f6b9ccf1bb85607bb6e7a13	0114_連立方程式の利用(仕事食塩水)	7757	117
6e4243f5511fd6ef0f03e9f386d54403	［サクシード数A］第２章 図形の性質	7	1
4efa8b668ee1198289bb15965d9705b6	AD-12 answer	1	1
afe434653a898da20044041262b3ac74	L2-10_The Origin of Fire_e-future Classic Readers	14	2
f73850aa36d8564629a0d62c51009acf	SA2 answer	1	1
1649f854581e9c03bc2c4e06023c5b99	0618_01方程式（いろいろな方程式）	31684	40
cef1b938860dd6718de5eaae697b60e5	地理_日本の地形	9	4
6786f3c62fbf9021694f6e51cc07fe3c170	L6-10_The Prince and the Dragon_e-future Classic Readers 	130	1
758a06618c69880a6cee5314ee42d52f	2019 Word List4	173	17
9cea886b9f44a3c2df1163730ab64994	資料作成用教材サンプル	68	1
4ee0932f46276313b51570f46266a608	二次方程式「二次方程式の利用9」（連立二元二次方程式）	215	63
9426c311e76888b3b2368150cd05f362	数学18(5-②)	18997	102
6948bd44c91acd2b54ecdd1b132f10fb	ADorSA 17	10	1
f04b8b59e703ac3889bf1ce4ca52db81	w16_0709「三平方の定理」	9097	63
4772c1b987f1f6d8c9d4ef0f3b764f7a	168q	3	1
2119b8d43eafcf353e07d7cb5554170b	02_文字の式～食塩水の例題～(解答)	494	89
6a8018b3a00b69c008601b8becae392b	Disappearing Prairies_B1+-lv5	218	13
8133415ea4647b6345849fb38311cf32	空気砲の長さと威力の関係を探る！	67	10
6693a7aacb8a2e74c6f5fe91bc39864b	大問20　解説訂正	98	30
f09696910bdd874a99cd74c8f05b5c44154	QMT4P1_場合の数と確率１_H問題解答_rgb	2	1
b97f138920c54acf5eb77d23bc318b12	No.29(0227)	9730	84
580d8cf08402b9900c49b50f975cc625	テストPDF	2	1
674e68d7f978c31eafc8e7a300ce9bc2	No.29解答例	120	28
c1aff6753244c6ee93d489992b51f012	SA 42 Pre-Quiz	1	1
558e3aa9f7f9b7049d1fadda292d23a1	08.1118総合問題（レインボーブリッジ／速度と所要時間）	3	1
b3d6e130a30b176f2ca5af7d1e73953f	0610三平方の定理（基本演習）	420	58
7842858ddde53cb0a24dc8c9fea4f92b	07_後期中間数S	150	18
51ecca3abb51c77a924057626825f6a3	AD 14	10	3
01d8bae291b1e4724443375634ccfa0e	９月２４日	4063	19
ceb0595112db2513b9325a85761b7310	改サクシード数A_第２章 図形の性質mix	1103	31
4f5a97cf06cf69028997db51d8726d28	青チャート数Ⅲ_第8章 積分法の応用	23	2
b1563a78ec59337587f6ab6397699afc	STEP１年/第４章/１比例	854	19
3f7f7794da20d537bf1da2e615ce82e5	Lesson04 様々な疑問文	205	25
680390c55bbd9ce416d1d69a9ab4760d	0518角度問題	3654	116
afe434653a898da20044041262b3ac74172	L2-10_The Origin of Fire_e-future Classic Readers	100	3
feddfedc98490ed7e123db392f076fa1	かなづかい	14	3
12bcd658ef0a540cabc36cdf2b1046fd	0914解答式の展開と因数分解（因数分解発展２）	200	50
b9ba7122b9e4bdbedf144589ffd294f5	言葉の用法	4	2
07844316ab7bf7fb3e3378086ddd2ac5	0227_規則性演習プリント(総復習)	3461	27
2201611d7a08ffda97e3e8c6b667a1bc	中学生の歴史「第３章　第５節　社会の変化と幕府の対策」	6	4
945bcf80a53881dafde56a1aef8f627e	文法	16	2
8d8875e24e23d69f253a077f447ed7c3	30(0221)解答	29	14
dcf3219715a7c9cd9286f19db46f2384	AD 28	5	2
075b24b68eb3cb44b3fa4e331d86db89	３年第１章B-lineテスト問題用紙	19	2
7d2a383e54274888b4b73b97e1aaa491	週末課題no.1	32	9
22b55de76e6a8c7258e4661e8343ff3e	0519図形の調べ方「角度演習」	7151	40
2ba8698b79439589fdd2b0f7218d8b07175	TIMMY TIPTOES_01000556	4	1
5ce55aca7691670cc15a805d6b071a49	The Magic Fishbone	90	5
6d4f95bf53bba28f148641c8561dbf98	⑬12月14日	6999	35
26310c700ffd1b5095454f336ae96648	８章規則性(群数列) 解答例	1176	101
51ef186e18dc00c2d31982567235c559	2019 シルエットクイズ　教師用デモ	1545	17
05425f51eaeab268c26a5d42f2ccedaf	青チャート数B 第3章 数学と社会生活 (問＆解答)	70	10
555d6702c950ecb729a966504af0a635	シリウス21発展中1	1125	11
f0837f171aae7ccf1a8909b6a0cc3559	演習（工夫した計算０）	11830	120
d38901788c533e8286cb6400b40b386d198	PETER RABBIT_01000545	2	1
52dbb0686f8bd0c0c757acf716e28ec0	06_後期中間数学Ｓ解答例	40	6
db68512896941514a089c37392f0683b	英語16(4-④)	7496	107
a569398d13eb87b14276380d2921ddbc	w35-2解答例	83	29
a0833c8a1817526ac555f8d67727caf6156	QMT4A1_数と式１_H問題解答_rgb	9	3
eed5af6add95a9a6f1252739b1ad8c24	解答_第５章相似２平行線と線分の比３平行線と線分の比	3	1
2cad8fa47bbef282badbb8de5374b894	2019二次方程式_文章題2「図形問題」	6488	20
5edbb88e4a0768a67fc6804f9d2b7944	年度末演習（前期数S抽出問題）答え	192	27
10a9288f519d683f87f6443f7b6810e6	0229桜の開花予想2024	259	29
444b0d9a802792791bb9a2da568b463d	3級答え	1	1
59727fa212140da7999b9e659b3196aa	33_３年数学「R4西京入試2」週末課題No.33	66	10
d240e3d38a8882ecad8633c8f9c78c9b53	高１ 青チャート/数A/ 第３章図形の性質/ 第４章整数の性質	138	11
f055c54d16a8cc75a8cc996511cc9a9c	春課題B（入試問題編）	25611	123
f12f2b34a0c3174269c19e21c07dee68	(A1) eGCR. MA.2-4-The Jail of Magic	3390	98
bf2d393bc9e2e34fd5705f92a5cebe79	11_生徒解答	512	58
243be2818a23c980ad664f30f48e5d19	改・サクシード数Ⅱ_第4章 三角関数 	3452	42
882735cbdfd9f810814d17892ae50023	青チャート数B_第2章 空間のベクトル	2	1
7f2be1b45d278ac18804b79207a24c53	06後期中間テスト直し	48	5
b0f2ad44d26e1a6f244201fe0fd864d1	内接四角形の面積1017	3585	40
0887f1a5b9970ad13f46b8c1485f7900	Element 9 Group D	10	2
cceb1161867ab91def7fac026ead455c	AD14 answer	2	2
86e78499eeb33fb9cac16b7555b50767	STEP２年/１年の復習	317	9
a4939072217b46203c4f5764cb4dac40	春課題B解答例（入試問題編）	1075	25
37e7897f62e8d91b1ce60515829ca282	2020休校中の課題（解答）	11842	39
043ea4eb48d314b91e95fb5052d3d8f0	0513 前期中間過去問より	2016	86
39016cfe079db1bfb359ca72fcba3fd8	02_３年数学「図形と相似」週末課題No.2	519	22
7a22c0c0a4515485e31f95fd372050c9	AD-8	3	1
4afd521d77158e02aed37e2274b90c9c	解答/STEP１年/第７章/資料の整理とその活用	349	11
9ca90a44a71f38e32bc76ac9117f724a	地震～基本から応用～	277	15
c8720c9e82b818798e7b391fd62adf33	0524 図形の調べ方「証明練習１」　解答例	217	43
12f73080e04ce0d8e95defb577ebc3f4	SA-11 answer	1	1
991c0955da231335e4864d3389698fd5	0924_03比例，反比例の利用（垂直に交わる２直線、動点問題）解答例	573	53
a2802cade04644083dcde1c8c483ed9a	No.19(1116)6-3	30892	110
eddb904a6db773755d2857aacadb1cb078	◆中３数学STEP １、２年の復習/ 第１章式の計算	605	8
fe8c15fed5f808006ce95eddb7366e35	Unit1-4	60	13
d1dc3a8270a6f9394f88847d7f0050cf	【解答解説】青チャート　数Ⅰ 第１章 数と式	4221	27
c77bfda61a0204d445185053e6a9a8fe	211117演習用①	11879	45
d759175de8ea5b1d9a2660e45554894f	4点を結んだ図形の面積	646	19
e41e164f7485ec4a28741a2d0ea41c74	春休み明けテスト解答	39	12
e0c641195b27425bb056ac56f8953d24	解答_第５章相似１相似な図形２三角形の相似条件	8	1
3ea816621e0d8ecd5e534ec28051d4d5	ELEMENT U4 Day 3 text 	2497	40
ea6979872125d5acbac6068f186a0359	145q	5	1
25caef3a545a1fff2ff4055484f0e758	テストPDF	32	2
20c9f5700da1088260df60fcc5df2b53	電車と自転車	5054	39
6c8dba7d0df1c4a79dd07646be9a26c8175	The Little Prince_eCR L9-1	25	2
13dfe127c6d40641c7ad9fd60ef8701d	【問題・解答】令和５年春休み課題テスト	8	1
5523d651bfb642be33057a3b78d02c9e	No.11(0830)	868	27
68dd09b9ff11f0df5624a690fe0f6729	R4_夏休み課題_ペンストローク動作テスト用_2208	78	5
16e66f0d674db0deec510772414cd5b1	14 平行四辺形	21689	119
57b33ae6c0bf00c454900bea31d88893	No.20(1002)タッチペン	34932	114
c930eecd01935feef55942cc445f708f	L4-1_Puss in Boots_e-future Classic Readers 	24	2
ad972f10e0800b49d76fed33a21f6698	STEP１年/第１章/３乗法と除法	12	3
2f2cd5c753d3cee48e47dbb5bbaed331	SA-24	5	2
e70981fd305170c41a5632b2a24bbcaa	5分間テスト解答No06	27	13
82dbce7b4ff9f093aa7ff9c43ae70d8a	AD-6 answer	1	1
832688ff5af6c6dfef974773740ef2b5	二次方程式「二次方程式の利用11」（関数）	61	29
cfee398643cbc3dc5eefc89334cacdc1	解答_第６章円１円３円の性質の利用	10	3
cf040fc71060367913e81ac1eb050aea	test_vocab_quiz_takii	79	3
3ff4cea152080fd7d692a8286a587a67	SA 11 Post-Quiz	1	1
015e31933548461020e2ba448e85995e	ENE・FARMは本当にお得？	54	20
af8d9c4e238c63fb074b44eb6aed80ae	青チャート数Ⅰ 第1章 数と式mixR	1639	48
68bc9477d0f2c908eed9498bf926d89e	SA 42	5	1
b527e953c64bdaef2ca06d4b3c4e59b1	WH No.27 模範解答	159	66
ee6db9134a1add4f17b85c426b019a0d	令和５年度　前期期末テスト(数学) 模範解答	1117	118
9ddc70b3617c3e65c03fa63c230a1705	前期中間数学模範解答	279	39
a20806b3c15ea015afefcf7e0800e978	【西京附属中：新井】R06 数学科学習指導案【様式B】 4	1	1
59139a91a16c9b09a388091bdfe639de	改・青チャート数Ⅰ 総合演習・実践編(問＆解答）	117	5
539fd53b59e3bb12d203f45a912eeaf2	シリウス21発展中1	1075	15
8b4224068a41c5d37f5e2d54f3995089	unit7-2	875	21
9c0ddedc5328cfa7f7f97cab05b1338b	22-WH　解答	317	89
24bcb4d0caa4120575bb45c8a156b651	2章Blineテスト模範解答	402	42
85f007f8c50dd25f5a45fca73cad64bd	週末課題no25解答例	65	23
460191c72f67e90150a093b4585e7eb4	６章空間図形　立体の切断面を考えよう②(模範解答)	36	16
a68259547f3d25ab3c0a5c0adb4e3498	規則性演習プリント（大学入試問題に挑戦）解答例	339	75
84b64e537f08e81b8dea8cce972a28b2	7章データの活用レポート	1475	71
e38e37a99f7de1f45d169efcdb288dd1	空間図形(立体の切断面を考えよう②)_解答	40	14
4123e5cc43794e5972cee1cf00382445	６章空間図形　立方体の切り口の形　発展問題	5673	115
f7efa4f864ae9b88d43527f4b14f750f	9/11test3	2	1
9cbe38ee91368cef7c0f22de9c3461e3	03.1206総合問題（円周率）解答	149	37
277281aada22045c03945dcb2ca6f2ec	内接外接正六角形	1584	37
a8240cb8235e9c493a0c30607586166c146	CMT1E1_比例・反比例_問題解答	21	1
61a10e6abb1149ad9d08f303267f9bc4	ADorSA 8 Post-Quiz	1	1
b86b8c4fa6f55a31dd1964bd374d654f	0226_規則性演習プリント（階差数列）解答例	365	24
09eb27dec1a45d92f229228204ea7201	FINAL DRAFT_LESSON 6 仕事・雇用	131	2
266ccf250c096ea8553de20a07f6f4c7	Baseball ABC	313	9
d01c25576ff1c53de58e0e6970a2d510	週末課題No.19解答	74	26
ffc240fc1e1b0a7046828ca0e7877d9f	11.1220総合問題（2025年問題）解答	183	49
838dc9de386130f83f625a98d1ea561f	0219_規則性演習プリント（等差数列）解答例	180	20
a1140a3d0df1c81e24ae954d935e8926	763_円柱と6つの球	15	7
b265ce60fe4c5384e622b09eb829b8df185	L3-1_The Golden Goose_e-future Classic Readers	9	1
934815ad542a4a7c5e8a2dfa04fea9f5	770_【基礎】立方体の切断	20	6
b91f4f4d36fa98a94ac5584af95594a0	0215自宅学習課題（解答例）	11	1
d921c3c762b1522c475ac8fc0811bb0f	テストPDF	4	2
fe9007d32710deccee9063a381e71ac5	23_生徒解答	254	36
a754fc1765a45a6bc1a034140afd0669	A Story Garden for Little Children	139	8
8217bb4e7fa0541e0f5e04fea764ab91	保健体育１	1412	104
4ffce04d92a4d6cb21c1494cdfcd6dc1	週末課題12	133	22
c600b4b49faa3a2a165242e90ca21ac3	規則性演習プリント（大学入試問題に挑戦）	692	92
f5e0906e0da1a657230cf930de854408	No.35(0129)タッチペン	6065	33
ac4d17530106c3e3c2fb5e2dad0e51b7	147q	13	2
1f4183315762e30ea441d3caef5e64ad	教科書(709) 数学Ⅱ	3564	47
288cc0ff022877bd3df94bc9360b9c5d	第７章三平方の定理２三平方の定理の利用２空間図形への利用／演習問題	1271	28
abd1c782880cc59759f4112fda0b8f98	比例，反比例の利用（交点の座標、図形問題）	1892	37
571e0f7e2d992e738adff8b1bd43a521135	CMT3C5_２次方程式_問題解答	136	3
e4d2b6e6fdeca3e60e0f1a62fee3d9dd	0610三平方の定理（基本演習）解答例	281	67
1de5b30a72e738862b9f25c1131f2a98	03-2GW課題 相似の組み合わせ練習問題	138	19
7c5feb07041100d3cf5e2e86613f8d87	0206_「紙の形はどちらがいいのかな」	212	16
d9437926cc8d785a7bdb8578fd85d8e3	改訂版サクシード数Ⅲ 第1章 複素数平面 (問＆解答)	1053	42
7503cfacd12053d309b6bed5c89de212	現代を見る　Unit13	398	31
8fb21ee7a2207526da55a679f0332de2179	L3-10_An Uncomfortable Bed_e-future Classic Readers 	18	1
5d6646aad9bcc0be55b2c82f69750387	2019二次方程式_文章題4「割合問題」	65	3
993e2921b4681af69dd9c0baeb9225e2	6_1規則性演習プリント(総復習) 	451	18
e19099504769f3f7eb7e2f8b933db898	3章方程式・不等式　「いろいろな方程式１」　(連続する整数)	1693	120
805d94d14046509f82c7bdb1819c64af	0529宿題（図形の調べ方）	1517	32
185c29dc24325934ee377cfda20e414c	20_円の性質分布	27	9
c57abe86de4e516e12dfa386053fbfe2	GW中の課題（模範解答）	2860	38
59f8c60b48c6ee178ca96d1e88e0460a	20_３年数学「三平方の定理」週末課題No.20解答例	72	20
d75320797f266ba9ed6dd6dc218cb1b5	テストPDF	2	1
ade1d98c5ab2997e867b1151a5c5028d	AD 32 Pre-Quiz	1	1
0118a063b4aae95277f0bc1752c75abf	1級　3－1　2021年第2回	8	1
50075d2902d41e5cb9903a24689a7d78	The Boy\'s Book of New Inventions	22	4
c6e19e830859f2cb9f7c8f8cacb8d2a6	学年だより（４月）	17	7
d707329bece455a462b58ce00d1194c998	【解答】高１ 青チャート/数Ⅰ/ 第３章 図形と計量	3	2
c00f93e02693afe23176023140a46225	中1国語「 言葉の単位と分節」改	11	3
7f16109f1619fd7a733daf5a84c708c1	学年だより12月	4	1
2ac2406e835bd49c70469acae337d292	test pdf	1	1
b0a3f2a0d6f86051e6ab6c49d6d99e75	No.26(0226)タッチペン	5346	78
773e3c5180b1c11c54105deb682a6e21	The Butterfly\'s Funeral	54	3
7b806e466d358875191619d70dfe2091	More Russian Picture Tales	3	2
752d25a1f8dbfb2d656bac3094bfb81c	【数S Monday】20191028実施15「平方根1」	1585	17
a113c1ecd3cace2237256f4c712f61b598	改訂版 数学A（327）	26	2
3341f6f048384ec73a7ba2e77d2db48b	The Picture of Dorian Gray	7	2
8e452e79cd525671ce2fb6997b73aaf9	Twas the Night before Christmas: A Visit from St. Nicholas	6	3
c19af480c40e343bbac3e2c01967b09f	青チャート数Ⅰ_第1章数と式mix	1	1
a714ec6796f638ba4d5792f78dccd134	41-A2-2	1	1
e2575ed7d2c481c414c10e688bcbc4cf	7章データの活用解答例「整理されたデータの読み取り」	121	26
d38901788c533e8286cb6400b40b386d224	PETER RABBIT_01000545	4	1
9a85c12a21b76392747906fc7b2aff92	青チャート数Ⅰ_第2章 2次関数	9187	56
7a02741932bb4c9d3920fbc2f4b6080f	２年数SMondayNo37	11577	98
7eb3c8be3d411e8ebfab08eba5f49632164	Heidi_eCR L8-2	2	1
dfc69ee4c48a622e2bcda2c3d2a219d0	No.27(0207)2-1解答	231	13
93129bca9fb2d3cb3470e2b9cfde7f63	６章空間図形　立方体の切り口の形③	125	11
7e9e346dc5fd268b49bf418523af8679	STEP１年/第６章/３演習問題	130	9
38181d991caac98be8fb2ecb8bd0f166	(A1) eGCR. MA.2-5-The Story of Dark	3469	93
fced4f35799409dd854ebeaea7db546d	第8時　内分・外分解説	178	27
e3796ae838835da0b6f6ea37bcf8bcb7	test pdf	1	1
72e6d3238361fe70f22fb0ac624a7072	【数S Monday】20200127実施20「関数y=ax^2」1	1128	17
a3fc981af450752046be179185ebc8b5	２年数SMondayNo15	9012	32
9eb53b5052d534ea2619ca03b5649af7	0309桜の開花予想資料2  2022	29	9
b8cfbf77a3d250a4523ba67a65a7d031	［サクシード数B］第3章 数列	2	1
d4b2aeb2453bdadaa45cbe9882ffefcf	学年だより（10月）	7	3
acf922154627f6788918f03c42b123cd	国語11（４－①）	5267	104
2130eb640e0a272898a51da41363542d	⑦１０月１２日	6893	37
82b8a3434904411a9fdc43ca87cee70c	【解答】高２ 青チャート/数B/ 第３章 数列/ 第４章 確率分布と統計的な推測	2	1
d4ca950da1d6fd954520c45ab19fef1c	No.14(0926)解答	25	12
1d8c9f71eaa6923fc9d3cd5d10aea4ce	３年数SMondayNo4	11430	102
ef2ee09ea9551de88bc11fd7eeea93b0	Element 9 Pictures	13	1
d0f3cac4d12fa2668b1ffbc4e3254253	0302箱ひげ図（紙テープを切る）	20	10
f657fe6129962ac0a912607080db1d2c	11_前期中間数学	433	28
3a61ed715ee66c48bacf237fa7bb5289	test	2	1
83e8ef518174e1eb6be4a0778d050c9d	04_前期期末数学2019	18	6
d38901788c533e8286cb6400b40b386d211	PETER RABBIT_01000545	2	1
27e9661e033a73a6ad8cefcde965c54d	２年数SMondayNo31(二次関数）	13363	104
31929d25d1c8e249e562153efe1dc65b	No.10	27	8
481d66d7006b307451e463d71d2fc53f	36_円の性質Bライン解説	82	16
e7b24b112a44fdd9ee93bdf998c6ca0e	論文	307	10
0f9cfb7a9acced8a4167ea8006fdd080	0701_2三平方の定理（16-2正四面体と球の公式）	494	93
aeeb6d8bc184c5473157d214fd1dd3e8	総復習01_因数分解模範 解答	152	15
effbafd134873f47f49c740581fb1854	02_前期中間数S	4034	36
a4d3af69a34ee0822adcbfc50bf1ded5	１年数SMonday確認テストNo19（12/14実施分） 	21614	117
d6723e7cd6735df68d1ce4c704c29a04	解答/STEP１年/第４章/４演習問題	56	11
6600e06fe9350b62c1e343504d4a7b86	51_式の展開と因数分解解答（解説）	578	80
868b7df964b1af24c8c0a9e43a330c6a	(A1) eCR1-13.The Rat Catcher	2063	64
4625d8e31dad7d1c4c83399a6eb62f0c	2章薬師算	4850	122
d6c651ddcd97183b2e40bc464231c962	2年数学2年5章「図形の性質と証明」1節三角形03三角形の辺と角の大小関係1問題	8	4
2a232fce8107a69a090fba557c8292bc	A Child\'s Garden of Verses	46	4
cc1d70ad9d0ce820738dc9ffc4053a76	36円の性質　自己評価　生徒例B組	93	12
00755a54ea07fa69087afa4ffe9955e7	12(0830)　GOALに入力しましょう！	17793	105
c930eecd01935feef55942cc445f708f203	L4-1_Puss in Boots_e-future Classic Readers 	12	1
d828725179d622a56f951e527a966ed7	７章データの活用(場合の数)	5710	120
0f3ea482c9513bf4548f302a46d9932d	0704_06不等式（性質）解答	324	36
4d2356339f13e4b3d5aec55ba88a6019	25_３年数学「平方根」週末課題1122 解答例	493	48
d1942a3ab01eb59220e2b3a46e7ef09d	Summarize Unit 15	151	6
0d73a25092e5c1c9769a9f3255caa65a	12月16日	2075	15
aab11087c24981eb0e03846792ff5718	連立方程式（2/2火 予習紙芝居）	6170	116
bba6bca05fecde04c682328e44b974b7	2020中3数学週末課題08解答	110	13
99c5e07b4d5de9d18c350cdf64c5aa3d	解答/STEP１年/第２章/３演習問題	5	3
d38901788c533e8286cb6400b40b386d202	PETER RABBIT_01000545	2	1
47a658229eb2368a99f1d032c8848542	CMT3K5_円_問題解答	1	1
d532f8e870faf8a0d8f6433b7952f38d	【解答編】シリウス	4180	29
8b16ebc056e613024c057be590b542eb	解答/STEP１年/第２章/２文字式の計算	51	8
146389f11f0e76cbc28ca267a34353a7	芳賀1組2組 Element II Unit 3 Day 2	7885	36
0829424ffa0d3a2547b6c9622c77de03	17期生 朝リスニング #0.1	296	35
4fc41324cdfa35c1b9e2f8d59371eb20	18_１年数学「資料の活用」週末課題No.18_解答	1138	57
03db60c2331018b18c4166c1787072fe	１級　2022年度第2回	108	8
0a0a0c8aaa00ade50f74a3f0ca981ed7	改訂版 数学Ⅲ（322）	21	1
5735c3a7aa6ffcfe6ab123835584db75	0422週末課題No.2	84	13
1387a00f03b4b423e63127b08c261bdc	No.1	73	16
8a0e1141fd37fa5b98d5bb769ba1a7cc89	Z会問題_中学	90	12
37bc2f75bf1bcfe8450a1a41c200364c	2年数学2年4章「図形の調べ方」1節平行と合同01導入	8	4
cf0d02ec99e61a64137b8a2c3b03e030	39_週末課題No39	657	63
aa7d66ed4b1c618962d406535c4d282a	二次方程式のいろいろな復習 解答例	527	59
26dd0dbc6e3f4c8043749885523d6a25	2年数学2年5章「図形の性質と証明」1節三角形01導入1問題	5	3
81e5f81db77c596492e6f1a5a792ed53179	JOHNNY TOWN-MOUSE_01000557	6	1
58ee2794cc87707943624dc8db2ff5a0	２年数SMondayNo7	21324	101
27ed0fb950b856b06e1273989422e7d380	◆【解答】中３数学STEP 第５章相似/ 第６章円/ 第７章三平方の定理/ 第８章標本調査/ 学年末問題	7	4
02ddce85370273e5cc226cf6effc0fd8	The Story of a Pumpkin Pie	890	32
46f6341ce05f71416cddc3e42a76102c	1011因数分解と整数解	402	62
cae82d4350cc23aca7fc9ae38dab38ab	test_bookroll	127	3
9800aa6dd63426e5155b76b184510f46	１級　2022年度第1回	79	10
4424ce31e37d8c81d626e3b5a3024da5	6章Blineテスト模範解答	1522	121
b1da5960a28a9deb6af4e028880d625b	AD 24 Post-Quiz	3	2
40641914166f1cba1d06c020e462ff8e	AD11 answer	3	2
4042d0c6a49921c64c6406c8921c9139	22 正四面体と円柱（西京入試問題） 解答	140	31
4375b1899f2a38ba3d4c7d08793325ec	03 相似の証明	88898	106
72a6d73ab903ffb7b81f5fc679103a7e	0424_１次関数「３直線が三角形を作らないための条件」	376	70
d305281faf947ca7acade9ad5c8c818c	週末課題no27解答例	86	17
7439aebdba054f0d586d486ef2aff185	testPDF	1	1
cb59b747f88a35e0d452377f60f7c25f	20a	40	3
1f689175473dcc4f921a76933e45bbb5	冬休み課題（高校）	236	71
78bbb28f2ca60a5b9e82650b8b297cd4	No.10	23	10
8efa2947340ebba3304c9a0374a037e7	0226_規則性演習プリント（階差数列）	1964	39
2bd388f731f26312bfc0fe30da009595	SA 6 Post-Quiz	1	1
e0d2fe50debfaec6b2d7bafdd9d936c8	第17時 正四角錐・正八面体の内接球	688	79
f0f254331b4693742ea6cc1379b84e73	３章方程式(利益・食塩水)	1671	35
83f97f4825290be4cb794ec6a234595f228	現代を読むNE	3066	36
93d65641ff3f1586614cf2c1ad240b6c	高２ 青チャート/数B/ 第１章 平面上のベクトル/ 第２章 空間のベクトル	3	2
4fd31a77f882ecb871a3f0fb44e1a4d0	冬休み明けテスト 兼 2年1章Blineテスト  問題用紙	1312	66
d71abbcc8fbb80bcfa7e373dd48b4e2a	The Fox Jumps Over the Parson\'s Gate	15	3
b4892f808f9efbd561cecbfbec3ad20d	AD-18	1	1
3b3dda5d26f6b954027854709b476c75	AD 11 Post-Quiz	1	1
afda332245e2af431fb7b672a68b659d95	青チャート　数A　第1章　場合の数	3	2
c74c4bf0dad9cbae3d80faa054b7d8ca	0628三平方の定理（角錐の体積）	497	111
8430b32b5bac908e765df8813d4405c5	ドミノ速倒し大作戦！	109	17
3e55526969e8df9ffaefe69d1d590825	07_後期期末数学解答例	231	60
8ab84c57bf234ea2e3bf8330b47c2db1	06 方べきの定理	2258	44
d96409bf894217686ba124d7356686c9	週末課題03	43	13
601ac804ce8eac52499a1cde96bae911	13_週末課題no.13	324	48
758874998f5bd0c393da094e1967a72b	第５章相似２平行線と線分の比３平行線と線分の比	16	6
7bcd91571fc1119e87d81e1054255e73	R03_2年冬休みの課題プリント（答えのみ）	980	35
3b220b436e5f3d917a1e649a0dc0281c	02_前期中間数S	149	11
a8442efac020cf971575de816beb459e	01_2 三平方の定理の証明 解答	105	26
7876acb66640bad41f1e1371ef30c180	(A2/B1) PYPR. 3-03/Sea Dragons	378	15
4f6aea3724faf620b6c218b66ae7310d	99 数学的活動（三角形と円）	2	1
1afa34a7f984eeabdbb0a7d494132ee5	夏目漱石について	4597	83
c2aee86157b4a40b78132f1e71a9e6f1	【解答 】中１数学STEP 第3章一次方程式/ 第4章比例と反比例/ 第5章 平面図形	19	2
bae175604f2b1309ea6a36453190b70e	5分間テスト解答No08	2	2
c8cc6e90ccbff44c9cee23611711cdc4	空間図形(立体の切断面を考えよう①)	119	39
748c5881461367ab9eed5af82966a480	(1117)３学年同時数Ｓトライアル	2	1
30f48cd3c7e73511070b95ee0a884c23	TestBook210526	17	2
63154d5661f774fb7d2d11701d466aa2	クイズ追加サンプル	109	5
83451e7ef8755c2a8f464093c808f529	１年数SMonday確認テストNo18（12/07実施分）	23499	116
7610db9e380ba9775b3c215346184a87	SA 93	3	1
9808ae38758804501ca3fc0697050e03	U2-P06	3	1
220c77af02f8ad8561b150d93000ddff	(A2) ACS.18-Snow White and Red Rose	773	24
601040bb131db3d614d140f9cd43c242	SA40 answer	1	1
0f840be9b8db4d3fbd5ba2ce59211f55	【解答】高１ 青チャート/数A/ 第３章図形と計量/ 第４章データの分析	8	2
fe09f091f5c661afdf1f5069a4136735	a_sample_pdf_file_0613	16	1
75a6e5993aefba4f6cb07254637a6133	SA 28 Post-Quiz	1	1
fe2b952bd6b9030970b3866b328bd9c7	06_週末課題no.6	135	43
1511919f603e917ae2f763b63c5c15b6	22_週末課題　２年２章連立方程式(工夫した解法)解答	58	12
986648642d1a68a3178f6869689cc260	改訂版サクシードⅡ 総合問題  (問＆解答)	1	1
884ce4bb65d328ecb03c598409e2b168175	THE PIE AND THE PATTY-PAN_01000561	8	1
ebf12cb74e96e67e63783d93c534ef27	メニューAlienSeries!	19751	421
48cb136b65a69e8c2aa22913a0d91b2f	第6時 平行線にはさまれた線分の比	964	49
acf06cdd9c744f969958e1f085554c8b	国語5(2-①)	16	3
991de292e76f74f3c285b3f6d57958d5	【数S Wednesday】20190925実施11「展開」	3686	19
b495ce63ede0f4efc9eec62cb947c162199	SAMUEL WHISKERS_01000560	1	1
bcf9d6bd14a2095866ce8c950b702341	二次方程式「二次方程式の利用4」（各種方程式）解答例	326	61
2548a4ac7ad6eddd035bced24ec6d964	［STEP中３］学年末問題	1	1
3328bdf9a4b9504b9398284244fe97c2	2019　1年生　スピーキングテスト　更に練習②　英語の答えのみ	22	8
aeb66737d37cac958fe772e12c5c16dd	1212二次方程式（解が与えられた二次方程式）解答	132	41
66121d1f782d29b62a286909165517bc	改・サクシード数A_第1章 場合の数と確率	20363	121
9f667326187d83f1ef7c6aa0784808f6	5分間テスト解答No01	2	2
de9621d4c6fa69ce8aaa90f00e9110c5	［STEP中3］１、2年の復習	1	1
d43ab110ab2489d6b9b2caa394bf920f	【解答解説】青チャート　数Ⅰ 第１章 数と式	1	1
bb8fbba83e94ed1b810468317bf9d286	コロッケ問題	70	11
adc961e9beb67689b0ee5d49ee0b711d	1017作図・作図2 解答例	38	9
7e8dae845c0913d1bff36953378df627	0618_01方程式（いろいろな方程式）	2	1
5c936263f3428a40227908d5a3847c0b	2019夏休み課題プリント	23369	45
49182f81e6a13cf5eaa496d51fea6406	週末課題07	60	14
4427350b39dcbd8e8da4f053283e3984	34_３年数学「R6公立前期」週末課題No.34	2	1
bfdbc88767ec7e391c7ceb9dd747f440	ESP32-C3-DEVKIT-RUST-1	25	3
11084aaf0a5fc9561425a254a219f6f6	05_2年数学週末課題「一次関数」No.05	3	2
1343777b8ead1cef5a79b78a1a48d805	22	1	1
240497d1c93f3ea543976e5f331f3f9d	SA80 anwer	1	1
a6db4ed04f1621a119799fd3d7545d3d	(B2) eCR10-04.The Canterville Ghost	262	11
9cafd121ba982e6de30ffdf5ada9ce2e	AD 16	9	2
259c22cfdc742412a89fe293b53c6e94	EEQ2019part1 a-e1202シートは18まで3	2	1
781877bda0783aac5f1cf765c128b437	AI推薦チェックテスト（10月16,17日実施）	13624	101
8c6d39a0e9e6f344fb6a2d83c7c6787c	01_前期中間数学	615	39
c00193e70e8e27e70601b26161b4ae86	芳賀5－7組 Element II Unit3 Day3	2544	31
02ed812220b0705fabb868ddbf17ea20	29_週末課題No29	193	51
59ab3ba90ae4b4ab84fe69de7b8e3f5f	問題11～20	3034	37
04da4aea8e38ac933ab23cb2389dddef	問題1～10	174	1
3d460f2a78c6332c93af8ab63bda4f63	AD 33	4	1
a516a87cfcaef229b342c437fe2b95f7	第６章円１円３円の性質の利用	7	2
92977ae4d2ba21425a59afb269c2a14e	764_正八面体と内接球	14	5
e8b1cbd05f6e6a358a81dee52493dd06	CMT1B1_文字と式_問題解答	2	2
009d69d2d1b986815e7b825382d73af5	06_後期中間	288	14
66be31e4c40d676991f2405aaecc6934	◆中３数学STEP 第2章平方根/ 第3章２次方程式/ 第4章関数	2482	14
e18b6f179b6a5a068a01655542f9b6de	1201二次方程式の利用2（整数・容積）解答	199	61
858e47701162578e5e627cd93ab0938a	(1117)３学年同時数Ｓトライアル	7039	32
fb3f76858cb38e5b7fd113e0bc1c0721	(A1) eCR3-02.How the Camel Got His Hump	753	27
2e64da0bae6a7533021c760d4ba5d621	No.18	163	46
358f9e7be09177c17d0d17ff73584307	1-B1-2	28	4
86dba86754c0ad93997a11fa947d97b2	21_前期期末数学再々々テスト解答例 	106	27
547b85f3fafdf30856386753dc21c4e1	サクセスコーチ 1年（解答）	14312	136
c82836ed448c41094025b4a872c5341e	Lord Jim	11	2
456048afb7253926e1fbb7486e699180	0308解答包絡線	47	12
349f259c872c43d1ea241ba414c5b70b	The History of Insects	29	4
0d441de75945e5acbc865406fc9a2559	数学14（4-①）	11520	95
a4f23670e1833f3fdb077ca70bbd5d66	週末課題04	72	21
497d0b20f66cebdedc7935e3ffd46efa	テストPDF	2	2
201d7288b4c18a679e48b31c72c30ded	週末課題no26解答例	135	25
cfa45151ccad6bf11ea146ed563f2119	3-B 「春に」	344	17
e8cba4b42d85228f7228c917e4c686c2	１章正の数負の数の利用(平均)	2	1
dc2b690516158a874dd8aabe1365c6a0	(A2) ACS.11-The Little Match Girl	700	30
c429429bf1f2af051f2021dc92a8ebea	(A1) RT20-Catherine the Counter	863	36
5e402abc3fedaf8927900f014ccc031f	同音異義語	10	3
35c5a2cb362c4d214156f930e7d13252	(A1) eCR2-05.The Old Beggar Woman	1689	53
4be49c79f233b4f4070794825c323733	02_前期期末数学解答例	66	17
0a988fc2992add2d3233e19c7aadfdea	w03_0424「一次関数」	16129	96
d790c9e6c0b5e02c87b375e782ac01bc	(A2) ACS.07-The Elves and the Shoemaker	529	18
4440d927e935e3273252c4be793c9152	13-1_生徒解答	322	58
e287f0b2e730059c55d97fa92649f4f2	SA 47	4	1
789ba2ae4d335e8a2ad283a3f7effced	2-B夏レポート	532	21
a7d9277053b8355e69db079f52d274e9	BookRoll説明資料_教材サンプル用_2207	453	8
3bf07985bf8a5a37fcf65989269e8edc	解答［STEP中3］学年末問題	1	1
ca43108ded5aabc7793d3f9b928cdd54	【解答解説】青チャート　数Ⅲ　第3章 関数　第4章 極限	20	1
8f1dd6e7a88b9cf615c146330c591ba9	0709_09不等式（2つの不等式）解答例	316	16
f91e24dfe80012e2a7984afa4480a6d6170	God Sees the Truth but Waits_e-future Classic Readers L6-20	39	1
bde7b6425042bc526f895b0ddf422ae9	11 折り返し・移動	7120	115
571ac6dcf08ffecf9796cb9706c75eec	No.18(1124)	17178	106
33235e3d066bad95b6eea457826f7507	３章方程式(利益・食塩水)	2166	45
7ce30eeb956b8bbdecfdb304b556edba	211117演習用③	3058	22
eb30fa42eeb3bf429cb7e3a3d7061b3b	47-無印-2	1	1
0ce2ffd21fc958d9ef0ee9ba5336e357203	As You Like It_eCR L9-2	9	2
0a90c1fdd4b06c0822b0cbfae4bb0c06	0209「図形の移動」解答	33	16
657ad4f3e2afdf70f27fe834691fb65a	総復習テスト解答例	78	30
543bec10c8325987595fcdc492a525f4	解答［STEP中2］第１章式の計算	307	29
402cac3dacf2ef35050ca72743ae6ca7	AD 4	156	3
2bf283c05b601f21364d052ca0ec798d	社会10(4-①)地理	8711	95
486fbd761bfa5400722324fdc9822adc	06_前期期末数学Sテスト	217	21
988f9153ac4fd966ea302dd9ab9bae15	二次関数4 「接線の式」解答例	1	1
fbd85d9451c0d7555518534bcbac00e3	３章一次関数 自己評価シート	100	18
112e9d677c7483747f216a1470bed734	準2級　３A　2021年第2回	39	15
a301fcd6ae4df201b8372aed34b0cbef	MATHコン：自由研究事例集（参考資料）	641	57
afda332245e2af431fb7b672a68b659d52	青チャート　数A　場合の数	174	12
8fe04df45a22b63156ebabbb064fcd5e	0502図形と相似10（面積比）解答例	213	61
77431ca7981f1f1483ae8a58bcbb6e0e	Is Your Healthcare Provider Ripping You Off	4	1
f7a82ce7e16d9687e7cd9a9feb85d187	Vintage 整序問題	1038	11
b665bf733325cebbccee5935b1272616	w02_0416「図形と相似」解答例	99	36
41f1f19176d383480afa65d325c06ed0	6月行事予定	30	13
ae3539867aaeec609a4260c6feb725f4	数学2(1-②)解答	3719	104
2ec0274c1774841e6820ad9339b81dbf	0623３章方程式(比例式)	83	19
884ce4bb65d328ecb03c598409e2b168187	THE PIE AND THE PATTY-PAN_01000561	2	1
0fe473396242072e84af286632d3f0ff	現代を探るUnit13_P28	4	1
4fd5a0fcb8a3dafb72069d69e233bd7c	04.1207総合問題（速度と所要時間）解答	107	33
c379a1046f90b893557efbd459480ae5	0531 図形性質と証明「二等辺三角形について」	521	13
e3251075554389fe91d17a794861d47b199	A FIERCE BAD RABBIT_01000564	1	1
042aec9e604155f2f06c0a16c5f9ba06	5_図形と相似確認テスト	88	35
53e19f3dbb211f20b20b45668303c1b6	７章データの活用(確率)	992	116
734805fc5d2ef6208c3e0e405b0b62ce	09_３年数学「三平方の定理」週末課題0614	462	47
75da5036f659fe64b53f3d9b39412967	R03_2年春休みの課題プリント	6866	41
20ba7f85c05c5e5b75abced9ece67ac9	TestBook210624	3	1
8a1ee9f2b7abe6e88d1a479ab6a42c5e	国語7(2-③)	7	3
faafda66202d234463057972460c04f5	【数S Wednesday】20191009実施12「因数分解1」	3261	21
c9efe5f26cd17ba6216bbe2a7d26d490	(A1) RT35-Lucy\'s Rooster	426	29
b4f1ec9f4b5c8207f8fc29522efe783d	No.1（0419）	7	3
bd4828247647544af24a15ac79a1ef9f	改・青チャート数Ⅲ 第3章 関数 (問＆解答)	4681	74
2cd2915e69546904e4e5d4a2ac9e1652	AD-2	11	1
0c12278389532e91c601af4c8adef7fc	No.3	225	34
f92586a25bb3145facd64ab20fd554ff	青チャート数B_第3章 数列mixR	102	19
0ce98f53e3aa229aa2f31b16e5dcbb4b	w10_0604「円の性質」	9003	68
ca0daec69b5adc880fb464895726dbdf	解答/STEP２年/１年の復習	84	4
0266e33d3f546cb5436a10798e657d97	シリウス21発展中1解答	32	10
63dfdeb1ff9ff09ecc3f05d2d7221ffa	0518解答角度問題	209	49
096b826c74d0c38d76aa6dbae35ed59d	青チャート数Ⅱ 総合演習第1部 (問＆解答)	198	7
671d4d4efed6a3d7029c0b266da58d63	0221_2a 関数y=ax2「四角形の二等分線」解答	2	1
d0a17b281c3e4eaef6718d891e38cb42	テストPDF	2	1
4734ba6f3de83d861c3176a6273cac6d	NEW HORIZON 2	2	1
d644c7cbbb1064491c3b1334c99b25c8	09_後期期末解説	1126	83
1392a70e4978d9890a1a1d40a11edbe8	Level 1_4	3409	117
c413f7f539f39425597705c9142a94b0	0509_１次関数「超 思考力問題」 	87	23
652c208b21f13f6e995bfc1154a1a2e5	第7時方べき・接弦演習６解説	94	32
0e274e1d1a8948f16f0227e4ec1965a8	01_前期中間数学解答例	204	50
9c9338ab2bf287d03117846a49a7f432	サクセスコーチ 3年（解答）	427	15
b495ce63ede0f4efc9eec62cb947c162178	SAMUEL WHISKERS_01000560	29	1
e951ccd95572a67138f4572c1c7d7ee8	移行用補助ワーク（７章）	240	14
0f95f7ad389a372d9876a2ddb2551a43	22_３年数学「展開」週末課題No.22解答例	233	22
aeefb050911334869a7a5d9e4d0e1689	(A1) eCR2-30.King Frost	1063	37
0c38ecb0aeee229a1d80bccce69afcaf	1219二次方程式（解と係数の関係１ 導入）	1338	114
5b4130c9e891d39891289001cc97d86b	(B2/C1) eCR11-10.The Merchant of Venice	939	48
4a213d37242bdcad8e7300e202e7caa4136	CMT3A5_展開と因数分解_問題解答	33	8
178f90ad542daa47deaf9ededb5233ba	地層とプレート	23	7
5770c1ead6a03018e70d0ffe8e50e86a	形容詞・形容動詞	7	3
c3f4db3a634aa769c0f1161219272d03	04_前期数学解答例	692	84
2b515e2bdd63b7f034269ad747c93a42	数学Ⅰ（１）確認テスト解答用紙	573	18
1379719828be9ee6b08ca64edb818e2b	AD 16 Post-Quiz	1	1
da974f5eba1948690c83e9c3b43ffd87	冬休みの課題	42143	132
ca751e6ab38280edada823df9cb45a93	SA 43 Post-Quiz	1	1
4e292a02eb5db4f6bb4c1d17c9496771	1年生サマサテ課題	196	7
cb8acb1dc9821bf74e6ca9068032d623	解答/STEP１年/第５章/２作図	30	10
ff7d0f525b3be596a51fb919492c099c	【解答解説】青チャート　数A　第1章 場合の数　第2章 確率	1	1
89562dccfeb1d0394b9ae7e09544dc70	積の回文解答例	34	8
696f61d7a31edd36aa11414db3ba2854	1010 式の展開と因数分解「因数分解演習③」	115	34
ae8bb42b9a0f7d84a7879ec8da8a4a36	作図・作図2 解答例	94	22
6e7d2da6d3953058db75714ac400b584	三浦学苑高等学校	4	2
f4f0edb08c97567ce6b0475a63bf7000	解答［STEP中3］第1章 式の計算	2	1
ed383ec94720d62a939bfb6bdd98f50c	問題11～20	2820	31
e327b1649d06bf74fceb4fe73f83bdba	24-A1-2	39	3
15a676c8852b5e796541c58b5846a1e6	AR01	2136	38
49b44fc23736ae85aededcc798f22c4a	AD9 answer	1	1
512b64c840510a6f1f1d01c98b010148	年度末演習（前期数S抽出問題）解法	167	26
7eb3c8be3d411e8ebfab08eba5f49632185	Heidi_eCR L8-2	1	1
53c04118df112c13a8c34b38343b9c10	解答/STEP１年/第４章/４演習問題	127	16
9597353e41e6957b5e7aa79214fcb256	test	2	1
bd9d03102a312711b0a71ecb44581d9d	テストPDF	78	20
9c16b0e83f09596202f402261f25c8a9	SA 24 Pre-Quiz	1	1
b70b5bd27190cb05443de664f418c858	令和５年度　前期中間テスト（数S）問題用紙	3159	70
bff624c3a469dce7c45ce151902222ba	解答［STEP中1］第4章 比例と反比例	23553	264
29056bc4790af32aa8458e3fbc737485	41_週中課題no.41	94	26
dfeb9598fbfb97cc6bbcc0aff2c785d6	test links	4	1
51b7dae1031b20174cacc7e69d6e4bf0	AD40 answer	1	1
f072c02ed22738d28a2d25004b7ecabf	No.22(0112)	11816	108
a6869a35be893ac2d85989c5cd605539	No.10解答例	280	31
277a706543f94af84aa87dd5a4015765	犯人はだれこたえ	65	19
bae3576d0ae6b390b2ec7be9f5c5d7fa	類義語，対義語，多義語について学び，人生の見解を深めることを目的として生徒に作成されたテキストファイル問題編	27	12
048e9aee4ffe42efbf7865f0bd5a2fa4	［青チャート数Ⅱ］第6章 微分法	22	1
b1e599027f1e34e93338612d2fcf1ad1	0228_規則性演習プリント(総復習) 解答例	681	20
c3a690be93aa602ee2dc0ccab5b7b67e	指数計算のテスト	4	1
f7bbcc6ef14fd79655f09efb14b99316	SA8 answer	1	1
9b816e24fbac7e0fcec9dedf31c14ced	EEQ2019part1 a-e1202シートは18まで1	1772	38
3b922393a3cb462762ff5dd2bec1b20f	青チャート数B 総合演習第2部 (問＆解答)	50	1
1fe46a07a9ba5f05129cab882582d907	testpdf210707	10	3
86ebc213e0f98319c2b45c900031c7c7	冬季英文和訳 問題集	6	1
c400db3363b99ee026bc9ed0741b79df	第10時 中点連結定理	100	20
2301a7bdda1dd4a4b0767fdbdfe911ce	02_前期中間数学	944	52
1634908a456f1807f5c7375e92dddeb2	AD16 answer	3	2
7a614fd06c325499f1680b9896beedeb61	NEW HORIZON 1	302	12
8ce241e1ed84937ee48322b170b9b18c	平方根「平方根の利用１」根号を含む連立方程式 	479	19
3baa271bc35fe054c86928f7016e8ae6	unit7-1	2717	20
82d0e1beec7c6f769b97b4420a384716	No1解答	34	5
c44bebb973e14fe539676e0e9155b121	1級 3-1　2021年第2回	1	1
d4f00c07845e5c4d7ac04765e8095561	1028 平面図形（座標平面上での最短経路）	1132	19
e834cb114d33f729dbc9c7fb0c6bb607	二次関数1 「式・交点・三角形の面積」	274	21
af12e5e50bc88cf41244cf4ced8988c7	06_後期中間数学解答例	256	27
b3ba8f1bee1238a2f37603d90b58898d174	SQUIRREL NUTKIN_01000546	50	2
13f9896df61279c928f19721878fac41	test pdf	2	1
dc4c44f624d600aa568390f1f1104aa0172	Romeo and Juliet_eCR L8-1	33	2
4b7f871c66be5ac7630c27bb5e21fe7f	3章 方程式　難問挑戦プリント	3205	80
69961657077e0093ed761aa01916c5ff	46_週末課題no.46	101	25
9cd6f5566969fea878ff53054851191b	令和５年度　前期中間テスト（数S）模範解答	599	41
31857b449c407203749ae32dd0e7d64a	STEP１年/第４章/４演習問題	332	21
1e9491470749d5b0e361ce4f0b24d037	AD 20 Post-Quiz	4	2
6a41574847522a3bd0eb4a9986c5e13c	No.9(0619)	15598	97
5b658d2a925565f0755e035597f8d22f	問題21～30	2208	38
43fa7f58b7eac7ac872209342e62e8f1117	中学家庭科	623	6
10c72a9d42dd07a028ee910f7854da5d	ペンストローク演習課題４	9012	112
412604be30f701b1b1e3124c252065e6	testpdf	223	59
6b77b8385d6b9a7fe05df9b0afc03eae	20_３年数学「展開・四面体」週末課題1025 解答例	840	66
2d1b2a5ff364606ff041650887723470	21_３年数Sマンデー1125	13115	33
8c97dbeee3b0d40ced7f514b99a93d93	10_一次関数まとめ１	69	16
488e4104520c6aab692863cc1dba45af	02_前期期末再テスト解答例	207	45
168908dd3227b8358eababa07fcaf091104	高３ 青チャート/数Ⅲ/ 第１章複素数平面/ 第２章式と曲線/ 第３章関数/ 第４章極限	25	2
70c96c4ef725a5fd488815d60a1ec206	A Book of Nonsense	24	3
b18336c06954cf0a92113517ca2bdd29	5分間テスト解答No04	3	2
b1b0ef5ba6b569680ece2fae998c4d0a	２文字の式	17	8
ba1b3eba322eab5d895aa3023fe78b9c	STEP１年/第６章/２立体の表面積と体積	588	15
abea47ba24142ed16b7d8fbf2c740e0d146	CMT1S5_資料の整理_問題解答	4	2
84b069ebd287d467cb7fd26e53c6a0c9	理科　火山問題	1	1
44d5ec303a81339c0d05ec3cab0fccfa	2章 文字の式　Bラインテスト	1	1
8bd39eae38511daad6152e84545e504d	(A2/B1) PYPR. 5-09/Color This	151	9
48df7b8e8d586a55cf3e7054a4c85b30	解答［STEP中1］第5章 平面図形	20869	80
8558cb408c1d76621371888657d2eb1d	30_図形の性質と証明Bライン解答例	121	30
d8847be3f7cc1b14e9173908bebb2106	解答［STEP中1］算数の復習	37	12
bcb3303a96a92dc38c12992941de7627	0510図形と相似13（立体切断）	385	108
64dc9a6c0360fbe40c49a20e4c0aaa6f	0618 図形の性質と証明「平行四辺形になるための条件」	1205	52
4888241374e8c62ddd9b4c3cfd091f96	内接四角形の面積1031解答例	58	14
9c01802ddb981e6bcfbec0f0516b8e35	770_【基礎】内接球・外接球	24	6
8a9e0b75eccc318e8e449b34f0a56462	40_確率・箱ひげ図Bライン	258	17
b1d10e7bafa4421218a51b1e1f1b0ba2	【Moodle】URL編	33	5
de8aa43e5d5fa8536cf23e54244476fa	４章単元のまとめ	414	27
d1efdc26e7d42a249391d16f255b2060	35_図形と相似Bライン解説	1944	95
f9915a71fed113978ef38aca492f4753	No.25(1106)タッチペン	2200	20
f0bbf5fb2b067fda7b491dc2307411e4	0511一次関数の演習問題	1945	114
a223c6b3710f85df22e9377d6c4f7553	QMTYT3_積分法１（数学３）_S問題解答_rgb	1	1
ca9c267dad0305d1a6308d2a0cf1c39c	2019　1年生　スピーキングテスト　更に練習①　英語の質問のみ	94	21
f84f4800d13741a98ddf9bc46e58355c	R6.No.2(0513)紙ベース	1173	34
f93486bfff38ca69d76d85c089569a09	「浜辺の歌」	48	3
a6424579bdf800415424996ec6d18dac	古文単語（1問のみ）	9	2
80537a945c7aaa788ccfcdf1b99b5d8f	STEP２年/第２章/１連立方程式	83	6
ea2af5ea4aabdca1d9ded27f252b8e41	2025_0109二次方程式（４次方程式）	1168	41
228499b55310264a8ea0e27b6e7c6ab6	内接外接正六角形	6723	38
1a996ecc8065d4122914eb3511de0605	令和５年度新１年春テスト模範解答	29	12
31b5b7b61bc03a158c3c602c6ce6489b	02 SQUIRREL NUTKIN_01000546	140	5
e4acb4c86de9d2d9a41364f93951028d	157q	5	1
437d7d1d97917cd627a34a6a0fb4113692	高２ 青チャート/数Ⅱ/ 第１章 式と証明/ 第２章 複素数と方程式/ 第３章 図形と方程式/ 第４章 三角関数	10	2
96ea64f3a1aa2fd00c72faacf0cb8ac9	test pdf	1	1
426ea2897becd89515f19117a51c49f1	02_夏休み明けテスト解答例	2	2
838aac83e00e8c5ca0f839c96d6cb3be	No.3(0510)	143	7
6a6e3ec7373f2a5d2fdb3e4e5b80debd	２年２章連立方程式の利用(係数と解・2元1次の整数解)	6	1
8beca3817318ec14b010b1e4a39b4380	平行四辺形①（角度演習）	2371	38
586ee5cb5f17541372cdd7d54b6414d7	R4 冬休みの演習課題解答例（1-16まで）※6(1)修正済	3291	87
b090409688550f3cc93f4ed88ec6cafb	週末課題no34解答例	71	14
90b8e8eca90756905bf80c293ae6a50a	0920総合問題（5四角形の内部の点）	364	77
b20ab15a36e8643d52041a1cbce997e5	鉱物２　これは知っていたらすごすぎる！	40	9
6a21bd02b3d17059c61bcb2eeb48b8cd	テストPDF	2	1
060ad92489947d410d897474079c1477	01学年だより	84	24
a01a0380ca3c61428c26a231f0e49a09	STEP１年/第１章/４いろいろな計算	15	4
9a83eabfb7fa303a2d85dbc6f37483e5	５章Blineテスト問題用紙	119	9
94f491d64db64528e89b11ed64734e8c	Pictures of German Life in the XVth, XVIth, and XVIIth Centuries, Vol. I.	5	3
7836009139c4eb3d39d4d31978994c2a	STEP演習中３数学_第８章標本調査	2	2
9b8b50fb590c590ffbf1295ce92258dc	[サクシード数II] 第4章 三角関数	7681	108
55c567fd4395ecef6d936cf77b8d5b2b	解答/STEP１年/第５章/演習問題	43	9
d17e6bcbcef8de3f7a00195cfa5706f1	1級　3－1　2022年第1回	7	1
a1a3e1728ecc9bfe4ca64599f0e661df	６章空間図形 立体の移動 (模範解答)	244	27
c310d9645160ce5cc084d231d24d20e5	02 三平方の定理の逆	2155	103
41b0db49fd10d95920281dead0710f58	６章空間図形(立体の移動)	18773	39
6528f3f143a1db743a30a3c4443d35c8	01_春休み明けテスト解答例	8	3
50c1f44e426560f3f2cdcb3e19e39903	L09_P1&2	725	37
eded0708dfe855304a50029fccf1a677	確率とその計算　解答解説	58	8
20479c788fb27378c2c99eadcf207e7f	HEI3	7	1
b90ba83119860d7f6a6dfaab9f2aa150	test maunal	18	2
ef58947dc33e8fc85af0f246352112f7	コネコネコミック 3年2年1年	2	1
1fa93a4060e2f6c604a3f5173e19d227	3章方程式・不等式不等式⑥ 不等式の利用(解答例)	49	15
bd21307bad44dee908db2db5f6bf23c1	AD 27 Post-Quiz	1	1
0fcee95cc7b4f2067da8ba1e330de18e	11_前期中間数S	787	23
0ef1989779e89d8c5a6c5f0df6929b39	0621_02方程式(工夫して解く方程式)	100344	119
54ff9e9e3a2ec0300d4ce11261f5169f	週末課題no29解答例	26	9
409ebc36b2594e602977091b76c85d42	99_３年数学「宮部教頭先生特別課題」週末課題	7	4
25824988925b5fd75ef84e8202957b74	２年３章一次関数	27	12
358164500fe22f226f1f07cac73a8288	The Ladder to Learning	5	2
9c453cf6194406f48a40272eec8de2a8	3章方程式・不等式不等式⑨ ２つの不等式の利用　解答例	69	26
3c8f9a173f749710d6377d3150cf90da	No.18(1030)解答	21	11
b22b257ad0519d4500539da3c8bcf4dd	U4-P12	7	4
7e7757b1e12abcb736ab9a754ffb617a	日本学術会議公開シンポジウム	8	1
70c639df5e30bdee440e4cdf599fec2b	STEP１年/第１章/2加法と減法	19	8
6473275bea530d628855e20736b9aeb6	1114平方根（根号を含む計算２）模範解答	2	1
1bf0c59238dd24a7f09a889483a50e8f	【振り返り集約】学年末考査数学A	8	2
79705d796c8685b3324f363a757e4f58	Peter Pry\'s Puppet Show	23	3
b4e267d84075f66ebd967d95331fcc03	新課程版サクシード数Ⅱ 第6章 微分法と積分法 (問＆解答)	2	1
2ba2520186ee376e835ce7bf1554ef7b	７章データの活用(場合の数)	411	19
709d00f20f8a1638608f109597a521a9	80_二次関数Bライン	240	35
cdd0500dc0ef6682fa6ec6d2e6b577c4	The Bear And The Travellers	1954	52
5e1b18c4c6a6d31695acbae3fd70ecc6	QMT5M2_ベクトル２_H問題解答_rgb	1	1
7230b2b03e2da37352abf1a659545b44	Element Unit9	13	1
5c3165e90eb8727c7dd0f9434cbd2bba	0703_05方程式(連続する整数)  	8466	117
2f46b9c859dfc08b8cdeb961418d126d	No9化学反応式の問題の解法と解答	547	15
792c7b5aae4a79e78aaeda80516ae2ac	2019 Word List1	365	18
1def1713ebf17722cbe300cfc1c88558	２年２章連立方程式の利用(代金の問題割合の問題)	259	29
5c71dd758876eed351796c7cd2e56a54	31_方程式不等式解答例	333	47
cf9dc5e4e194fc21f397b4cac9cc3ae9	0428一次関数の利用（直線と図形）	2314	120
6c2e49911b68d315555d5b3eb0dd45bf	144q	6	1
5c8e07660e3000f141dda8b83107ed6e	Tales of Mystery and Imagination	17	3
8497c3b1d034ce7aaf059804b5c88db6	0607 2年前期中間テスト(数学)模範解答	3	2
db64f68dee27eb08d29117c7da678f81	中学生の歴史「第４章　第１節　欧米諸国における近代化」	4	1
1b932eaf9f7c0cb84f471a560097ddb8	ADorSA 15 Pre-Quiz	20	1
ef0eff6088e2ed94f6caf720239f40d5	23_後期中間数学再テスト解答例	192	36
cc3d7fc970bf568a7724296d431785f0	AD8 answer	2	1
f4aa0dd960521e045ae2f20621fb4ee9	一次関数①	31	2
8337a7365ec44f3d65434a5ea4d73d17	第8時 発展演習	3282	111
e00406144c1e7e35240afed70f34166a	The Adventures of Sherlock Holmes_eCR L11-2	20	2
e94f63f579e05cb49c05c2d050ead9c0175	L4-10_Young Chubb and the Music Box_e-future Classic Readers 	21	2
99a2103fcf4f2c44d1f9f75553274025	２年数SMondayNo15	10402	34
5acdc9ca5d99ae66afdfe1eea0e3b26b	test6	1	1
0937fb5864ed06ffb59ae5f9b5ed67a9	02_文字の式～食塩水の例題～	1932	123
7cc5a75432e9a547200e3668c3761ae7	R04_3年夏休みの課題プリント解答例1-10	3314	41
bb997292e2545f3c79efb7eecdf5dece	ADorSA 8 Pre-Quiz	4	1
e96ed478dab8595a7dbda4cbcbee168f	週末課題02b	149	41
faaf2536affe4336d815f90c56011ebb	22_生徒解答	232	44
9b34958c2bde3f10f457af458ed7cda4	MATHコン：レポートの書き方	198	29
2d6304a207cd9469f776e651e81ed7f8	Report about smart phones	404	39
fd0a5a5e367a0955d81278062ef37429	［STEP中3］１、2年の復習	1	1
fccb60fb512d13df5083790d64c4d5dd	解答_第５章相似２平行線と線分の比１三角形と比	3	1
e6d8545daa42d5ced125a4bf747b3688	THE FLOPSY BUNNIES_01000554	5	2
d38901788c533e8286cb6400b40b386d218	PETER RABBIT_01000545	2	1
e3b21256183cf7c2c7a66be163579d37	比例のグラフ（ペア練習プリント）	1898	72
da0dba87d95286d836e37ca60ab1e734	211201点と直線の距離	24	8
80384bb51273c4bd610693564d31e860	No.20	79	15
988dce1898dfda74527351927d9575b2	連立方程式の利用(速さ)解答例	440	57
9d702ffd99ad9c70ac37e506facc8c38	サクシード数Ⅰ 第3章 2次関数 (問＆解答)	143426	384
e07413354875be01a996dc560274708e	第７章三平方の定理２三平方の定理の利用１平面図形への利用	1325	35
bb073f2855d769be5bf191f6378f7150	［STEP中2］第5章 三角形と四角形 	45052	116
e1f4fd6d0118b7b0797d7c1a0007b80a	0618解答図形の性質と証明（三角形の角と辺の関係）	111	28
c0cccc24dd23ded67404f5e511c342b0	二次方程式「二次方程式の利用8」（共通解）	539	67
4b0a59ddf11c58e7446c9df0da541a84	2019 シルエットクイズ　生徒A	369	15
d58f855fdcc76daf232aee454c4e59f7	02図形と相似Blineテスト直し 	113	21
fd0844cddec522c72993e744add7ed20	（解答４８～６３）R6 夏休みの演習課題	4577	112
06eb61b839a0cefee4967c67ccb099dc	第５章相似１相似な図形２三角形の相似条件	22	6
c8145db7ac25fc6cbe4dada249230970	WIN_20241212_10_25_13_Pro	39	12
2e310f292c162dece16e5936ffde36e8	03.1003総合問題（算額）	14992	116
65184321c340b4d56581ee59b58d9d56	比例，反比例の利用（垂直に交わる２直線、動点問題）	6488	113
40262352ed6dc77f564704f1d9267ba5	AD 41	4	1
333ac5d90817d69113471fbb6e531bee	解答/STEP１年/学年末問題	65	6
dc87c13749315c7217cdc4ac692e704c	対称な点・グラフ	144	21
68a83eeb494a308fe5295da69428a507187	CECILY PARSLEY\'S NURSERY RHYMES_01000567	2	1
61d8a70e99aa97296b03374304e090c5	0226「西京の過去問たち」解答例	35	8
316282ddb77e11b0b58c60ed59b1e308	No.1(0417)	4814	44
48c49b993e040952bd64cf8362e5068b	【問題編】シリウス	5941	33
3fa146219c48a4393aace23e8f353125	改サクシード数Ⅰ 第4章 図形と計量	96	8
99bcfcd754a98ce89cb86f73acc0464596	Z会問題_高校	2	1
c64c1dc40ade60a3aba8332e10260c93	竹取物語	4	2
856490a8eb25974567e67d4036c3c044	0826 夏休み明けテスト	138	29
d81f9c1be2e08964bf9f24b15f0e490097	改訂版数学 I 	64	7
013c17ae3d8adf097f5ddd872096b8fe	0428＿１次関数「直線と図形に関する問題」「線分と交わる直線の傾き」	2	1
9327969053c0068dd9e07c529866b94d	【解答解説】青チャート　数Ⅰ 第２章 ２次関数	7355	31
3323fe11e9595c09af38fe67567a9394	2019二次方程式_文章題5「食塩水問題」	8	1
b7c0c7d6ce233d0fe18625ea3cd5bdb1	R04_3年冬休みの課題プリント解答例	3378	41
2b1905b5d4641830901acf76c957cfb1	多項式とその計算	1151	103
a652e914c736dfaf8a6667ae6936f0d6	ADorSA 7 answer	1	1
866c7ee013c58f01fa153a8d32c9ed57	FINAL DRAFT_LESSON 16 外国人観光客	442	6
4c92d46d3b1aad8a64eb35d7312d067c	47_週中課題no.47	112	32
7d265aa7147bd3913fb84c7963a209d1	改訂版 数学Ⅰ（327）	326	34
eb21cc0143d96dbc8e3a58f1a81e4dd2	芳賀2組3組 Element II Unit3 Day 3	41	1
21fe5b8ba755eeaece7a450849876228	Unit3-4	7	3
0dd1bc593a91620daecf7723d2235624	White Fang	67	7
41bfd20a38bb1b0bec75acf0845530a7	解答/STEP１年/第４章/３比例と反比例の利用	174	15
83d105393b3a4b74600680deca304e97	Household Stories by the Brothers Grimm	43	4
47ca4412458f04d91f92dab70d722fd5	The Tale of Mr. Jeremy Fisher	3	2
5fef3eff51dc719c4a9f565a742d78f2	国語課題⑦	16773	123
04ecb1fa28506ccb6f72b12c0245ddbc	スカイツリーを写真に収めよう	25	12
2bd7f907b7f5b6bbd91822c0c7b835f6232	中3_3月_受動態（発展）など_ハイレベル_添削問題解答	2	1
752d2c9ecfe079e5e5f3539f4d750e5c	３年第２章B-lineテスト模範解答	3	2
99cad265a1768cc2dd013f0e740300ae	A講座_芳賀	299	23
bca82e41ee7b0833588399b1fcd177c7	STEP１年/第１章/４いろいろな計算	6	2
da647c549dde572c2c5edc4f5bef039c	［STEP中３］第１章式の計算	4	2
f8e64ef83e6f6881ceca3a3922921ddd	古文の時代	39	8
322f62469c5e3c7dc3e58f5a4d1ea399	数学10(3-②)	19911	118
3a6cd33291178d268ef37b305c3f8c0e	間違いやすい語彙	3	2
030869ecc70e997804feed92f3a8fbdc	季語	22	3
64223ccf70bbb65a3a4aceac37e21016	2019夏休み課題プリント	371	13
c2aee86157b4a40b78132f1e71a9e6f187	【解答 】中１数学STEP 第3章一次方程式/ 第4章比例と反比例/ 第5章 平面図形	3	2
7bcab4942f4f7e074eb4f7b4ecdf4f61	ペンストローク英作文002	2	1
5a2afca61e35f45a7dd44ca46e0225f4	サンプル問題１	41	5
a1c3ae6c49a89d92aef2d423dadb477f	41-B1-2	1	1
c0ad6deb373037e7f63f219c850e3396	R4 冬休みの演習課題説明	1	1
1f9f9d8ff75205aa73ec83e543d8b571	1026平方根（利用）No2	253	39
cd758e8f59dfdf06a852adad277986ca202	MISS MOPPET_01000565	2	1
2fb544a21e8cb8768b80cc231ca2f691	１章正の数負の数(魔法陣・部分分数分解)	2258	46
b4681a619cf018eed690452faeb0e94f	［STEP中３］第８章標本調査	1	1
8a0e1141fd37fa5b98d5bb769ba1a7cc80	Z会問題_中学	542	7
d31deb89a583277bf4f76c6dcef151e3	0926 R6 Correction Codes	120	43
b0490b85e92b64dbb5db76bf8fca6a82	春休み明けテスト模範解答	203	42
be83ab3ecd0db773eb2dc1b0a17836a1	シリウス21発展中2	2435	23
81e5f81db77c596492e6f1a5a792ed53170	JOHNNY TOWN-MOUSE_01000557	227	1
ce6c92303f38d297e263c7180f03d402	2019 MES Songs ⑤ Sailing	408	18
53adaf494dc89ef7196d73636eb2451b	解答/STEP１年/第４章/１比例	129	11
e8ac54cbe87fabc82b852e38d18ddfc4	1224二次方程式（共通解）解答	2	1
5c7a3b81a677c639c76989610183c0e0	4級　４A　2021年第3回	9	2
c02d0450cdd75ce7595f5eaeb5f041a3	AD-18 answer	1	1
6a10bbd480e4c5573d8f3af73ae0454b	2年数学2年5章「図形の性質と証明」2節四角形01導入1問題	1	1
411fac00c3df193cf777bc45f7d444d4	04_３年数学「図形と相似」週末課題No.4	1567	23
076ccd93ad68be51f23707988e934906	数学Ⅰ確認テスト（１）20221025.	57	22
9dfcf16f0adbc5e2a55ef02db36bac7f	空間図形(立体の切断面を考えよう②)_解答	43	18
3948ead63a9f2944218de038d8934305	test pdf	4	1
8425bc94a44e3d1bb3c8c026b2702c00	0528チャレンジ問題解答	135	46
a8166da05c5a094f7dc03724b41886e5	1 Journey to Mars v13_A2+	1500	53
0768281a05da9f27df178b5c39a5126399	【解答】高３ 青チャート/数Ⅲ/ 第５章微分法/ 第６章微分法の応用/ 第７章積分法/ 第８章積分法の応用	1	1
91bc333f6967019ac47b49ca0f2fa757	11-B1-2	1	1
08b90c2ebcce5d7f46176eb7c05af0ea	SA88 answer	1	1
2194506fc6ef7a2048f03a0f4ee7c641	27_２年数学「平方根」週末課題No.27生徒解答	384	39
4734ba6f3de83d861c3176a6273cac6d61	NEW HORIZON 2	15270	26
ea4b47f29f0030a6162b40662ff91c70	ペンストローク演習課題4	16542	106
243facb29564e7b448834a7c9d901201	2019 MES Songs ⑤ Sailing	288	14
409a410d6e59c8601f0e6c0abc389120	11_後期期末補習プリント解答例	96	20
8a50bae297807da9e97722a0b3fd8f27	数学4(1-④)	19600	125
6d620ec78d3291c35fc5c59d91cf2548	No.14(1013)	19155	103
6c6d15562b486b1d1256f567ffb6fd11	類義語の問題	4	1
753a043674f0193523abc1bbce678686	第10時 テスト前演習	5381	79
58e4d44e550d0f7ee0a23d6b02d9b0db92	【解答】高１ 青チャート/数Ⅰ/ 第１章数と式/ 第２章２次関数/ 第４章データの分析	3	2
bea5b83d3a056039813089e7aa7f7e9a	20_図形の調べ方Bライン解答例	156	37
bc0573e9c47c22585365c4c8351b46b1	中間前トレーニング	1063	13
4cf0ed8641cfcbbf46784e620a0316fb	211117演習用②	4976	42
fa183ba81b8f82c988245d8d4e701366	SA-2 answer	1	1
99f042581ec361a54f21b725b69b76af	17 Bラインテスト前演習 解答	849	92
5bd529d5b07b647a8863cf71e98d651a	R04夏休みの演習課題プリント	58262	129
1f33d7cf6693dc6dcc7029b97cc29487	2年式の計算Bライン解説	1519	90
6d378765f17a856b7ba8bf1541cafb69	Basic_022-041_part1-1	5	1
a4b4a777d704346280fc18fc9ca1d6b1	No2解答	27	7
c6b8c8d762da15fa8dbbdfb6baf9e260	国語課題⑥	174	11
9f29450d2eb58feb555078bdefe28aa5	1006因数分解の復習解答例	32	15
470e7a4f017a5476afb7eeb3f8b96f9b	解答_第７章三平方の定理１三平方の定理１三平方の定理	36	12
1368ba1ab6ed38bb1f26f36673739d54	2019二次方程式_文章題5「食塩水問題」	7390	18
0c74b7f78409a4022a2c4c5a5ca3ee19	学年だより6月	56	18
ddc96fb7d590861ce4bbc4579f5fa848	二次関数5「直交する2直線」	832	68
1d4db1fbfe9d6377c9226ff1e48b90ce	サクセスコーチ英語2年_本冊	5934	88
65b1e92c585fd4c2159d5f33b5030ff2	12_文字の式	4007	104
14d9e8007c9b41f57891c48e07c23f57	中3_5月_疑問詞＋不定詞など	1	1
9f0fd032f17effe47439a28c1ac69e77	現代を見る Unit 3	3	1
5c41a15ffb0c1a4b2e9e47c4ac441bec	0428＿１次関数「直線と図形に関する問題」「線分と交わる直線の傾き」	678	39
496e05e1aea0a9c4655800e8a7b9ea28	2年数学2年4章「図形の調べ方」1節平行と合同01導入	5	2
c4b31ce7d95c75ca70d50c19aef08bf195	高１ 青チャート/数Ⅰ/ 第１章数と式/ 第２章２次関数/ 第４章データの分析	1	1
a2a722df674185b45ae4752a1e7d5444	30_三平方の定理解答用紙	105	41
607f706d7e242fd9044d5639d900591a	第2時 批判的思考	160	50
58e4d44e550d0f7ee0a23d6b02d9b0db55	【解答】高１ 青チャート/数Ⅰ/ 第１章数と式/ 第２章２次関数/ 第４章データの分析	3	1
68a83eeb494a308fe5295da69428a507175	CECILY PARSLEY\'S NURSERY RHYMES_01000567	26	1
2794f1ac7a5d4610b2694d8ab3227b8f	7章データの活用解答例「紙の大きさはどちらがいいのかな」	189	30
f2d887e01a80e813d9080038decbbabb	NEO 現代を見る New Edition Unit 14	14	5
8baca01b732cf56f7ce83df216514363	The Lion And The Mouse	5403	168
5364de2e6064f4d8a13c960b970b9f24	10 テスト前演習 解答(改2 大問1のみ)	35	13
cc431fd7ec4437de061c2577a4603995	シリウス21発展中1	90560	139
f91e24dfe80012e2a7984afa4480a6d6179	God Sees the Truth but Waits_e-future Classic Readers L6-20	7	1
b80ba73857eed2a36dc7640e2310055a	0421図形と相似（相似の組み合わせ）	331	58
65cc2c8205a05d7379fa3a6386f710e1103	【解答】高３ 青チャート/数Ⅲ/ 第１章複素数平面/ 第２章式と曲線/ 第３章関数/ 第４章極限	1	1
5751ec3e9a4feab575962e78e006250d	STEP１年/第３章/１１次方程式	657	17
22bb543b251c39ccdad8063d486987bb	13_後期中間数S	1	1
0ae1dd3954ee840075de1395771b6c9c	Taiwanese at Work	449	43
94e70705efae423efda1088614128d0b	SA 90	4	1
948750a01b42decb760277c873238254	1024 円の性質「円周角の定理　はじめ」	4543	41
76c538125fc5c9ec6ad1d05650a57de5	６章空間図形(直線、平面の位置関係)	311	45
28d50693bf6468465b80ff533f183d6c	カナダの民話問題	2978	41
c4b31ce7d95c75ca70d50c19aef08bf152	高１ 青チャート/数Ⅰ/ 第１章数と式/ 第２章２次関数/ 第４章データの分析	12794	39
d3aeec875c479e55d1cdeea161842ec6	(A2/B1) eCR7-19.Solange	51	9
5d2c2cee8ab0b9a36bd1ed7196bd6c4a	家庭科1(1-①)	8658	119
6217b2f7e4634fa665d31d3b4df81b56	SA 93 Pre-Quiz	1	1
9a0684d9dad4967ddd09594511de2c52	02_前期中間数学再々解答例	27	10
305ddad049f65a2c241dbb6e6f746c54	2級　２B　2021年第2回	70	6
08f38e0434442128fab5ead6217ca759	(A1) eCR/S-17.Cupid, the Bad Boy	954	29
6cf7e97db3595534ba7691cdc074c2a5	漢字w　解けるかな？　簡単だよw?	106	31
15de21c670ae7c3f6f3f1f37029303c9	解答/STEP１年/第１章/４いろいろな計算	5	3
f7084c8dc72521fe9b1cd695464554a2	国語辞典の使い方【取扱説明書】	42	6
e82a7c661e834d935311ae02bdb4314c	29_３年数学「R2西京入試」週末課題No.29解答	247	23
806d926414ce19d907700e23177ab4ff	青チャート数A 第4章 整数の性質	61	7
537d9b6c927223c796cac288cced29df52	◆【解答】中３数学STEP １、２年の復習/ 第１章式の計算	1	1
8ef897e468650c19f3f31529712fc500	AD 17	9	2
2f4059ce1227f021edc5d9c6f0f17dc1	週末課題No.19(1216)	244	52
5ca3e9b122f61f8f06494c97b1afccf3121	現代を読む［高1］	7529	47
e94fe9ac8dc10dd8b9a239e6abee2848	No.84-85	25	7
9cd013fe250ebffc853b386569ab18c0	w3_週末課題WEB  20230210	38800	94
3596c80a46918e6dde2f3c37290cba47	23q	14	3
583ec298b104e8f1d60fe7315ffd99d1	The Little People of the Snow	30	4
d89a66c7c80a29b1bdbab0f2a1a94af8	(A2) eGCR/School Adv.2-2-Bella in Wonderland	1879	51
7f2776f553fe2d5f8bc9a0e0a6d9ec12	w20_0910「三平方の定理」	6475	51
7ee6f2b3b68a212d3b7a4f6557eb8cc7	05_週末課題no.5	224	48
6b4017c4c626882acb363d25dbb6f3c0	The Remarkable Adventures of an Old Woman and Her Pig	37	4
495360cbf18a7d5004ff72f49254e069	2021数学夏課題「自由研究」2事例集	398	25
90794e3b050f815354e3e29e977a88ab	Mathコン事例集	195	14
0cb82dbdcda47e2ad7b7aaf69573906e	２年数SMondayNo６	3	2
b98a3773ecf715751d3cf0fb6dcba424	L05_P3&4	13	7
83462e22a65e7e34975bbf2b639333ec	No.12(0912)解答	1	1
9f17b99429db7fc2b140436638ae4805	敬語の使い方	26	4
4fa91c19016cb1f807ea47b5a959d518	(A1) Reading Along Series 2-09. No, You Can\'t! (Book + Hybrid CD)	48	5
f356355c1634839cf42769e7f30905a3	［問題］改・サクシード数A_第2章 図形の性質	50	8
4e79ea6638ba8bc06d414c9fc94760f7	0708_08不等式（不等式の利用）解答例	424	35
8f94eafb14366ce488946e40d8b4694e	春課題A（解答）	2277	112
69295f5f6bd7d1a08da4919b5bb95bff	過去入試問題2015	167	14
4f2b590864ff38e818c75312f81b1cbf	公開日設定_リコメンド確認用0209	27	1
b495ce63ede0f4efc9eec62cb947c162171	SAMUEL WHISKERS_01000560	144	1
0ef037ce94ff9b7930d095a7e2ffee1f	準1級 2-1 2021年第3回	5	1
dc6e224a8d74ce03bf301152d6e33e97	未来へひろがる数学3	14493	119
198dd5fb9c43b2d29a548f8c77e85cf9	改・青チャート数Ⅰ 第3章 2次関数（問＆解答）	11087	112
b1bc40d056bad6ec6949d9bb6fee5e84	「西京校歌」の写譜	6	1
3ebc21c4e7f9d3d8c3e7bcbffcc3cad1	SA 69 Pre-Quiz	3	2
ec79d4bed810ed64267d169b0d37373e	ごみについて考えよう	226	3
6af97d7deea1a1d2c76c5c512e66700b	0203二次関数 （いろいろな関数）	615	107
951cb7fcf08241d659513d4e84acdfaa	0229桜の開花予想2024	876	38
187bec2578ef4a5cb35bdfbe8fc8088e	37_２年数学「関数」週末課題No.37生徒解答	213	22
ada5e0b63ef60e2239fa8abdd4aa2f8e	解答②	3711	22
f4573fc71c731d5c362f0d7860945b88174	Snowdrop_eCR L7-1	22	1
7a677bb4477ae2dd371add568dd19e23	ADorSA 16 Post-Quiz	1	1
89a26a363b87a87ac6a94277e841b7f4	ペンストローク英作文002	2	1
74a9d40b0df3a01eda99c4463b607dd1	３年数SMondayNo8	11783	110
ea1818cbe59c23b20f1a10a8aa083a82	L07_P1&2	267	35
12e59a33dea1bf0630f46edfe13d6ea2	1次関数　解答解説	47	2
90b9ec1e25ed6705ac341eb17690d55c	テストPDF	4	2
3e91970f771a2c473ae36b60d1146068	4章　B-line 比例と反比例	1554	84
b7da6669894867f04b8727876a69ffc0	5分間テスト解答No00	11	6
3a37abdeefe1dab1b30f7c5c7e581b93	前期期末テスト問題用紙　数学	2	1
0a94eea42ecd117d87eb79c61bdd656e	令和５年度　前期期末テスト(数S) 問題用紙	2467	82
5ae81daa87d6649df09002741e5b1738	21_文字の式解答例	277	44
0079e3e6d496ad07cee7fd63d3d7c9b2	29_生徒解答	117	26
1c824be2be6ac655657c6bc78527dfd7	総復習テスト②	646	55
a89cf525e1d9f04d16ce31165e139a4b	解答/STEP１年/第４章/２反比例	97	8
8bb88f80d334b1869781beb89f7b73be	内接四角形の面積1017解答１	513	34
8be8d5f3dc20062b39732858ab504e2b	シリウス　問題編	379	26
ae3d525daf92cee0003a7f2d92c34ea3	R03_2年春休みの課題プリント	6650	41
b132ecc1609bfcf302615847c1caa69a	重なる正十二角形	4787	37
78679495fe70bfa486d8aaff1a2e4aa9	STEP演習中１数学_学年末問題	1	1
73f490f3f868edbcd80b5d3f7cedc403	週末課題no37解答例	19	5
aad64398a969ec3186800d412fa7ab31	w37-2_0118「二次方程式」	15758	88
a70101b271810b66fdc35a5d4ff5e058	【問題編】シリウス	7365	41
9b3bb5b0a98eab0be3348611b699e3a7	ELEMENT U8 Day 1	1081	39
1b318124e37af6d74a03501474f44ea1	保健体育３	3888	115
865dfbde8a344b44095495f3591f7407	21_３年数Sマンデー1125	4433	9
93da579a65ce84cd1d4c85c2cbb84fc5	3-B選択曲　「春に」	672	21
f968fdc88852a4a3a27a81fe3f57bfc5	１年総括(チョコレート大作戦)	4013	114
84001195e86051e8ba6b3624fbd05e47	Death and Burial of Poor Cock Robin	3	2
b28d7c6b6aec04f5525b453411ff4336	13-A1-2	74	3
db079083386e2e0885f278fbd1d8a476	SA 11	15	1
665d5cbb82b5785d9f344c46417c6c36	６章空間図形(立体の体積 解答例) 	248	60
7fea637fd6d02b8f0adf6f7dc36aed93	2年数学3年2章「平方根」1節平方根02平方根の大小と平方根の値1問題	3	2
426f990b332ef8193a61cc90516c1245	Chromeインストール方法	14	1
efee1278c6172f7361d1900617faede2	握手	10	3
8346db44a721fa863ca38180638bad3d	01_春休み明けテスト	6	3
843a4d7fb5b1641b0bb8e3c2b2e75231	0受検上の注意事項	27	11
b7f1f29db7c23648f2bb8d6a8ee0469b	(A1) eCR/S-15.King of the Cats	776	30
b597460c506e8e35fb0cc1c1905dd3bc	［サクシード数B］第4章 確率分布と統計的な推測	6	1
c8e77bdfef1f29fc5dffbe387f191dac	ペンストローク英作文003	5854	36
d91d1b4d82419de8a614abce9cc0e6d4	解答/STEP１年/第４章/３比例と反比例の利用	436	16
5677498ba2a6142dfd3aa5cdc8bb687c	03-WH　解答	45	22
7a614fd06c325499f1680b9896beedeb68	NEW HORIZON 1	24432	25
6c524f9d5d7027454a783c841250ba71	test pdf	1	1
33f976eca39cccf5a14627fc9f6cf1b9	1105 円の性質「円周角の定理」　練習プリント	519	25
cbca7635077d4074f8d30094a3176972	0530図形の調べ方「角度演習２」解答例	226	28
692baebec3bb4b53d7ebc3b9fabac31b	04_夏休み明けテスト	47	11
5c151c2a9b76f9ef26d7e0f0d00c9a89	解答［STEP中3］第7章 三平方の定理	1115	25
b87470782489389f344c4fa4ceb5260c	理科4(3-①)	10351	118
dcae59eb2aed882ae1452bf903cb8263	05_週末課題no.5	371	47
a96ee5a57893e40c5cc729c5b3e09b2f	0311_西京高校入試解答例	48	10
af1b5754061ebbd4412adfb34c8d3534	catalog_test	78	3
62e0973455fd26eb03e91d5741a4a3bb	UL長文3	2	1
03e0704b5690a2dee1861dc3ad3316c9101	【解答】高２ 青チャート/数Ⅱ/ 第５章 指数関数と対数関数/ 第６章 微分法/ 第７章 積分法	1	1
f9beb1e831faf6aaec2a5cecaf1af293	解答［STEP中1］第2章 文字と式	1939	38
685ac8cadc1be5ac98da9556bc1c8d9e	解答［STEP中1］第3章 1次方程式	11271	82
861dc9bd7f4e7dd3cccd534d0ae2a2e9	QMTYD1_複素数平面１_H問題解答_rgb	1	1
4fc66104f8ada6257fa55f29a2a567c7	a_sample_pdf_file220808_8	7	1
ef13ab03d0eb503ae378006c95daa368	年度末演習（前期数S抽出問題）答え	103	17
430c3626b879b4005d41b8a46172e0c0	週末課題18	21	6
d9fea4ca7e4a74c318ec27c1deb0796c	たずねびとAAA	38	3
881c6efa917cff1c97a74e03e15f43e8	(A2/B1) eCR7-18.Beowulf	59	6
4ceabbd82a44dae58c912afb349470b5	The motion picture comrades aboard a submarine	3	2
8460637fc1f901bbf7aef374050e836d	0901標本調査（1盗難事件）解答例	166	69
350db081a661525235354dd3e19b8c05	【数S Monday】20191216実施19「二次方程式2」	3301	19
b6846b0186a035fcc76b1b1d26fd42fa	No.3(0502)解答	33	15
133fb38e53d861f95008113cca0fefbe	総復習テスト②解答用紙	201	35
5807f0ed140fffaa1f35f16baf72e31b	0205_「紙の大きさはどちらがいいのかな」	142	12
e8219d4c93f6c55c6b10fe6bfe997c6c	SA 16 Pre-Quiz	1	1
91cff01af640a24e7f9f7a5ab407889f	13_前期中間数学再テスト解答	15	4
2ef3dce7c059b268cf8b9e0707ee5594	ADorSA Pre-10 Quiz	2	1
372d3f309fef061977fb2f7ba36d74d2	数SMonday20190924	3999	37
d072677d210ac4c03ba046120f0802ec	20_３年数Sマンデー1118	13878	33
33b879e7ab79f56af1e88359f9314a10	106q	3	1
b8002139cdde66b87638f7f91d169d96	No.22	180	36
810462d01f318bd13e628a77fc3f92c0	New Horizon 3 Unit 4-5	23822	129
37d0b499fb84a552c17fcbb1442d7895	数学7(2-③)	13101	119
a86c450b76fb8c371afead6410d55534	解答/STEP１年/第２章/３演習問題	3	2
6651526b6fb8f29a00507de6a49ce30f	34-A1-2	13	4
56352739f59643540a3a6e16985f62c7	中3_2月_入試直前総仕上げ	1	1
f08c64512c2ce6b9642b58563e9c029b	The Sleeping Beauty Picture Book	7	4
08fe2621d8e716b02ec0da35256a998d93	【解答】高１ 青チャート/数A/ 第１章 場合の数/ 第２章 確率	1	1
f4cc4b9bf4dc2237cb88718132e9fb7c	The Moving Picture Girls Under the Palms	4	2
81ca0262c82e712e50c580c032d99b60160	QMTYW3_差がつく！高３数学_S問題解答_rgb	2	1
03e0704b5690a2dee1861dc3ad3316c999	【解答】高２ 青チャート/数Ⅱ/ 第５章 指数関数と対数関数/ 第６章 微分法/ 第７章 積分法	1	1
9f396fe44e7c05c16873b05ec425cbad	2019　1年生　スピーキングテスト　日本語　質答	21	10
17d63b1625c816c22647a73e1482372b	解答_第５章相似２平行線と線分の比３平行線と線分の比	5	3
944a5ae3483ed5c1e10bbccb7942a279	音楽2(3-①)	10190	117
d83df0d58637d4fca2d52dcdbb3ccb4f	令和５年度新１年春テスト	60	10
e3195d1988d8a72e21431743e703b106	Ruth Fielding Down East; Or, The Hermit of Beach Plum Point	35	4
484e01517b1395d6f8cce27fcc459cbf	用言の活用	8	2
6ec0c5782be255c0a32bcfbda47aa0cd	第22時 正四面体と円柱（西京入試問題）解答例	46	19
589f763b060f8c19170cdf5196e2bf87	改・青チャート数B 第1章 平面上のベクトル (問＆解答)	6551	101
2288f691b58edecadcc9a8691762b4fd	(A2/B1) PYPR. 1-01/I Count	2	1
533a7de111ee3af214eee5e09e3fa1bc	AD7 answer	5	2
aba18772fc70c8cbf79a79f413ef102b	青チャート数Ⅱ_第7章 積分法	179	8
eef76d754e75d784e8f960be345e8d23	05.1004総合問題（レインボーブリッジ／速度と所要時間）	3	1
89f3c33175c57115408f4fd8a8557751	サクセスコーチ 2年（本文）	12558	42
dc4c44f624d600aa568390f1f1104aa0168	Romeo and Juliet_eCR L8-1	4	1
f1ea154c843f7cf3677db7ce922a2d17	part2-1 A1	7	1
f0873a91b499e265ff6d78ff6e8985a0	5-A1-2	40	4
5607fe8879e4fd269e88387e8cb30b7e	STEP１年/第５章/演習問題	49	9
0a2298a72858d90d5c4b4fee954b6896	0511図形と相似14（街灯）	311	108
3cc697419ea18cc98d525999665cb94a	三角形　解答解説	49	5
f8b18593cdbb1ce289330560a44e33aa	令和６年度　全国学力・学習状況調査	667	41
8f91c9c261bfa0650898a921928d0950	0419図形と相似（平行線と線分の比）解答例	138	49
ab6b331e94c28169d15cca0cb3bbc73e	New Horizon 2 Unit 6	1575	71
905056c1ac1dad141560467e0a99e1cf164	JEMIMA PUDDLE-DUCK_01000553	2	1
94b087da83ceb5fe6f1a13150f8c0471	［青チャート数Ⅰ］第1章 数と式mix	125	4
197cec18dff201ab4d1966879423f50b	テストPDF	2	1
ac27b77292582bc293a51055bfc994ee	test1	137	1
8804f94e16ba5b680e239a554a08f7d2	UL0_m_10	2	1
5ba47c07b9b6a8f2718d94fa3f48fe9f	［サクシード数B］総合問題	1	1
d76d3d7839b4b0bd049054eea0f45938	16_2年数学週末課題「総合問題」No.16	3	2
52edc4a5890adc59cec82cb60f8af691	マーカーの引き方	300	30
5ebe5626b9f1cd89fbb9f665a527591f	The Milkmaid	3	2
a2557a7b2e94197ff767970b67041697	たなか	360	25
e1d5be1c7f2f456670de3d53c7b54f4a179	MR.JEREMY FISHER_01000551	16	2
34e420f6e47d96669897a45586997a57	02_前期中間数学再(修正版)	124	27
7f489f642a0ddb10272b5c31057f0663	サクセスコーチ 3年（解答）	6187	143
5eac43aceba42c8757b54003a58277b5172	TOM KITTEN_01000552	56	3
1589515970487c94597dab5c1be44085	11_2年数学週末課題「図形の性質と証明」No.11	22	9
43351f7bf9a215be70c2c2caa7555002	解答/STEP２年/第２章/３演習問題	5	3
570197ce24c78651ca363a146213ba08	0523図形の調べ方「証明練習２」解答	41	13
6b9bb055c60428fa01686736b18f39fc	137q	7	1
82b8a3434904411a9fdc43ca87cee70c93	【解答】高２ 青チャート/数B/ 第３章 数列/ 第４章 確率分布と統計的な推測	1	1
39e4973ba3321b80f37d9b55f63ed8b8175	MRS.TITTLEMOUSE_01000555	63	2
ff7a2112f8c3e3224ce8e3e26de1d932	Group B Element 9	1056	37
faacbcd5bf1d018912c116bf2783e9a1	小学5年生 たしかめシート ５）整数	8	2
c7ea80155da6839ccc5a6ec630e7578c	R6.No.15(1209)	26831	113
03227b950778ab86436ff79fe975b596	解答［STEP中2］第２章連立方程式	370	23
b55ec28c52d5f6205684a473a2193564	2019夏休み課題プリント	254	10
252a3dbaeb32e7690242ad3b556e626b	The Fox And The Grapes	1787	56
9c70dd4481954baba1aedcb963e91211	国語	41	7
fb87582825f9d28a8d42c5e5e5e8b23d	STEP１年/第７章/資料の整理とその活用	68	6
9f639544a4a13d7e0c12988cfd04c097	1220二次方程式（解と係数の関係２ 利用）	205	34
5d9cde927e0380b0d44ee9dbf5b13d0d	類義語，対義語，多義語について学び，人生の見解を深めることを目的として生徒に作成されたテキストファイル解答編	7	4
3d7a8f67f51564c349478f7d52abee3b	マドゥーの地	9556	40
5243958a762063341dc82d2bbf0f5f33	28(0207)解答	59	27
3d863b367aa379f71c7afc0c9cdca41d	【解答解説】青チャート　数Ⅱ　第5章 指数関数と対数関数　第6章 微分法　第7章 積分法	1	1
a7974b664364f1655de4ae0484a7bcaf	2025_0108_1二次方程式（無理数係数）解答	63	15
b51a15f382ac914391a58850ab343b00	Macbeth_eCR L10-2	15	2
9f6f2381bc56ef668e94f6d1fb4f6309	中学生の地理「南アメリカ州」	216	11
18ad9899f3f21a5a1583584d5f11c0c0	(A1) eGCR.VAH2-02.Dancing with Danger	6310	133
35ed9fce6f648e8a1d8d9041e1294757	音楽	245	21
85203ae86f2de2662ca5b6d614fbe495	141q	9	1
9afe487de556e59e6db6c862adfe25a4	新課程版サクシード数Ⅱ 総合問題 (問＆解答)	2	1
e0a0a422a9069a4cb2b91211a451da4b	SA-19	1	1
eddb904a6db773755d2857aacadb1cb083	◆中３数学STEP １、２年の復習/ 第１章式の計算	313	7
c952ce98517ac529c60744ac28364b03	『リバーシ』の研究	16	7
93661c10ed346f9692f4d512319799b3	国語１「少年の日の思い出」	7262	93
d38901788c533e8286cb6400b40b386d170	PETER RABBIT_01000545	520	9
3eb65004054f5d21fca4087f5658c727	音体美家技 　前期中間テスト問題用紙	1909	52
076a0c97d09cf1a0ec3e19c7f2529f2b	2年数学2年4章「図形の調べ方」丁寧な証明【問題】	7	2
bea5955b308361a1b07bc55042e25e54	760_柱体と内接球	20	9
8bd2c3f7fd5b165b470beb1cc83071ab	1208二次方程式 連立方程式と対称式（利用No9）	1384	108
2270fa1dcbebe770b3b8158dc8ff3265	第4時 資料3　安全対策にかかる経費の例	139	35
b93f11867481fc6d77908aea58ba6198	R4冬休みの課題	8	2
797134c3e42371bb4979a462eb2f042a	数学12(3-②)	15981	96
33dd6dba1d56e826aac1cbf23cdcca87	NEO現代を読むUnit 16	447	32
47698c15fb83a1e5bb1400accbb17f82	週末課題no.31	160	36
75df63609809c7a2052fdffe5c00a84e	20 The Education System in New Zealand	2	1
302fb879d23a9f8b8b43c453fd3bfed3	0208「線分の比」解答	250	35
ab2ce2a4bbb59dab4f43dada87ef0e23	新課程版サクシード数B 第2章 統計的な推測 (問＆解答)	89683	370
cc7d159d6ff3ea6f39b9419877dfc81f	SA9 answer	1	1
e702100aa47b752bd7099ed3c9d9ea33	No.13	42	17
9ac403da7947a183884c18a67d3aa8de88	◆【解答】中２数学STEP １年の復習/ 第１章式の計算/ 第２章連立方程式/ 第３章１次関数	5	3
f69e505b08403ad2298b9f262659929a173	L1-10_The son who doesnt listen_e-future Classic Readers 	78	2
ebe4bab9796d8591e73101a9b2cf6296	テストPDF	2	1
0b99dab71519032b917dc641cdd7ac5b	01_３年数学「図形と相似」週末課題	37	9
d03a857a23b5285736c4d55e0bb067c8	003a	40	15
2e9fcd6fd4b51d718872c02272648444	国語２「走れメロス」	8574	112
475820c2296dc914143683e9edbce43b	23_生徒解答	304	39
291ebc13dd6538bae3ec7959b8d770dc	地震について	56	3
e3251075554389fe91d17a794861d47b	A FIERCE BAD RABBIT_01000564	3	2
a118806694c9d9b1091fe94039ae462a	因数分解	953	78
97af4fb322bb5c8973ade16764156bed	test pdf	1	1
d7852cd2408d9d3205dc75b59a6ce22e	ADorSA 19 answer	1	1
7eb3c8be3d411e8ebfab08eba5f49632223	Heidi_eCR L8-2	2	1
9ff7c9eb9d37f434db778f59178012da	(A1) eCR1-03.The Wolf and the Seven Children	5111	134
c60d060b946d6dd6145dcbad5c4ccf6f	test pdf	1	1
74071a673307ca7459bcf75fbd024e09	解答_第６章円１円２円周角の定理の逆	8	3
52720e003547c70561bf5e03b95aa99f94	改訂版数学 II 	2	2
e1fc9c082df6cfff8cbcfff2b5a722ef	数学7(2-③)	22249	115
5705e1164a8394aace6018e27d20d237	2019　一般動詞　絵	132	19
5218f316b3f85b751c613a06aa18010d	ふるさと	3	1
51ca7239c43e5ad0214414035feb0453	１章正の数負の数(四則計算基礎演習)	747	20
62ce4772adc0fbeae29391fc0e22509c	1級 2-1　2021年第2回	2	2
9a1de01f893e0d2551ecbb7ce4dc963e	内接四角形の面積1023解答例	111	16
d19a006fd6d25d23c93d3bf4e48eb25f	2級　３C　2021年第2回	128	2
f665651bcc641391820b462874c05e16	SA10 answer	1	1
3210ddbeaa16948a702b6049b8d9a202	test pdf	5	2
8db7b8a002edf0b81837b1d347a3657c	02 円周角の定理の逆	96143	111
e347c51419ffb23ca3fd5050202f9c3d	R3啓林中数1(705)_マスク処理_分割_本体_最適化2	31	1
b0f7ec2784174fdce2f2de20d3941d96	0306積の回文	2	1
57696f4c6d8a92b1eb18308677a59ca2	コネコネコミック 3年2年1年	828	49
c47eedbcf5a800ee4216797e5665eb21	５分間テスト22	8	4
a16f3a5bda35f1de87328623f0a1711f	1021解答平方根（根号を含む計算）	188	51
151f5aa4ed74383868fc2640b53f51ad	21_式の計算Bライン解答例	168	39
de07edeeba9f475c9395959494cd8f64	5分間テスト解答No12	1	1
285f89b802bcb2651801455c86d78f2a144	CMT1C1_１次方程式　《計算》_問題解答	4	2
1c6e02b62a98d8d9341a81521edd3426	夏休みの課題説明	230	39
8ef93f7f477aa4674324b551ee68529f	10 テスト前演習	3921	116
f42a37d114a480b6b57b60ea9a14a9d2	15_平面図形再テスト解答例 	718	64
c5c3d4fe6b2cc463c7d7ecba17cc9de7	AI推薦チェックテスト（10月30,31日実施）	1	1
e2e5096d574976e8f115a8f1e0ffb52b	２年２章連立方程式の利用(速さ)	948	81
73f715c6cc2b110fc67503ba813f7f0e	0412一次関数とは	2262	42
02b5b45ce743bc3f285ec4d39b5968c3	L9 Post Reading Activity Part B	148	16
f2f9990bcda13be8771d656bf489dad5	41_後期期末数S	53	7
365d17770080c807a0e47ae9118d8641	解答/STEP１年/第６章/３演習問題	142	12
232a03118725240918c5a4a0ab33e9b3	Johnny Crow\'s Party	3	2
c97e7a5153badb6576d8939469f58336	Challenge! AR B組 31-40	293	10
761b42cfff120aac30045f7a110d0256	［STEP中3］第7章 三平方の定理	1	1
5d75b942ab4bd730bc2e819df9c9a4b5	(A2/B1) eCR7-05.Perseus	119	11
ba5558f4dc6ca08e242176924887026b	SA15 answer	1	1
6cf75a28ed72a43ef7ca1b66ff345859	No.X解答例	233	55
ea3e4ebf79464bc783e063d7182bc3fd	0708 2年5章Blineテスト問題用紙	607	36
f4a75336b061f291b6c11f5e4d6ebf7d	Christmas Roses	20	3
3cf166c6b73f030b4f67eeaeba301103	第６章円１円３円の性質の利用	31	6
aad5adc307c4dd7e457509423a7f3734	テストPDF	18	5
1230a1696bd04bc4a1c1e70bce477b46	27_生徒解答	159	22
ca8155f4d27f205953f9d3d7974bdd70	Unit1-4	46	17
03593ce517feac573fdaafa6dcedef61	三平方の定理１　解答解説	33	6
1dffefa65e27e7187c6c052be0ae02b0	不等式2（紙芝居形式）	5122	94
9001ca429212011f4a4fda6c778cc318	理科１２（４－①）副	7852	76
d397c2b2be2178fe6247bd50fc97cff2	0608円の性質（中間テストの振り返り２）解答例	28	15
c2c701fe341a7756ca7fd4eaa83ff63f	自己評価３５図形と相似	239	23
13f3cf8c531952d72e5847c4183e6910	解答_第５章相似補充三角形の重心／演習問題	7	3
70431e77d378d760c3c5456519f06efe	No.7(0605)	10659	103
58ebafabd92e2e3a80d86b7bb7e88eda	3章方程式・不等式不等式② 不等式の性質(解答例)	23	14
fface8385abbf94b4593a0ed53a0c70f	レインボーブリッジと絵馬1107	3918	39
86158a6b3924670a32dad65bbc41bd95	0514_03正の数負の数(魔法陣・部分分数分解)解答例	5213	34
5e51eeda0422de44a7cc260b4239d4f9	前期期末テスト数S問題用紙	3	1
9d63484abb477c97640154d40595a3bb	R3啓林中数3(905)_マスク処理済_本体0810	69	1
ab7d19e82cc921e91e92dd470f68d47f	AD10 answer	3	2
1e9b64527e41c7360750af533155aebd	210421発展演習(三角関数)解答	29	5
416e5cf0acb7e553a880b7647903da6e	SA-6	1	1
ef0917ea498b1665ad6c701057155abe	(A2/B1) PYPR. 3-11/What Is It?	183	10
971bbe989ad132e834b0ccb3f32e92ee	Come Lasses and Lads	95	3
536eecee295b92db6b32194e269541f8	No.2	246	39
4aa0e93b918848be0b7728b4b1568d8a	［STEP中3］１、2年の復習	1791	54
5a499f6e26313e19bd4049009bbed5bd	25_週末課題No25	350	48
e77910ebb93b511588557806310f78f1	No.9(0624) 	22251	117
25e2a30f44898b9f3e978b1786dcd85c	2019 Word List3	81	15
021bbc7ee20b71134d53e20206bd6feb93	【解答】高２ 青チャート/数B/ 第１章 平面上のベクトル/ 第２章 空間のベクトル	1	1
b14fba037d119d307e3b6ceb2a9fbb31	No.5(0522)	15731	95
93d65641ff3f1586614cf2c1ad240b6c97	高２ 青チャート/数B/ 第１章 平面上のベクトル/ 第２章 空間のベクトル	1	1
8e2cfdc275761edc592f73a076197c33174	The Railway Children_eCR L10-1	71	1
71e10dcaca7de439d56d0f02311d6b10	Babes of the Empire: An alphabet for young England	138	5
37588c655ca22f7ca1664a2b211188ff	21_前期期末数学解答例	366	33
543817ed62fa34e371bb229d4f7b603f	20_２年数学「式の展開と因数分解」週末課題No.20模範解答	170	38
3d017ba05931017b15345e3ae2c73cd0	5分間テスト解答No13	1	1
0b273b9a5033296646175710f43c6780	1024平方根（循環小数）	3	2
47af10edfc4c96329531345635a4baa9	10.0109総合問題（内接四角形①）解答	207	48
69b4fa3be19bdf400df34e41b93636a4	ADorSA 18 Pre-Quiz	1	1
632cee946db83e7a52ce5e8d6f0fed3595	青チャート　数A　第2章　確率	1	1
a9078e8653368c9c291ae2f8b74012e7	GLOUCESTER_01000547	38	2
8e82ab7243b7c66d768f1b8ce1c967eb	2年数学2年5章「図形の性質と証明」2節四角形01導入1問題	20	6
e90cf065b8feb3cc423ed91808e53a1d	0221_規則性演習プリント（部分分数の和）解答例	261	26
4e12250d354ea681500f34a5660aa870	23_３年数学「因数分解」週末課題1115	363	37
ab88b15733f543179858600245108dd8	BREAKTHROUGH Lesson15	170	29
fc394e9935fbd62c8aedc372464e1965	１年総括(チョコレート大作戦)解答例	171	27
ee1abc6b5f7c6acb34ad076b05d40815	0601前期中間対策	753	117
328347805873e9a9c700591812fb0ec2	縦長	2	1
2548e0a7d08ca169af9729e03206e6a1	10_３年数学「三平方の定理」週末課題0621 解答例	769	62
ed45e77e699645c84f3f27b7b5ad1e2d	SA 74 Pre-Quiz	1	1
678a1491514b7f1006d605e9161946b1	test pdf	1	1
c157297d1a1ff043255bfb18530caaa2	Five Children and It	101	7
373321f3ae1bebd3f6818359b0f8f6e6	31_R6西京入試 問題	36	3
6e2290dbf1e11f39d246e7ce5ac50a1e	３年３章二次方程式 自己評価シート	171	42
731ae30af8750c2d28720ea3c1f8c2b1	UNIT0-1	6766	35
030586fa78fc1abdba85da161d943b08	05 平行線にはさまれた線分の比	18074	104
880610aa9f9de9ea7c545169c716f477	(A2/B1) PYPR. 4-05/Living Jewel	112	11
142949df56ea8ae0be8b5306971900a4	STEP１年/第１章/５演習問題	17	8
565030e1fce4e481f9823a7de3b8a047	2019 Over the Horizon	104	15
1fbcf885f8f5c9afc9f37188b3f00afc	4_1規則性演習プリント（階差数列）	5714	118
52aaa62e71f829d41d74892a18a11d59	0428図形と相似9（中点連結定理）解答例	386	54
3b5dca501ee1e6d8cd7b905f4e1bf723113	中学技術科	40	4
4f7b884f2445ef08da9bbc77b028722c	NH3 Unit5 Read and Think	71	2
6984fba75d83f56682b0329c93e651df	1017作図・作図2 解答例	81	14
6332a8f62e3a9d5831724f2ffe55cae0	解答1～20	312	22
a4c22565dfafb162a17a7c357ca9e0be	ADorSA 1 Post-Quiz	1	1
1e8ca836c962598551882e689265c1c5	９月２８日	6833	33
cc8090c4d2791cdd9cd2cb3c24296190	0203解答二次関数 （いろいろな関数）	140	46
2bce32ed409f5ebcee2a7b417ad9beed	3年数学3年8章「標本調査」02箱ひげ図2解答	37	16
168908dd3227b8358eababa07fcaf091	高３ 青チャート/数Ⅲ/ 第１章複素数平面/ 第２章式と曲線/ 第３章関数/ 第４章極限	3	2
5c6287be4de9ff5afeaec72d54436fcf	［STEP中３］第１章式の計算	1	1
83584fd991eed3055f7b446843f1200e	LEAP Week10模範解答	33	14
8d7d8ee069cb0cbbf816bbb65d56947e	解答_第５章相似３面積の比，体積の比３相似な立体の表面積の比，体積の比	3	2
f29b38f160f87ae86df31cee1982066f159	QMT4K1_図形の性質_S問題解答_rgb	2	1
a4e858c15255e55d5e1e221bd151154f	20_図形の調べ方まとめ１	143	22
6000db4c19f0ab158c1b1bf5b06ce151	The Bojabi Tree	3	2
b9937273f2b46912b56d09c8faa7da23	５分間テスト10	1	1
3bf55bbad370a8fcad1d09b005e278c2175	GINGER AND PICKLES_01000562	2	1
723dadb8c699bf14f74503dbcb6e09c1	混声四部合唱曲　「群青」	4	1
a2fe8c05877ec786290dd1450c3385cd	テストPDF	2	1
671d8d05d795091118b1344f715307c4	未来へひろがる数学（別冊）	421	23
41da609c519d77b29be442f8c1105647	No.20(1118)	19432	113
1959eb9d5a0f7ebc58ebde81d5df400d	［サクシード数Ⅰ］第４章図形と計量	1	1
eba237eccc24353ccaa4d62013556ac6	2級　３A　2021年第2回	41	5
01c6fc8bc32f1237be039ceb6b4b4b2d	春休み明けテスト	10	2
30f985ec9336f2a5c2142feb9ebdbb53	2章 文字の式(関係を表す式)_解答	88	25
46ba59a6994802347d659680875fb173	2級　３A　2021年第3回	12	3
f6ad645a331d5e5e95938c1439ba385d	12_３年数学「三平方の定理」週末課題0705 解答例	247	33
b1eec33c726a60554bc78518d5f9b32c	2年数学2年5章「図形の性質と証明」1節三角形03三角形の辺と角の大小関係1問題	9	4
1019c8091693ef5c5f55970346633f9287	◆【解答】中１数学STEP 算数の復習/ 第１章正の数と負の数/ 第２章文字と式/ 第６章空間図形/ 第７章資料の整理/ 学年末問題	5	3
398475c83b47075e8897a083e97eb9f0	社会11(4-②）	2332	102
fe4b8556000d0f0cae99daa5c5c5a410	38-B2-2	2	1
b9f35816f460ab999cbc168c4da26ff3	Unit 2	39	8
3488330ba18d83e3d0ab177178ca66eb	中学社会　公民的分野	12174	94
10907813b97e249163587e6246612e21	2019 MES Songs ⑤ Sailing	151	17
aa169b49b583a2b5af89203c2b78c67c	Try to Be the Only One	181	18
a73d2d60ed472454a0360027aa039bdb	５分間テスト02	413	16
a600bd172fcabd688500dac58ebda3a0	part3 A1-1	4	1
7183145a2a3e0ce2b68cd3735186b1d5	No.8(0612)	13433	100
91f5738a827405b0f0bd80af1b7e386c	05前期期末テスト直し	246	27
80c94c09453dfe07681fde78e769353f	Element 9 Group A	1425	35
1a37546d1929c0ff3ca32d2ddacc41a9	0126二次関数 （式・交点・三角形の面積）	875	91
b79b48dd646ef0af02646b332a92d855	ADorSA14 answer	1	1
7810ccd41bf26faaa2c4e1f20db70a71	Jack the Giant Killer_e-future Classic Readers L6-1	8	3
b17446af05919be6e83500be7f5df5c4	春課題A途中式あり解答（２年生になる前の確認編）	438	42
6d6968d87c240c699190e2d8c029fa9d	testpdf	2	1
2ef6b53bebd1a794aa0fe7749ed72393	The Moving Picture Girls; Or, First Appearances in Photo Dramas	4	2
60cb558c40e4f18479664069d9642d5a	５分間テスト03	44	18
ad16fe8f92f051afbf656271afd7872d	作図トレーニング 2	802	46
cba4fab5fe82032158186944374bf5c0	SA 83 Pre-Quiz	18	3
0c383e8deecbd58d5cbdfd324132b91f	0711確率演習	16121	40
b4f8e5c5fb53f5ba81072451531d5460	ADorSA 15	4	1
a9078e8653368c9c291ae2f8b74012e7204	GLOUCESTER_01000547	16	2
6ffcc0d3641930e3d8980ec43343ccc5	30_図形の性質と証明再解答例	286	38
f1b6f2857fb6d44dd73c7041e0aa0f19	STEP１年/第2章/２文字式の計算	188	19
37841383bc8c327de7912cf44790f3fd	AD29 answer	4	2
bba64e6137c253f4ae556a97869e31b1	2章 文字の式(関係を表す式)	16304	121
aa43cf733f0e3e7a02ce7a6faf7c9e07	地層問題　記述！	13	3
f2876df2ad8d7e06cf5e558f74049bdd	ADorSA 6 Pre-Quiz	17	1
b1b14f09e876174212e19b14fa8fed64	テストPDF	12	5
ff70ea41bc4d78c076f1a002add81da6	No.9	27	9
aeb3135b436aa55373822c010763dd54	2019 シルエットクイズ　生徒A	1967	21
cd758e8f59dfdf06a852adad277986ca179	MISS MOPPET_01000565	5	1
808e22af6c33eea22608f30cef458844	1級　3－2　2021年第2回	11	1
20f07591c6fcb220ffe637cda29bb3f680	未来へひろがる数学3	18328	23
14db62200d8bf46551aa214accafe1df	［サクシード数Ⅰ］第３章２次関数	1	1
ed71773d43d53fa70ecf593c6582d9cc	No.23	93	29
a8849b052492b5106526b2331e526138	解答/STEP１年/第２章/２文字式の計算	28	4
0c048b3a434e49e655c1247efb389cec147	CMT1J1_平面図形_問題解答	35	1
18175d262a01ebf04bc03e38e48e3ffc	12_2年数学週末課題「場合の数と確率」No.12生徒解答	264	35
8e2cfdc275761edc592f73a076197c33186	The Railway Children_eCR L10-1	38	1
4c4ea5258ef3fb3fb1fc48fee9b4408c	BasicPart2_p238-281	7	1
cea0c0b601708bb928f7633a41db56d5	21_前期期末数学	39	4
6107d91fc9a0b04bc044aa7d8c1443bd	３章方程式(連続する整数)解答例	82	28
5112277ea658f7138694f079042cc3bb	60_平方根Bライン	591	55
ae714b2895215ee6c844a04374bde7fb	枕草子	22	6
be1bc7997695495f756312886f566110	道徳②	151	7
51de85ddd068f0bc787691d356176df9	解答/STEP２年/第１章/３演習問題	7	1
6b620aedfa4cf153467265629501dd61	test	32	2
d8a7031d63e3762cfac9ac452816f6fe	26_３年数学「不等式」週末課題1220	65	11
56dc0997d871e9177069bb472574eb29	改サクシード数Ⅰ_第２章 集合と命題mix	22	4
52c031e023c8a03f30f57246f9c3d4f9	32_３年数学「R4西京入試1」週末課題No.32	70	9
69cb3ea317a32c4e6143e665fdb20b14	10_図形と相似	11	4
b7046757c3682a28c5bf2024e57678a0	Is Your Healthcare Provider Ripping You Off	24	1
56880339cfb8fe04c2d17c6160d0512f	［STEP中3］１、2年の復習	1	1
a1c5aff9679455a233086e26b72b9a06	A Christmas Carol	1777	11
f1e5284674fd1e360873c29337ebe2d7	0315自宅学習課題	25560	107
e43739bba7cdb577e9e3e4e42447f5a5	00_巻頭3_P11-20	20	4
7d04bbbe5494ae9d2f5a76aa1c00fa2f	第６章円１円２円周角の定理の逆	9	3
1fdc0ee9d95c71d73df82ac8f0721459	Element II Unit 3 sample materials Day 1	348	5
22cf8d98dca2b9de5052ae9253bddef3	21_前期期末数学再々テスト解答例	398	42
1cf44d7975e6c86cffa70cae95b5fbb2	3年1章単元まとめ	403	26
d4aac89cf9a63cc7ee5328725120289b	24(1220)	15864	98
db0d4963149c89b0cc76ffd6aaacf002	Level 1_6	2146	105
dd8eb9f23fbd362da0e3f4e70b878c16	2019 シルエットクイズ　教師用デモ	86	6
499864301513d8852b624ca93a960bcc	令和５年度新１年春テスト模範解答	222	38
6194a1ee187acd6606989f03769e8f7f	空間図形Bライン解答例	85	32
a1d33d0dfec820b41b54430b50e96b5c	解答/STEP１年/第３章/２１次方程式の利用	64	8
8f6242793017047d373f29f270388ba9	夏休み課題_自己説明問題抽出（確認用）_2208	79	3
a7789ef88d599b8df86bbee632b2994d	(A1) eGCR. MA.3-1-Dark of the Earth	4742	151
4175a4b46a45813fccf4bd34c779d817	The Secret Garden	123	8
02f063c236c7eef66324b432b748d15d	前期中間テスト問題用紙　数学S	54	9
8c249675aea6c3cbd91661bbae767ff1	STEP１年/第７章/資料の整理とその活用	397	16
ee23e7ad9b473ad072d57aaa9b2a5222	①６月２２日	1205	37
dfbd282c18300fa0eccceea6c5fac41f	第４章B-lineテスト模範解答	111	15
829083d7452626f6e64b96ec0b734811	05_前期期末再々解答例	39	9
75883741f77a612cdff0a828f94792d1	３年１章B-lineテスト再テスト対象問題 解答	1056	91
8222e1399bef7043f9455e6b43893bb6	Stories about Animals: with Pictures to Match	15	3
e73fecc08ee9b0e1a876614ec3178bac	Chemical Secret	426	38
b1c14790bce31f481f50e49de3542a85	テストPDF	2	1
afdec7005cc9f14302cd0474fd0f3c96	17期生 朝リスニング #0	595	37
d4f31b020955e1892af61ebff0e3e4d0	3章方程式・不等式不等式⑩ 文字の値に関する問題	30403	81
8ea9805479ddb07d9183081b059dd0d2	21_前期中間数学 模範解答	226	65
52cf49fea5ff66588408852f65cf8272	LCM model	8	1
0163cceb20f5ca7b313419c068abd9dc	AD-23	1	1
d51b416788b6ee70eb0c381c06efc9f1	解答/STEP２年/第１章/１式の計算	150	4
861dc9bd7f4e7dd3cccd534d0ae2a2e9154	QMTYD1_複素数平面１_H問題解答_rgb	2	1
63923f49e5241343aa7acb6a06a751e789	未来へひろがる数学1	36736	29
48c34cb86aa86816e112a44ef2bf4c30	AD-19 answer	3	2
aac933717a429f57c6ca58f32975c597	26-A1-2	15	3
c96b5ab3e42e45e1de64114c04afdaf5	1102平方根「式変形による代入」解答例	238	38
7634ea65a4e6d9041cfd3f7de18e334a	Summer HW 2019 Math, Jr3	316	4
c15203a83f778ce8934d0efaf2d5c6f3	テストPDF	2	1
851ddf5058cf22df63d3344ad89919cf	02_前期中間数学Ｓ	6	3
0b49b88c68f7ecbdb73f50496c084a1e	30_３年数学「R5西京入試」週末課題0207	25	6
8726bb30dc7ce15023daa8ff8402bcfd	0130自宅学習課題（解答例）	3	1
22fb0cee7e1f3bde58293de743871417	2019 シルエットクイズ　教師用デモ	87	8
3bf55bbad370a8fcad1d09b005e278c2187	GINGER AND PICKLES_01000562	17	1
e0f48a1058f0f0204b22d4a2fd6f18ae	0506図形と相似11（平行四辺形）解答例	281	68
f2e43fa3400d826df4195a9ac70dca62	(A1) eGCR. MA.3-2-Dark in the City of Lights	3272	78
e139c454239bfde741e893edb46a06cc	現代を探るUnit3_P08	471	21
6b493230205f780e1bc26945df7481e5	［STEP中３］第７章三平方の定理	2	1
52fe8f09c95a49a4c296c735c32c8678	AR02答え	5	3
0ce2ffd21fc958d9ef0ee9ba5336e357171	As You Like It_eCR L9-2	25	1
84f2798f05d595273de40e3046329309	w02_0417「中学入試問題に挑戦」	20057	103
d96fd4caf8e622ab6c5ef52f5e4feff6	0221_2b 関数y=ax2「四角形の二等分線」解答	50	21
922073b18844540f8fe447c3e93a25b7	0215自宅学習テスト１	37210	119
7810ccd41bf26faaa2c4e1f20db70a71168	Jack the Giant Killer_e-future Classic Readers L6-1	6	1
c4492cbe90fbdbf88a5aec486aa81ed5	10月28日	6200	20
455cb2657aaa59e32fad80cb0b65b9dc	④８月３１日	36	11
6786f3c62fbf9021694f6e51cc07fe3c179	L6-10_The Prince and the Dragon_e-future Classic Readers 	28	2
ac796a52db3f16bbdb6557d3d89d1c5a	【数S Wednesday】20190925実施11「展開」	3311	17
683c46992e4642f7cf7ea1dc7db4f93a	0705_07不等式（不等式を解く）	2	1
d53697441ef12a45422f6660202f9840	(A2) eCR6-04.Thumbelina	272	11
285f89b802bcb2651801455c86d78f2a	CMT1C1_１次方程式　《計算》_問題解答	1	1
8a36dfc67ebfbbea9bd01cd8a4c8ad32	改・青チャート数Ⅰ 第5章 データの分析(問＆解答）	282	8
905669063311d8a17bd6958cd353eedd	AD9 answer	1	1
765d5fb115a9f6a3e0b23b80a5b2e4c4	(A2) eCR5-03.Sleeping Beauty	331	12
3430095c577593aad3c39c701712bcfe	週末課題no39解答例	27	13
da8ce53cf0240070ce6c69c48cd588ee	s	24	3
ae6e334f62fb5d989398deed87568c94	AD2 answer	1	1
800de15c79c8d840f4e78d3af937d4d4	30_図形の性質と証明再々解答例	95	17
d9b993256f4573d37b1cdc50ea3528d8	1103平方根「式の値・ガウス記号」解答例 	87	31
e9b82e4d55c91c6abbf9dedf898172a0	春課題A解答（２年生になる前の確認編）	77	18
0ebb145bdffd37c6947bd60c251df1ba	part2 B1-2	8	2
1288625a4bdcf1109ff5adca3bd33753	01_３年数学「図形と相似」週末課題	150	26
b3ba8f1bee1238a2f37603d90b58898d	SQUIRREL NUTKIN_01000546	10	2
a928731e103dfc64c0027fa84709689e	青チャート数Ⅱ_第5章 指数関数と対数関数mixR	1550	39
6ee69d3769e832ec77c9584e0b7ba112	200121 朝リスニング	2337	160
749b3dec12dee44c9594af615a9de86b	No.27(0213)	9214	89
e205ee2a5de471a70c1fd1b46033a75f	2019 一般動詞　絵	467	21
217b4c71837fac172fabebfc299f755b	春休み明けテスト模範解答	353	42
1019c8091693ef5c5f55970346633f92	◆【解答】中１数学STEP 算数の復習/ 第１章正の数と負の数/ 第２章文字と式/ 第６章空間図形/ 第７章資料の整理/ 学年末問題	9	2
8643c8e2107ba86c47371e037059c4b7	数学9(2-②)	17262	102
0c03ce4cbbae680f46362dd24207e254	An Elegy on the Glory of Her Sex, Mrs. Mary Blaize	206	9
6e88ec1459f337d5bea6353f8bff8026	2年2章Blineテスト解答用紙 	143	52
d9e74f47610385b11e295eec4c58d473	２年数SMondayNo28（二次方程式）	19582	99
9843a745d90a5a55cb0039aadeea32c0	03_夏休み明けテスト解答例	91	27
920ef47bb1ac6c6b5abe61c978738b4e	10_後期期末数S 	62	6
a02ffd91ece5e7efeb46db8f10a74059	STEP１年/第１章/３乗法と除法	12	4
abbcf60674d48894b8ea294e4f23b41e	1223_連立方程式(A=B=C他)解答例	189	53
632cee946db83e7a52ce5e8d6f0fed3552	青チャート　数A　確率	41	8
48d23e87eb98cc2227b5a8c33fa00680	徹底演習テキスト中2理科［問題］R5	14541	106
57bafb2c2dfeefba931bb03a835b1fa9	24_３年数Sマンデー0205	2193	32
7a1d9028a78f418cb8f01909a348d9b2	w04_0429「図形と相似」	2	1
e31ea40e5c5cdcd45c0cb824f35255e9	WH No.25 解答	195	76
b1f6b3049abddd25b2c408905b34ff12	07.1113総合問題（シエネの井戸／スカイツリーの影）解答	278	49
6e5025ccc7d638ae4e724da8938450a6	STEP２年/第１章/１式の計算	595	15
a64a1476544db9bd76a6d1f024a3a8c6	0607 2年前期中間テスト(数学)問題用紙	1317	86
9c4e6233c6d5ff637e7984152a3531d5	R4「自由研究」2事例集 	124	16
d38901788c533e8286cb6400b40b386d182	PETER RABBIT_01000545	21	4
74961657ae02e93fc17be9d9fc864620	ごみについて考えようnew	103	7
9f9e8cba3700df6a947a8cf91035ab84	135q	8	1
23712318a400454a2c049f165106d985	その他	1	1
f1c1592588411002af340cbaedd6fc33	第７章三平方の定理１三平方の定理２三平方の定理の逆	235	36
a0098fd07db7692267fca4f4169c9ba2	SA20 answer	1	1
63a7769efbcc83107e5e385ccc6429de	道徳②	10609	127
7813d1590d28a7dd372ad54b5d29d033	38_２年数学「二次関数」週末課題No.38	1	1
d65862e5c9c83c81bb456b82791a198c	05_前期期末数S解答例	153	39
1ba922ac006a8e5f2b123684c2f4d65f	第三章Bline  10番	150	50
3fab5890d8113d0b5a4178201dc842ad	１１月５日	3828	14
201ecef3255bae210a1b2c0ae4a21c7a	Level 1_04_2015_Archie trial	122	2
60a0575ee6ce460e1d86c0e9d281c4f1	Underwater Worlds_A1-lv1	203	15
8e887cf8e64ab8e7173701a979476567	No.1(0417)タッチペン	8561	40
d7e81e78801865d4e4c1be615e762ba4	理科後期期末予想問題	62	17
6be0fc6d398b58e837e9ed93a6342a46	1118_05空間図形（正多面体）解答例	202	29
819e3d6c1381eac87c17617e5165f38c	23_３年数Sマンデー1209	13253	34
6591d327f6f731e589b0e869adadf940	AD 33 Pre-Quiz	1	1
61b3faf77e874a963096975a8ebd2279	5分間テスト解答No02	4	2
ec9b606d4c0673aa256696c06cc9e785	21(1122)解答	10	4
3644a684f98ea8fe223c713b77189a77	【概要】Bookrollとは？	256	10
49af6c4e558a7569d80eee2e035e2bd7	富士山	3337	39
d38901788c533e8286cb6400b40b386d191	PETER RABBIT_01000545	2	1
009c434cab57de48a31f6b669e7ba266	08_冬休み明けテスト解答例	274	96
00c9f07b1f0782613ee5d3133d28cc01	SA 95 Post-Quiz	9	1
74c4ca058d59d2b807a3e4a6522e8632	37_生徒解答	123	17
b2df0a0d4116c55f81fd5aa1ef876510	AD 23	14	3
ba053350fe56ed93e64b3e769062b680	［STEP中3］第2章 平方根	1	1
46f5ffb3777b7659bb35da6ddab19e05	No.13(0914)	1090	21
a30bc83d95b629973ef10dbe8221ca63	ADorSA 11 Post-Quiz	1	1
933596b8ed665b3c5c6ed32079b2d20e	12シリウス国語発展vol1_解答59	1129	31
d128a9569b806e3a93c91293aed3f40b	0623三平方の定理（斜線部の面積）	228	60
97ea3cfb64eeaa1edba65501d0bb3c86	No.24	164	46
383d3906a81567a4790639391dc4ecd7	Willamena the Witch答え	2	1
fdff71fcab656abfbefaabecab1a7f6d	0704_2三平方の定理（17-24つの球と外接する球）解答例	288	70
1b90614883e606d5621b45c14f4f2963	６章空間図形(立体の移動)	1662	98
972ededf6c4d7c1405ef53f27d961eda	40_確率再	40	11
4d0b954f0bef437c29dfa73fafdf3fa5	211111不等式の証明① 1	12	4
dbf138511ed1d9278bde43cc0000e49a	SA54 answer	1	1
79286674060c5b8f6644bfff4ae069a2	中学生の地理「オセアニア州」	310	16
ee2689a415fc2b28bb05fb5e195ebf04	06_2年数学週末課題「図形の調べ方」生徒解答	79	11
c12706a7c6e8d6476c3d2b6ae0042a82	未来形①	357	11
95e62984b87e90645a5cf77037395959	１年総括(カスタマーバーコード)	20119	116
a8345c3bb9e3896ea538ce77ffaf2c20	(A1) eGCR/School Adv.1-6-Summer\'s End	6213	113
36dcd524971019336af02550264b8a08	AD-11	5	1
532b7cbe070a3579f424988a040752f2	解答③	603	19
20aee3a5f4643755a79ee5f6a73050ac53	中3数学STEP 第2章平方根/ 第3章二次方程式/ 第4章関数y=ax²	183	9
d240cb4a3e3d2ed5250ac2e1480422f0	教科書(712) 数学Ⅰ	4407	108
540393ae7f8b7a7fd6cdf47250b05679	第３章B-lineテスト問題用紙	568	19
f187a23c3ee681ef6913f31fd6d6446b	STEP１年/第５章/１平面図形	166	13
a9ab7197d8b7136352134db6652cd034	0225_規則性演習プリント（階差数列）	2299	41
d8c1d317721776ba9d38a3cccd33a79a	AD33 answer	1	1
48237d9f2dea8c74c2a72126cf63d933	問題31～40	2221	35
aa6b7ad9d68bf3443c35d23de844463b	中2その他tespdf	5	3
b68fa653f3e1836366b72596194b9545	Jack and Jill and Old Dame Gill	3	2
688ffcd6367bd153033e41bcc801f33d	0309家庭学習の課題（確率）	7827	90
0678ca2eae02d542cc931e81b74de122	STEP演習中３数学_第５章相似	1637	76
045117b0e0a11a242b9765e79cbf113f	test_kuromiya	5	1
570badcfe14697bf2a244e2e25b93e59	ELEMENT U4 Day 2 text	32	2
4d2e7bd33c475784381a64e43e50922f	test pdf	2	1
4b2944dfea61be814911110c21ddd974	40_確率・箱ひげ図Bライン解答例	42	17
8819159f9246232ed1299a7414448ab4	25_後期期末再々テスト解答例	195	47
fdfb747f3811c255ad0e32fce91d72df	春課題の説明	39	14
58ea24488cdaba86635a7cf8f963089c	27_３年数学「不等式」週末課題No.27	19	9
2db3545a41db81329326dbb11caff449	SA 69 Post-Quiz	1	1
d947bf06a885db0d477d707121934ff851	NEW HORIZON 3	2	1
c70341de2c112a6b3496aec1f631dddd	Element 9 Group B Expert	4	1
9759e4afabf043458dd9f1988644ed6b	The Adventures of the Little Woman, Her Dog and the Pedlar	63	3
2639ba2137371773aa1e64e7735cdb30	ペンストローク演習課題2	13603	116
3297e7aeefb93094955d36536f1fe275	37_２年数学「関数」週末課題No.37	21	6
2c463dfdde588f3bfc60d53118c10d6b	4章Blineテスト模範解答	20	14
5fd0245f6c9ddbdf3eff0f505975b6a7	改・未来へひろがる数学3	87242	532
512c5cad6c37edb98ae91c8a76c3a291	中3_8月_入試特訓　不定詞・動名詞__添削問題解答	1	1
34ed066df378efacc9b924ec161e7639	線分の比	65	11
8c5b18cbdfd35320a10729d3aaf1343b	AD 37	7	1
54dbaef707bbde46c875e9c0d9bc103e	No.11(0719) タッチペン	29751	116
3f62d610adac92bbf2996bb4d8ff7657	05.1208総合問題（レインボーブリッジ／算額）	1494	62
4d702022947b6fed64518d0d7cfc692d	220127授業ノート①(1-3]	3	1
69f62956429865909921fa916d61c1f8	32-B2-2	2	1
4c5bcfec8584af0d967f1ab10179ca4b	週末課題no33解答例	44	16
43dd49b4fdb9bede653e94468ff8df1e	STEP１年/第４章/３比例と反比例の利用	951	20
c7a2af589d255231c76944fe4a45a500	0518図形と相似17（Bline振り返り ）	139	63
c71c14199fd7d86b0be2a0d4ee4c738f	0708_08不等式（不等式の利用）	10640	40
a7c9585703d275249f30a088cebba0ad	[サクシード数Ⅰ] 第1章 数と式_旧	2230	100
e1f979ea2b94f4a754835ee9f85cf0d0	AD 12 Pre-Quiz	79	2
155fa09596c7e18e50b58eb7e0c6ccb4	18_３年数Sマンデー1105	4149	12
e64caaff8e5c0399ab73c9fe1e37bd79	10(0705)	10072	112
faad95253aee7437871781018bdf3309	23-A1-2	28	4
3f78fa1cdb0e2fda88c2a935950ffdf1	07_後期中間数学再 (生徒解答例）	535	74
c4b31ce7d95c75ca70d50c19aef08bf196	高１ 青チャート/数Ⅰ/ 第１章数と式/ 第２章２次関数/ 第４章データの分析	3	2
01c8a64a2b3c66c05c2dbf9df27510eb	19(1108)解答	45	21
c16882e007c5c7a773acd7c5e8869ab7	30_図形の性質と証明まとめ	218	21
8ef899fe33f78d18506d037fd734f900	0412B	66	22
a9b7ba70783b617e9998dc4dd82eb3c5	01_前期中間数学分布	4	2
f7426bc1998891cd172a10233b83a8de	５分間テスト解答no22	7	3
147702db07145348245dc5a2f2fe5683	test pdf	7	3
2983e3047c0c730d3b7c022584717f3f	0511図形と相似14（街灯）解答例	34	11
8252831b9fce7a49421e622c14ce0f65	R4 GW課題	1	1
8576a5108a045a711b0927e2408d4b34	0417週末課題	9	1
31c49b512f199bc6f8734034a87dd9fa	【問題編】シリウス	7873	40
efaf8fe94a274cae9685b96a9690c045	1218二次方程式（動点問題）	8	2
966eaa9527eb956f0dc8788132986707	a0119総合問題（20大学入試共通テスト）解答例	223	50
47a85128570a3482beea9592a3cc7ffb	SA 55 Pre-Quiz	1	1
2ef35a8b78b572a47f56846acbeef5d3	(B2) eCR10-08.The Strange Case of Dr.Jekyll and Mr.Hyde	195	10
f29e2360ef277f77595dfae0aab78138	６章空間図形　立方体の切り口の形②	15885	39
b95589ace5256d2cc7a706bbe4ab9f13	ELEMENT U4 Scene(2),3,4	5597	51
3bd00b198a4acdcdd6de880c3bbc917d	17(1025)解答	61	28
bd9b0b4fe7c7d2f2c932c8d279ddb529	作図トレーニング 1	370	39
0ff8033cf9437c213ee13937b1c4c455	2019　1年生　スピーキングテスト　更に練習①　日本語の質問のみ	123	20
452e91de642a8e9c43121664d5d3c05c	1222総合問題（18２次関数の最大値・最小値問題）	1218	108
e8e5f71237c3b05761cda9e029a5b3d2	20w_「対称式」週末課題WEB	10194	81
b618c3210e934362ac261db280128c22	2年数学3年2章「平方根」1節平方根01平方根1問題	6	3
dd17e652cd2a08fdb8bf7f68e2ad3814	(A2/B1) PYPR. 6-07/Mountain Top	88	9
49d4b2faeb4b7b9e745775793141e2b2	Element Lesson10 Part3-4	221	24
cef762ecebfd6ff463ce4fb05f095d92	05_2年数学週末課題「一次関数」No.05生徒解答	115	12
d87d3902e1c4efdc9d79e94c4921bb40	AD 18 Post-Quiz	1	1
abc2d30d4c86f34166c321f2c65dfaa3	R05_3年冬休みの課題プリント解答	722	20
4ff6fa96179cdc2838e8d8ce64cd10a7	STEP演習中２数学_１年生の復習	20	3
e8432fb72c61c9066957124e5a420a05	１年数SMonday確認テストNo17（11/24実施分）  	23969	112
54b2b21af94108d83c2a909d5b0a6a50	学年だより2月	5	2
deb74a85a4a68465b75c721d45db5d3b	Alice in Wonderland	332	12
8922176f5043c3196357e6e8d2d50852	0209「図形の移動」	71002	113
99607461cdb9c26e2bd5f31b12dcf27a	New Horizon 2 Unit 7	1781	84
73b817090081cef1bca77232f4532c5d	(A1) Reading Along Series 2-04. Ice Cream (Book + Hybrid CD)	672	50
4042483f5c2c4015e2a6abd47aa76b6f	AD 29	12	2
b984bddf9e7c8fb09854e208c0284764	SA30 answer	1	1
a0443c8c8c3372d662e9173c18faaa2c	13_方程式再解答例	316	47
7ec2442aa04c157590b2fa1a7d093a33	12シリウス国語発展vol2_解答64	4	3
23d3743ad75e4470e7ff7129351a9541	Active Reading 練習教員用	9	1
ed7ebf1d0e87774f12b2102e2cba4476	【問題編】シリウス	4781	33
4734ba6f3de83d861c3176a6273cac6d62	NEW HORIZON 2	30284	25
1098f40d613dcadb0486a71293cb6e31	わくわくかんじ	62	10
d9fbed9da256e344c1fa46bb46c34c5f	SA-5 answer	1	1
e3251075554389fe91d17a794861d47b172	A FIERCE BAD RABBIT_01000564	2	1
b16e8712b35e498857df08af3944b127	［STEP中3］学年末問題	2	1
f90bebdc692f68ebf8f1dee68a01a8e0	w3_週末課題WEB  20230210(解答)	118	41
8ab7f718012c87aad3887a7d136cdf53	芳賀3組4組 Element II Unit 3 Day 1	2792	36
544a4f59f691574154a60b8539ebf914	数学1(1-①)課題	20656	127
9657c1fffd38824e5ab0472e022e577e	指数計算テスト	2	1
48c8c3963853fff20bd9e8bee9bd4c07	現代を見るUnit19	2709	40
fb7b1850ba96e427e01404c3ed805cc2	0510 2年3章Blineテスト模範解答	1001	121
8a20a8621978632d76c43dfd28b67767	中間値の定理＜宿題＞	3075	22
30bb3825e8f631cc6075c0f87bb4978c	週末課題11	181	23
5c376f6d20024c7448dcc13bdf090086	５分間テスト13	1	1
a3a51080d3fcd1adab3a44996fd6b977	AD6 answer	1	1
bbeb0c1b1fd44e392c7ce2fdbd137e87	(A2) ACS.28-Prince Riquet	185	8
81e5f81db77c596492e6f1a5a792ed53173	JOHNNY TOWN-MOUSE_01000557	34	1
237168031d88451c78fd8d6d6378c0b2	part2 A2-2	1	1
ec47951a847319d0dd4933431b5b2c0f	特別編	24	14
0373773367d222af429a7e5ab573a42d	SA 6	3	1
d8adc4c062bbf67846a3608544208c0e	15_生徒解答	434	47
8a0e1141fd37fa5b98d5bb769ba1a7cc83	Z会問題_中学	524	12
e3b80d30a727c738f3cff0941f6bc55a	1章 単元のまとめ	43	5
b51a15f382ac914391a58850ab343b00179	Macbeth_eCR L10-2	7	1
f014d3d6593c369164be6775d5fab1af	04_３年数学「図形と相似」週末課題No.4解答例	312	37
b19d3c9e40467f65287c078ea8970b83	PDF_上左右余白カット	13	1
815074618f19008da3c78b95a2f5b964	5章単元のまとめ	909	76
64a7157cf3932bf74755aa3cf586f2ec	解答［STEP中2］第３章１次関数	451	11
588e343066cf54ec3db5132231df7d68	［STEP中1］学年末問題	1689	62
6b5bf4d4122957763ce3b07201e4003e	test	65	20
4734ba6f3de83d861c3176a6273cac6d57	NEW HORIZON 2	614	9
c2aee86157b4a40b78132f1e71a9e6f184	【解答 】中１数学STEP 第3章一次方程式/ 第4章比例と反比例/ 第5章 平面図形	47	4
03e696f87d7c24d74e62fd51b81a7140	0220_規則性演習プリント（部分分数の和）	2311	41
c11abfd29e4d9b4d4b566b01114d8486	3章方程式・不等式(工夫して解く方程式)	1375	40
a1255c9dbdcd635143d172dee1b8c0fe	The Queen of the Pirate Isle	52	5
daad8d509446c856e52d79f897232876	15a	6	3
8e19a39c36b8e5e3afd2a3b2692aea96	62_平方根再々解答例	79	38
28891cb4ab421830acc36b1f5fd6c91e	01_３年数学「算数オリンピック」週末課題No.1	22	7
968f3d328fce0313aa636ba29c1b1fa9	ELEMENT U48 Day 2	366	31
42fe880812925e520249e808937738d2	(A2/B1) PYPR. 1-03/The White Castle	1057	54
731309c4bb223491a9f67eac5214fb2e	English音声サンプル	336	10
8553adf92deaf5279bcc6f9813c8fdcc	SA 46 Post-Quiz	1	1
979d472a84804b9f647bc185a877a8b5	【Moodle】課題編	133	6
816865fa670ed97d787c0c977edaf01a	1028 平面図形（座標平面上での最短経路）解答例	93	14
f45a1078feb35de77d26b3f7a52ef502	19_３年数Sマンデー1112	11686	38
2bd7f907b7f5b6bbd91822c0c7b835f6231	中3_3月_受動態（発展）など_ハイレベル_添削問題解答	5	2
b1b0432ceafb0ce714426e9114852ac7	中2数学Ctestpdf	1	1
9908279ebbf1f9b250ba689db6a0222b	30_三平方の定理分布	1	1
1577e5ef0c7cf5fea7ec297c0d4adc36	29_生徒解答	320	41
db0513583c7b05237076d942baab7ce9	testpdf	4	2
1b0114c51cc532ed34e1954b5b9e4b58	解答/STEP１年/第４章/４演習問題	50	14
ec7f346604f518906d35ef0492709f78	(A1) RT25-Hiccups for Hippo	439	23
ddf9029977a61241841edeae15e9b53f	01春休み明けテスト直し	24	10
6bc7d9c600d61c08316607cde0dbb8a4	26_３年数学「不等式」週末課題1213 解答例	388	40
0fd4b8a8354a77a3fa75e3d97e7a34e6	3年数学3年8章「標本調査」01箱ひげ図導入2解答	40	17
21b5680d80f75a616096f2e791affac6	大問20　解説訂正	115	30
5caf41d62364d5b41a893adc1a9dd5d4157	QMT4B1_整数の性質_S問題解答_rgb	2	1
52130c418d4f02c74f74a5bc1f8020b2	二次関数7「図形の移動」	162	54
051928341be67dcba03f0e04104d9047	2019 MES Songs ④ All I Want For Christmas Is You	380	18
35285aa740b37f0b1933da97bf4ca4b9	改訂版キートレーニング 第2章 2次関数 (数学I) (問&解答)	404	8
2cc18398df2e6692fffc29a610cb72e3	【問題編】シリウス	3340	35
590fcadab00abacc5caaf30b51e91ad3	0903 Blineテスト Unit3,4 模範解答	171	29
ae87a54e183c075c494c4d397d126a66	７資料の活用８規則性	186	52
d81f9c1be2e08964bf9f24b15f0e490094	改訂版数学 I 	1	1
7bb060764a818184ebb1cc0d43d382aa162	QMT4K1_図形の性質_H問題解答_rgb	2	1
79cae1be0fbae74dafbf8399ee2209cb	解答［STEP中3］第2章 平方根	15746	92
a5148ecf1c9f85aadcf0e2feb881df73	動詞の活用	4	2
2ad9e5e943e43cad612a7996c12a8796	理科２年授業015	527	18
99503bdd3c5a4c4671ada72d6fd81433	木村3組4組 Element II Unit 3 Day 2	12	1
ce393994e8cf430867408678d1a5a9c8	Be動詞の過去形	1302	24
53420bd6e6798761679772a7dd012674	29a	3	1
706608cfdbcc1886bb7eea5513f90133	音楽1(1-①)	16555	117
1dacb10f0623c67cb7dbb37587d8b38a	音楽１　１年　校歌写譜a	35	2
81b44841fd564c347f7f21ae19b97659	３年数SMondayNo1	2009	41
bd8d8aaed497d204a9c3a92e55e4aeab	No.28(0226)	6504	44
161882dd2d19c716819081aee2c08b98	規則性演習プリント（等差数列）解答例	239	41
f69e505b08403ad2298b9f262659929a218	L1-10_The son who doesnt listen_e-future Classic Readers 	27	1
e1696007be4eefb81b1a1d39ce48681b	サクシード数A_第２章 図形の性質	5018	18
9a555403384fc12f931656dea910e334	SA 50	6	1
70e9dbe24ba303f2d25ac34d3ae945c5	SA 53	4	1
349f8e8088df63050757dd8be4356216	2年2章Blineテスト 0217	946	60
4a8423d5e91fda00bb7e46540e2b0cf1	IECライティング課題について	175	64
2bb0502c80b7432eee4c5847a5fd077b	［STEP中1］第7章 資料の整理とその活用 	11641	92
cf9819df265db90772d487d5b2cd3cf4	解答［STEP中2］第３章１次関数	16521	113
def130d0b67eb38b7a8f4e7121ed432c	改訂版 数学Ⅰ(327)	12122	83
64c31821603ab476a318839606743bd6	(A1/A2) eCR4-09.Buttercup	413	11
51f15efdd170e6043fa02a74882f0470	1-A「旅立ちの時」	1639	40
e98549a4cb29369fb6dbb48ab0b6e018	Level 1_04_2015_Archie trial	28	1
66afc259774549a5e84fc678fddbaf14	0621_02方程式(工夫して解く方程式)解答例	139	15
7f53f8c6c730af6aeb52e66eb74d8507233	中3_4月_現在完了	9	1
c0356641f421b381e475776b602a5da8	L02_P1&2	383	35
8d97f450424ddf6448b7efe4159d2aa6	10 アーチを作る	1803	109
42e499e591496cb71d9a11ae109dc962	２年数SMondayNo4(0526)	2	1
fec52d41a265530aedd9cb7794e32ed9	和歌	17	4
bc573864331a9e42e4511de6f678aa83	【解答解説】青チャート　数Ⅰ 第４章 データの分析	157	8
f0adc8838f4bdedde4ec2cfad0515589	2019年度自然研究の手引き	558	36
23f35020df135821bc9a1c51e3900047	２年４章図形の調べ方	7	2
e94f63f579e05cb49c05c2d050ead9c0176	L4-10_Young Chubb and the Music Box_e-future Classic Readers 	1	1
8fb5f8be2aa9d6c64a04e3ab9f63feee185	L2-1_The Tortoise and the Rabbit_e-future Classic Readers 	63	1
6a130f1dc6f0c829f874e92e5458dced	３年数SMondayNo5	3622	107
7e8d7e5ccbddfd9576be61e3ab86aa73	国語8(3-①)	5	3
2ff87ef2c8e0ec43f54888b94b9d5d05	03(0510)	71681	117
20aeb8a8621709e3ac91e891e7c62f8f	Report about smart phones	9	5
fa7410de86471342fc198f32104ccb31	21_３年数学「展開」週末課題1101	588	38
566f0ea4f6c2e947f36795c8f58ba901	0121解答二次関数 （定義域・値域2）	510	70
967990de5b3eac7b87d49a13c6834978	Ice Pilots_A1-lv1	620	30
3da508de45fcad17289fd382a1b95376	No.24(0126)	11577	108
1c63926ebcabda26b5cdb31b5cc91efb	解答［STEP中1］第1章 正の数と負の数	21618	188
1f5795e7b93f423c397e6f7aaff80133	143q	7	1
3817157c9127b4cdb7a8d690ee72d874	70_二次方程式Bライン解説	1584	98
dc4c44f624d600aa568390f1f1104aa0199	Romeo and Juliet_eCR L8-1	1	1
b47a38d37ff1ee67b87f6c6a33a84145	R06夏休みの演習課題プリント【補足解答】※4.13.18.19.22.23.24.25.26.27	3562	95
828752f77ada1b8badf688bb8be59f9d	社会６（2ｰ③）	3192	109
3aca6cc84657b8d0b2f42c3821ce0ba6	The Tiny Picture Book	3	2
25e828afe5f637410a84442d27029c38	No.18(0925)タッチペン	24610	115
c0f168ce8900fa56e57789e2a2f2c9d0	週末課題15	175	20
91576cbf171986154e523305a69c79d3	0617図形の性質と証明（平行四辺形の性質1）	743	107
d38901788c533e8286cb6400b40b386d208	PETER RABBIT_01000545	2	1
3b777b775721dfa8d36de2a320a03e53	準２級　2021年度第3回	703	32
23d2e1578544b172cca332ff74bddf5f	英語絵本の借り方ーマニュアル	97	5
258be18e31c8188555c2ff05b4d542c3	解答/STEP１年/第２章/３演習問題	6	3
f340f1b1f65b6df5b5e3f94d95b11daf	シリウス21発展中1	2094	15
1e932f24dc0aa4e7a6ac2beec387416d	春課題B（入試問題編）	11275	98
65ae450c5536606c266f49f1c08321f2	現代Unit10	1410	56
c2073ffa77b5357a498057413bb09d3a	w12_0626「角度の問題」	12986	78
9b0f4932ee013ec1b2afb5057c2d34e8	総復習02_一次関数・二次関数	6997	118
254eb3b5df0f07a3c8c134624be3119b	春課題A（３年生になる前の確認編）	3011	89
3ebd728de6fa78aa8bc932e9abece9c0	第2時 三角形の相似条件	152	29
43a7c24e2d1fe375ce60d84ac901819f	0523図形の調べ方「証明練習２」	3005	38
020c8bfac8de160d4c5543b96d1fdede	五円玉と月	15064	39
373f32fe149adc95e1dae88d8993a678	SA 87 Pre-Quiz	2	1
1f89885d556929e98d3ef9b86448f951	Lesson0 CHECK QUESTIONS	6560	44
14eac0d254a6ccaf9b67584c7830a5c0	芳賀1組2組 Element II Unit 3 Day 4	5565	35
58426cf937eb05143f82b6d41e8968bd	２年２章連立方程式の利用(速さ)	7051	83
97af7c9d8a8bb40503fd392b20b5a7ff	AD7 answer	3	2
d64a340bcb633f536d56e51874281454	飛べなかったハト　資料２	56	13
a65eb348fb03103dcd48530b52b996a7	No.1(0417)タッチペン	8141	45
096ce33c96792e289516407eb29b62bb	期末試験に向けて問題編	589	30
44f455185e5ae730f5e12534aaaa5e02	11 折り返し・移動 解答	316	52
e8b1cbd05f6e6a358a81dee52493dd06144	CMT1B1_文字と式_問題解答	13	1
33501018d710f3e2dd8438a4050ea9c2	R6_3年夏休みの演習課題解答	77	4
06a15eb1c3836723b53e4abca8d9b879	週末課題no25解答例	71	20
fdbd31f2027f20378b1a80125fc862db	testpdf	46	19
02c27682b80b462437ba4efc71267562	春の課題算数	34	9
747cd247d7e5dca7fa453e0dca5204b7	1120 2年後期中間テスト(数S)模範解答	29	17
17326d10d511828f6b34fa6d751739e2177	The Wonderful Wizard of Oz_eCR L7-2	7	2
087408522c31eeb1f982bc0eaf81d35f	週末課題10	74	23
6098ed616e715171f0dabad60a8e5197	3年7章「三平方の定理」章末まとめ2	119	23
6340831392e9cd8af9598274f4b3c5c0	0708_08不等式（不等式の利用）	19108	81
4aee31b0ec9f7bb7885473d95961e9a6	春課題B（入試問題編）	1633	26
8fb21ee7a2207526da55a679f0332de2173	L3-10_An Uncomfortable Bed_e-future Classic Readers 	62	2
0064f599ed0adb5870a5b3ffe438e485	1121 2年後期中間テスト(数学)模範解答	431	41
f60ce002e5182e7b99a8a59b6d865a12	Unit 16 question	93	17
6ef07f927172f6d48f2e72d606a03713	テストPDF	4	2
9ca90593821a015f234e9a8195ae5582	1204二次方程式の利用3（動点・座標問題）解答	315	54
5edc4f7dce28c711afc6265b4f99bf57	過去入試問題2019	1050	70
d707329bece455a462b58ce00d1194c992	【解答】高１ 青チャート/数Ⅰ/ 第３章 図形と計量	5	2
545e91a14706478dc240764245cd4bd1	R4 GW課題	1	1
a274315e1abede44d63005826249d1df	testpdf0823	99	2
01cc1da1d5e00d6c7fb60943b4b03f68	1009 式の展開と因数分解「因数分解演習③」_解答	137	42
6dd4e10e3296fa63738371ec0d5df818	Unit3-4	16	3
b448d8292fd27ae25bbc2e09ad43ff88	音楽１　１年　校歌写譜	17	1
fe256faf97c200de0f7486ddf56c02f6	GW中の課題（解答）	955	39
6e7b33fdea3adc80ebd648fffb665bb8	Unit2-3　他己紹介　生徒B	199	14
213b9c781a1cb3740d204492e6ce20c0	令和5年度　後期期末テスト(数Ｓ)模範解答	891	104
41a6fd31aa2e75c3c6d427db3d17ea80	平面図形の基礎	1	1
97df5fa177f4f8e4361304cf5dcacbf5	SA 32	5	1
3beeab85046ca201d73bb9d129bcfc3f	1114平方根（根号を含む計算２）模範解答	106	15
07d8be4e98fe2f96153d2e43b791d4ea	06_後期中間数学解答例	426	21
1ac4dbd83735534bcebc28c845dafccd	Level 1_2	39046	151
17326d10d511828f6b34fa6d751739e2164	The Wonderful Wizard of Oz_eCR L7-2	2	1
2959ced850c7261ff93292042fed7240	SA31 answer	1	1
2410f01cc34c57702bbec8f884db18d5	【問題編】シリウス	6208	34
e14e58299bc41e7fb10c701130c5cb27	改・青チャート数B 総合問題・実践編  (問＆解答)	6	2
f471223d1a1614b58a7dc45c9d01df19	青チャート数Ⅲ_第3章 関数	12	3
967162a0b2dc0483ad3d0f47dfb1e9ac	01-WH　解答	45	22
12e1b435e5e53888e787d22c1e8d262d	07_後期中間数学 	1280	76
fec87a37cdeec1c6ecf8181c0aa2d3bf	2020 後期期末テスト前学習プリント	36	4
c4bbac870026694953a91cbd99149a13	解答1～20	65	11
7866c91c59f8bffc92a79a7cd09f9af9	04_後期期末数学解答例	44	16
1d6408264d31d453d556c60fe7d0459e	No17　(2月1日提出)	11656	38
66368270ffd51418ec58bd793f2d9b1b	10_図形と相似解答用紙	13	3
afe434653a898da20044041262b3ac74203	L2-10_The Origin of Fire_e-future Classic Readers	1	1
dc4c44f624d600aa568390f1f1104aa0178	Romeo and Juliet_eCR L8-1	10	1
1fb5e72be96a57b7a3b995ee40c3e242	A Visit From Saint Nicholas	113	7
351869bde8b9d6ad1e3090bd173f600d	No17　(2月1日提出)	10603	33
3fc90b8360ec984bca9ef733dc3cb612	徹底演習テキスト中2理科[問題]R6	8203	86
16026d60ff9b54410b3435b403afd226	解答/STEP２年/第２章/３演習問題	5	1
5eac43aceba42c8757b54003a58277b5171	TOM KITTEN_01000552	67	1
4f8b5dedab6f650dbf1b2532aa11f646	感動詞問題	29	4
5e5dd00d770ef3e9154a4257edcb80b8	音楽１　１年　校歌写譜c	31	2
d801eb0fd6c4a9a6d5f7e5c76c6a60fc	２年数学演習課題「二次方程式」計算練習④	1960	96
b6f8dc086b2d60c5856e4ff517060392	2-A2-2	11	3
75ebb02f92fc30a8040bbd625af999f1	151q	5	2
3695d85c350d924e662ea2cd3b760d40	1207二次方程式の利用6（解と係数の関係2）	2407	111
38f6986c14cd82ea09ac933d4abebea6	1211二次方程式　etime2（無理数係数・４次方程式） 解答	797	51
ec5c931cc3eb9fcc8a46b364c0f69e51	小1の算数	80	24
b4aa00bc1c59b9d1cdd07479070e355e	多項式とその計算　解答解説	176	21
3517fa423c73116f3f78c6cbaa5fe4ef	The Faithless Parrot	161	7
4f9c76cf97f84048c5990dd4ef842ea2	第３章B-lineテスト模範解答	68	16
2bb232c0b13c774965ef8558f0fbd615	解答_第６章円補充円の接線と弦のつくる角	9	4
060fd70a06ead2e1079d27612b84aff4	49_週末課題no.49	176	40
cb3e687772d3306c7be2a55580c0dc73	0919_01_比例，反比例の利用（交点の座標、図形問題）解答例	112	20
a8a5d22acb383aae55937a6936e120b0	SA 92	6	1
f8037f94e53f17a2cc301033ca86d278	理科№03	10110	121
39e4973ba3321b80f37d9b55f63ed8b8165	MRS.TITTLEMOUSE_01000555	2	1
c23885620670bb335ef4c917657362b9	50_式の展開・因数分解Bライン	217	28
09ccf3183d9e90e5ae1f425d5f9b2c00	改［STEP中2］1年の復習	1959	113
01991b6bec4ceacaf9fd8748b7fa0698	週末課題2月21日　犯人はだれ問題　2月24日21：00までに取組ましょう	4972	41
1980fa3bbff704c8bec1b7196cf7dfbc	AD 22 Pre-Quiz	1	1
6c442e0e996fa84f344a14927703a8c1	改・解答［STEP中2］第2章連立方程式	17759	244
6c8dba7d0df1c4a79dd07646be9a26c8204	The Little Prince_eCR L9-1	9	1
437d7d1d97917cd627a34a6a0fb4113698	高２ 青チャート/数Ⅱ/ 第１章 式と証明/ 第２章 複素数と方程式/ 第３章 図形と方程式/ 第４章 三角関数	85	5
8f4d94fa779cb6b74225a9e26c700a39	R4 夏休みの演習課題	19946	109
d18f655c3fce66ca401d5f38b48c89af	解答_第６章円補充円に内接する四角形	5	1
780965ae22ea6aee11935f3fb73da841	(B2) eCR10-10.Murders in Rue Morgue	230	12
6c468ec5a41d65815de23ec1d08d7951	［STEP中2］1年の復習	39	6
b3f61131b6eceeb2b14835fa648a48ff	2019 Over the Horizon	19	5
6a62253c673325a7be239b84a9f879d2	No.38(0219)タッチペン	2	1
cba2a355dc11678a805de3839a03e32d	No1解答	13	4
90e2217cd253377081205243ac24b03a	The House That Jack Built	14	3
8386fa112ba70c3f60b6907d3812bb9e	BookRoll ディレクトリ作成と教材追加202204	2	1
cedebb6e872f539bef8c3f919874e9d7	中野	7	2
b8a0cabd92e8b9ab1727347dfd138421	36_円の性質Bライン	1420	45
62dad6e273d32235ae02b7d321578ee8	理科5(1-②)	43077	111
4a4526b1ec301744aba9526d78fcb2a6	2020中3数学週末課題21解答	118	11
0d1f9ed41c577b9ad97ebe248806ca70	0221 関数y=ax2「西京高校入試過去問題に挑戦」解答	29	10
a2137a2ae8e39b5002a3f8909ecb88fe	STEP１年/第４章/２反比例	616	20
e4dd5528f7596dcdf871aa55cfccc53c	2019平方根後期中間テスト数学より1問題	8957	18
da40657c9fece7e48d30af42d31d4350	No.25(0130)解答	3	2
132d6c1408f2492456848667346b54b6	春休み明けテスト	49	17
0768281a05da9f27df178b5c39a51263104	【解答】高３ 青チャート/数Ⅲ/ 第５章微分法/ 第６章微分法の応用/ 第７章積分法/ 第８章積分法の応用	1	1
f2ece8b7033187c53bdec16c369964e7	0523図形の調べ方「証明練習２」解答	39	9
8fbf752a03d27d94c949ca816b453196	17_３年数学「三平方の定理」週末課題No.17解答例	126	31
16002f7a455a94aa4e91cc34ebdb9f2d	二次関数5「直交する2直線」解答例	1	1
a14185bf0c82b3369f86efb3cac5ad28	No.14解答例	101	20
8989e07fc124e7a9bcbdebcc8ace2bc0	準1級 2022年度第2回　答え	5	2
1558417b096b5d8e7cbe0183ea9cbf26	１年数SMonday確認テストNo11（10/13実施分）  	13734	113
effc299a1addb07e7089f9b269c31f2f	QMTYT2_微分法２（数学３）_H問題解答_rgb	1	1
cfd2b32e4caf5678c34b631f56c03686	0427一次関数の利用（動点問題）	2138	116
c133fb1bb634af68c5088f3438848bfd	02_冬休み明けテスト.	1446	73
31c0b36aef265d9221af80872ceb62f9	Unit 2	22	5
842424a1d0595b76ec4fa03c46e8d755	William Tell_lv3	2147	55
9edfa99c15e2845965b91b38e2b1311c	08(0621)解答	49	24
769ac34a4012ab69c069de0bab7d9e81	週末課題no.17	253	47
138a14eaf4a8c188a6c41cafd9400a30	0619 図形の性質と証明「平行四辺形になるための条件」の証明練習課題	185	24
743394beff4b1282ba735e5e3723ed74	解答/STEP１年/第１章/２文字式の利用	24	8
0b1a888bc5720fc6b2a1585f802f6964	本文を追加 (1)	10	3
acf8b366843afe53ac7efe9af8c1b90b	No.9	20	9
40afd3a37cca05efe623b7509855c73a	比例，反比例の利用（垂直に交わる２直線、動点問題）	3081	110
fb3a30a2e3e8abdcbf63f0aaaadb06e4	1章 単元のまとめ	391	25
34f9679482b481012016f1f5c8b977f0	慣用句・ことわざ	14	3
226cbfcc90fe1b72bb5bccf83ed665d9	The Tale of Ginger and Pickles	35	4
a1a527267c0d33a86382a03c4c721cd2	改訂版サクシード数Ⅲ 第7章 積分法 (問＆解答)	20395	59
09ff53617a5f5038297df773580f61a6	0917 ６・７章Blineテスト模範解答	176	34
d685f5b942b73f17e8cfcda4eaa4e13a	Lesson8 Scene34	880	66
f8c0c968632845cd133308b1a494967f	05_後期中間数学	24	4
0acf03f408f90ea0dcba786d300620db	18_生徒解答	219	43
d76d8deea9c19cc9aaf2237d2bf2f785	BasicPart2_p326-371	28	2
d840cc5d906c3e9c84374c8919d2074e	第７章三平方の定理２三平方の定理の利用２空間図形への利用／演習問題	984	33
4191ef5f6c1576762869ac49281130c9	(A1) eCR3-09.The Six Sillies	632	25
687cb95f9d89142b67e41ab640c0a002	【解答編】シリウス	3598	38
228669109aa3ab1b4ec06b7722efb105	0506一次関数の利用（グラフの読み取り）	293	82
019665ab81a95464a25e2bf069f942f9	0206 関数y=ax2「放物線と直線の交点」	2957	116
f194ca6b8132aaa26558b309fa044e01	29_３年数学「R2西京入試」週末課題No.29	42	8
af88d16112663ef32519c582073f44c4	0520図形の調べ方「角度演習」解答例	642	69
4ef5a564be51e55d5a1b86168a99f528	12 三角形の重心	2005	107
495dabfd0ca768a3c3abd672079f48b6	test	1	1
6dac4227f4c3d1f6619898d70f2f2b52	w17_0716「三平方の定理」	10601	114
aff82e881075d9c1ec306f86ae15c833	芳賀1組2組　Element II Unit3 Day 2	6	1
77772713a7d7e02b10ca9bd90e4f6a31	２年数SMondayNo.5(0530)	4724	39
afb0b97df87090596ae7c503f60bb23f	SA 73	3	1
d01eeca8b24321cd2fe89dd85b9beb51	4点を結んだ四角形の面積	28	11
1819fb9034f796275e6f64950a134e2a	07_後期中間数学解答例 	871	88
2d5c4ea4c4aaf3aea8ac8dee1df8fbe8	AD-5 answer	1	1
4c27cea8526af8cfee3be5e183ac9605	週末課題12	50	12
597a335cf6a10ec4f1861d6397a2fcdf	関数y=ax2「定義域・値域①」	1665	117
d296c101daa88a51f6ca8cfc1ac79b50	週末課題08	84	17
e904831f48e729f9ad8355a894334700	改・青チャート数B 第2章 空間のベクトル  (問＆解答)	4512	57
1514f187930072575629709336826443	01-2.1130総合問題（日の入り）	1355	35
8420d359404024567b5aefda1231af24	(A2) eGCR/School Adv.3-3-Tummy Trouble	750	28
30192e936ba11d0a202097fed8f44b2d	数学5(2-①)	20791	128
018dbfb5fec8d864714ede49cef50343	ADorSA 21 Post-Quiz	1	1
55fd1368113e5a675e868c5653a7bb9e	0128二次関数 （演習 習熟を図る②）	525	112
f4573fc71c731d5c362f0d7860945b88164	Snowdrop_eCR L7-1	4	2
cd42c963390a9cd025d007dacfa99351	2章Bline テスト模範解答	158	45
4180b5120ca2e09eaa3bd2ebf4b53667	0428No,2	51052	121
00411460f7c92d2124a67ea0f4cb5f85	メネラウス・チェバの定理の証明	150	32
6abcc8f24321d1eb8c95855eab78ee95	比例，反比例の利用（格子点、平行四辺形となる点、変域から式を求める）	14657	119
17256f049f1e3fede17c7a313f7657f4	09_週末課題no.9	143	35
9990b876c04ba1532bf63a8944989828	連立方程式(工夫した解法)	3421	30
e727fa59ddefcefb5d39501167623132	(A1) eGCR.VAH3-03.Vera the Hunted	4461	84
d81f9c1be2e08964bf9f24b15f0e490053	改訂版数学 I 	4147	41
688f3fe72241429902623b790f15a774	No.19解答例	123	27
b82b80956cfbe75101bd223fe6319dec	SA29 answer	1	1
25048eb6a33209cb5a815bff0cf6887c	１級　2021年度第３回	125	7
e2d8381557885b9b7f8cb36dc1fa35f0	AD8 answer	3	2
e3ca0449fa2ea7701a7ac53fb719c51a	【数S Monday】20200127実施20「関数y=ax^2」1	1425	17
7ce7fe98a64dd1ef509fedb677fcea5a	0622_3 場合の数と確率「R6年度共通テスト　数1A(問３)」　解説	2	1
1d54c76f48f146c3b2d66daf9d7f845e	６章空間図形(立体の投影図)	3917	81
a9365bd906e11324065c35be476beb0c	現代を探るUnit10_P22	1	1
44e55ed981c434536b85d307e6215b26	SA 13 Post-Quiz	1	1
cffb6e2288a630c2a787a64ccc67097c	円　解答解説	37	2
367692068f069c135b7d5a3a59e470d3	PDF_sample01	4	1
84f74ce4511e0c9531af1182fb636f0f	週末課題no.13	189	39
11833d4b4ec685c371ae6d1a65cc341e	4級　４C　2021年第2回	17	2
25e1cacca4ed260e758af5d015088139	★面積二等分の課題（解答例）	2	1
55b1927fdafef39c48e5b73b5d61ea60144	CMT1A6_正負の数 《乗除》_問題解答	2	1
eaa1da31f7991743d18dadcf5fd1336f	３方程式・不等式	25	13
cdf28f8b7d14ab02d12a2329d71e4079	No.17(1101)6-1解答	30	13
4491777b1aa8b5b32c2e8666dbe1a495	(B1) eCR8-03.Rikki-Tikki-Tavi	62	8
3bcf6eecb2611212e088d0d91f2ade9c	クイズ追加用	51	1
69db61ce36a56178711fec066e07aeb6	No.2(0424)解答	61	28
47a3893cc405396a5c30d91320572d6d	AD 20	7	2
8d3369c4c086f236fabf61d614a32818	QMTYS1_極限１_S問題解答_rgb	1	1
7274a60c83145b1082be9caa91926ecf	AD Pre-26 Quiz	15	3
13d4635deccc230c944e4ff6e03404b5	2次関数	2	1
47ba327b57be22b98eee0e5dc3e14711	1207二次方程式の利用6（解と係数の関係2）解答	522	60
b495ce63ede0f4efc9eec62cb947c162172	SAMUEL WHISKERS_01000560	72	1
4cc05b35c2f937c5bd9e7d41d3686fff	No.28解答例	934	92
d728587fff2d87201eae0a158507d814	2年1章Blineテスト_模範解答 	2778	118
353de26971b93af88da102641069b440	(A2/B1) eCR7-03.A Christmas Carol	631	23
95a7e4252fc7bc562a711ef96884a383	シリウス21発展中3英語_解答	1	1
62306523b3c77c077b2938f0d6ab91f5	テストPDF	2	1
85c4ef2f7a943600c97b5903247567b7	No.10-3(0701) 	6632	96
27ed0fb950b856b06e1273989422e7d378	◆【解答】中３数学STEP 第５章相似/ 第６章円/ 第７章三平方の定理/ 第８章標本調査/ 学年末問題	4	3
4eb82f891b344474e99cab5955f075d7	a0210総合問題（23西京の入試問題１）解答例	358	34
61d584107d2d965b4bc26d8c9958b518	0607 2年前期中間テスト(数学)問題用紙	2	1
fea9c11c4ad9a395a636ed944a28b51a	【解答解説】中2STEP 第4章 図形の性質と合同  第5章 三角形と四角形 第6章 確率 学年末問題	1	1
d84210a75448034bcc4947005695c306	３年第１章B-lineテスト模範解答	5	2
5d97f4dd7c44b2905c799db681b80ce0	SA 79	3	1
75a84b531abe6e9fe5de743f134186ab	SA77 anwer	1	1
993edc98ca87f7e08494eec37fa836f7	0219期末テスト対策（二次関数）	1477	103
2f4ccb0f7a84f335affb418aee08a6df	testpdf	10	6
118921efba23fc329e6560b27861f0c2	R03_2年春休みの課題プリント	4260	42
3812f9a59b634c2a9c574610eaba5bed	(A2/B1) eCR7-08.The Sandman	103	8
63e6bc520edcbaa95446b5690d989f30	0517 Bline テスト　フォローアップシート	568	19
7810ccd41bf26faaa2c4e1f20db70a71203	Jack the Giant Killer_e-future Classic Readers L6-1	55	3
6275d7071d005260ab9d0766d6df1145	第23時 立方体の切断	3616	104
5d616dd38211ebb5d6ec52986674b6e4100	【解答】高２ 青チャート/数Ⅱ/ 第１章 式と証明/ 第２章 複素数と方程式/ 第３章 図形と方程式/ 第４章 三角関数	1	1
cfbce4c1d7c425baf21d6b6f2babe6be88	中1数学STEP 第3章一次方程式/ 第4章比例と反比例/ 第5章平面図形	8	2
507373ba57e072aa06e7d4299ea6386d	0630_1三平方の定理（15-1柱体の内接球）解答例	317	64
bf8dd8c68d02e161c28dc9ea139d4784	21-A1-2	5	2
537d9b6c927223c796cac288cced29df51	◆【解答】中３数学STEP １、２年の復習/ 第１章式の計算	1	1
488b084119a1c7a4950f00706ec7ea16	80_二次関数	1037	74
4afc974d7501498dac2fbcf27de46d34	ペンストローク英作文001	11120	41
8eb51d0a68e9373df41f88e5b551d4a3	16 SAMUEL WHISKERS	70	3
e2ba9673fc8a4f64bbebfc27f0d73ad2	0425_１次関数を作図する	2	1
8c96a3d5e1a41ee7925daa5a4dc0c25a	１年数SMondayNo1 	6602	38
f91e24dfe80012e2a7984afa4480a6d6169	God Sees the Truth but Waits_e-future Classic Readers L6-20	18	1
70fcb77e6349f4467edd7227baa73222	電車と自転車	4528	40
c71df24045cfddab4a963d3ac9bdc9a3	SA 21 Post-Quiz	1	1
0f2c9a93eea6f38fabb3acb1c31488c6	殷先生（神戸大学）	41	3
dcacff2565700c8f88f59cf4a16f9dfc	サクシード数 A 準備  (問＆解答)	3520	112
c4b31ce7d95c75ca70d50c19aef08bf151	高１ 青チャート/数Ⅰ/ 第１章数と式/ 第２章２次関数/ 第４章データの分析	76465	40
10cc088a48f313ab3b1f4e6e76353dd4	1005総合問題（9絵馬）解答例	338	60
e4017fc196bfb479f173f387595d79e5	SA41 answer	1	1
46771d1f432b42343f56f791422a4991232	中3_8月_間接疑問・接続詞	2	1
62d2979f157a3c2c0631a51982fd34f1	令和5年度　後期中間テスト(数Ｓ)模範解答	257	38
191f8f858acda435ae0daf994e2a72c2	５分間テスト23	10	4
6463c88460bd63bbe256e495c63aa40b	数学10(2-③)	12322	102
25b30eed5ea113ce7f09e62d2db55577	１章正の数負の数の利用(平均)	138	23
0ae0bdb82228b0a7815175d8b8cd4b80	0629図形の性質と証明（等積変形）	814	33
1d18c59d33149e93443c87bf4d1ab535	06_後期中間数学解説	2003	87
636b1370d6dfae91f2042eef96c994b1	35_図形と相似Bライン	926	35
bacadc62d6e67d7897cef027fa2d416c	L10_P1&2	12	4
65cc2c8205a05d7379fa3a6386f710e1100	【解答】高３ 青チャート/数Ⅲ/ 第１章複素数平面/ 第２章式と曲線/ 第３章関数/ 第４章極限	1	1
49cbb75927723efba3b4c108ed4a12f3	不等式①	10238	108
f9be311e65d81a9ad8150a60844bb94c156	QMT4V2_夏の特別プログラム_H問題解答_rgb	2	1
68a83eeb494a308fe5295da69428a507176	CECILY PARSLEY\'S NURSERY RHYMES_01000567	1	1
ee49fef85e1bed67b9f530391b9c74d9	2月15日週末課題コロナ過の中学1年生　答え黄色	11	3
ba2fd310dcaa8781a9a652a31baf3c68	解答_第６章円補充方べきの定理／演習問題	14	6
97de76211cd2efdefa4b8226e6cbf649	二次方程式「二次方程式の利用7」（無理数係数・連立）	174	19
c83f9d8520b9f5777d146d9e0c4ceaaf	0130後期期末テスト	251	40
350035841e1182bf4389c52752d8bd0d	冬休み明けテスト 兼 2年1章Blineテスト  問題用紙	261	31
83004190b1793d7aa15f8d0d49a13eba	Vintage 連立完成問題（記述）	173	8
20f07591c6fcb220ffe637cda29bb3f683	未来へひろがる数学3	7053	19
0c048b3a434e49e655c1247efb389cec144	CMT1J1_平面図形_問題解答	59	3
72a8ab4748d4707fda159db0088d85de	FINAL DRAFT_LESSON 15 旅	94	4
2bfd597f06c032f81efb35e857e2dd91	総復習テスト②解答用紙	2	1
438124b4c06f3a5caffab2c07863b617	前期期末テスト数学模範解答	11	2
95424358822e753eb993c97ee76a9076	1202総合問題（17ガスと電気）	625	113
29ddbdb402491a6aa97964a8139a1356	社会5(2-②)地理	8794	104
71a3cb155f8dc89bf3d0365288219936	2019　1年生　スピーキングテスト　英語　質答	498	21
7fbe9c04f99dbfbc738ae9079740a314	サクシード数Ⅰ_第１章数と式_解答解説_PDF	9	1
581c2ccb2333cbefb5909c5b06953f60	04 三角形における平行線の比	1296	116
c1f22f4c38899f51f1ed3ce20120bbd9	12.0126総合問題（中学入試+大学共通テスト）	814	76
c3614206a443012045cfd75d2600af2d	解答/STEP２年/第２章/２連立方程式の利用	59	3
c7c3dd47a945b8fe55d8c3f6d8b0484d	SA64 answer	1	1
5d44a2b0d85aa1a4dd3f218be6422c66	週末課題No18解答	2	1
2bdfb48c5fa7d2344b71ef45c8a7d31c	SA 4	5	1
ac9edbbe0533cef12e50fd6fb6cfde52	春休みあけテスト模範解答	3	2
10ffbba2ec9025b945acc154f3403aec	Element 9 Group D Expert	5	1
d347df3d73566108aa6d1b5d37b59703	0121二次関数 （定義域・値域2）	2050	109
eed054ecd7a0a544cf73292836023ffe	テストPDF	2	1
c8ffe9a587b126f152ed3d89a146b445	教育基礎学入門第6回	7	1
3f24bb08a5741e4197af64e1f93a5029	0413図形と相似（三角形の相似条件）	117	37
1cf2bde29cc323599a0375d73c85e7d7	AD 16 Pre-Quiz	1	1
5cde6dedeb8892e3794f22db57ada073	0受検上の注意事項	23	12
a760880003e7ddedfef56acb3b09697f	【分割発展】メネラウス・チェバの定理	22	8
c5b2cebf15b205503560c4e8e6d1ea78	2019二次方程式01_1問題	5654	23
29b2cd4a11745fefecc14912d2f95dd8	1章_正の数・負の数_再解答	212	26
e2e2fd34c1cfebdf431177db8e49fdd2	36円の性質 単元のまとめ	331	21
f4e3ce3e7b581ff32e40968298ba013d	[サクシード数A] 第2章 図形の性質	47	10
7810ccd41bf26faaa2c4e1f20db70a71199	Jack the Giant Killer_e-future Classic Readers L6-1	1	1
1019c8091693ef5c5f55970346633f9284	◆【解答】中１数学STEP 算数の復習/ 第１章正の数と負の数/ 第２章文字と式/ 第６章空間図形/ 第７章資料の整理/ 学年末問題	3	2
67b4e63655366f054314061dadd539a0	05_後期中間数学Ｓ解答用紙	26	13
cd81cfd0a3397761fac44ddbe5ec3349	FINAL DRAFT_LESSON 4 健康（１）	25	2
051e4e127b92f5d98d3c79b195f2b291	【新聞】pc１人１台20190606	7	2
b1709d399a1bcd12fc1ce06cce6be277	R6toR7_2年春休みの演習課題(13訂正版)	755	108
fc9812127bf09c7bd29ad6723c683fb5	0607円の性質（中間テストの振り返り）	219	53
5d616dd38211ebb5d6ec52986674b6e492	【解答】高２ 青チャート/数Ⅱ/ 第１章 式と証明/ 第２章 複素数と方程式/ 第３章 図形と方程式/ 第４章 三角関数	1	1
ddcb155487b88aaa80aed158006bdbdf	Unit1-1	3216	20
06d801cb636235b298c40029ad9921e7	0527 図形の調べ方「証明練習２」	4908	93
fae9389a7378751dfbd769fc5786f319	The Courtship, Marriage, and Pic-Nic Dinner	22	3
6e0e24295e8a86282cb559b860416812	(A2/B1) eCR7-02.The Wonderful Wizard of Oz	5850	105
d1f491a404d6854880943e5c3cd9ca25	ja	6	1
b7f91ee1b94f1ed3dbb2959607f4b784	８章Blineテスト問題用紙	4	1
9cd78264cf2cd821ba651485c111a29a	規則性演習プリント（大学入試問題に挑戦）解答例	107	39
7c9e9afa5a9dc68ccaf27d9effeb9383	2級　３B　2021年第3回	3	2
2c8ed8587468aec2462a3914f154e570	0423一次関数の利用（線分と交わる直線の傾き）	6	3
1d72310edc006dadf2190caad5802983	test pdf	1	1
c63858b17de9d0649b59be0c57201b9d	文法	5	1
a1d4643376bf11b37c51f5c76fcaff79	令和５年度　前期期末テスト(数学) 模範解答	138	39
ac45088df2e8d3cd2d8fbafceb920878	Speed Reading1 Question	8	3
d490d7b4576290fa60eb31b5fc917ad1	スカイツリーを写真に収めよう	6	3
bf9ce4f69ab045fb497f79b7b5d7622e	0630_2三平方の定理（15-2円錐に関する公式）	236	64
dfccdb8b1cc7e4dab6d33db0fef12b88	3級答え	1	1
b36ed8a07e3cd80ee37138524690eca1	testpdf	2	1
f7f07e7dab09533bc71247a5b29a7373	SA 35	3	1
4e668929edb3bf915e1a3a9d96c3c97e	AD 39	9	1
0342c9a7b54450830e9727b98f8e3cb7	4-A1-2	135	9
bcb41ccdc4363c6848a1d760f26c28a0	日の出	4212	40
e5abba84b1901e99f9c45845f488843e	SA-7 answer	1	1
6709e8d64a5f47269ed5cea9f625f7ab	解答/STEP１年/第６章/３演習問題	142	17
8e2cfdc275761edc592f73a076197c33164	The Railway Children_eCR L10-1	5	1
2112605294840be6858a16c4656119bf	1216二次方程式（2 容積の問題）	810	71
31f81674a348511b990af268ca3a8391	3年Ｂライン　4月予習	7	1
9d740bd0f36aaa312c8d504e28c42163	未来へひろがる数学２	1216	38
1471a8e08c604e589e04339b320deeb8	Little Bo-Peep: A Nursery Rhyme Picture Book	65	5
135be22cf9925e829549d95e75bac07a	No.12	66	23
7eb3c8be3d411e8ebfab08eba5f49632	Heidi_eCR L8-2	43	1
c77331e51c5555f8f935d3344c964bd5	5分間テスト解答No16	1	1
5bce843dd76db8c939d5323dd3e54ec9	紙テープを切る	6	1
dbb422937d7ff56e049d61da730b3e11	英語10(2‐③)	19237	83
416ebee8db53bd692a556c8b4c307bcc	テストPDF	2	1
632cee946db83e7a52ce5e8d6f0fed3596	青チャート　数A　第2章　確率	1	1
e105b88b3e1ac23ec811a708cd7edebf	a0215総合問題（24西京の入試問題２）	1325	115
6d70cb65d15211726dcce4c0e971e21c53	◆中３数学STEP  第５章相似/ 第６章円/ 第７章三平方の定理/ 第８章標本調査/ 学年末問題	119	5
046ddf96c233a273fd390c3d0b1a9aa4	解答/STEP２年/第２章/１連立方程式	19	4
6863f2f626660f54ec03d557f9b79bd6	The girl from Hollywood	249	9
2d02d0250a7c8f9a83e43e017e7ab31b	1206 ２年数学演習課題「二次方程式」計算練習②　解答	144	29
a6d259bfbfa2062843ef543e21d7ec8e	L1 The fox and the Stork	22	2
bfc54cb12ac9731eea182845891e6cc8	火山！	25	4
4da9d7b6d119db4d2d564a2197798380	国語12(4-①)	13569	111
97208e4cb6de9c04b325c2185316439f	08-2.1220総合問題（算額2）	2376	84
40b5f25a228570053bc64a043c3f1833	解答/STEP２年/第２章/１連立方程式	94	2
5df07ecf4cea616e3eb384a9be3511bb	(A2/B1) PYPR. 5-03/Caretta Caretta	19	7
e9352a44851329428546289d02ba92b6	サクセスコーチ 3年（本文）	1775	33
e7f8a7fb0b77bcb3b283af5be021448f	STEP１年/第３章/演習問題	116	17
6e28943943dbed3c7f82fc05f269947a	第12時 平行四辺形	1191	31
c95d62c68196b2d0c1c1de8c7eeb6d50	0427_１次関数「グラフの読み取り」解答例	13	5
bdb106a0560c4e46ccc488ef010af787	17期生 朝リスニング #0	273	27
9c779f56f336b3c812343434f57b6a0e	改訂版サクシード数Ⅱ 総合問題  (問＆解答)	59	8
19d47109e3c9e2c1423eac228aff27d1	No.8	178	37
39539f630a3b94d3ed61ea9d04c9bb05	２章文字の式	4	1
f845cbb24a82dabdee971c6f7719f89d	２年数SMondayNo26(二次方程式）	21437	98
0a7d83f084ec258aefd128569dda03d7	0921式の展開と因数分解（利用2）	1248	106
b555f4a2901228cc826327079761e696	No.23(1221)7-2	29589	112
0747b9be4f90056c30eb5241f06bfe9b	指数関数と対数関数のグラフの答	7	3
35c1f9c50543aeedf1a3167bcb9d2756	21w_「二次方程式」週末課題WEB	1	1
b49c21e3241ca30fdcd45758f44abe07	02_３年数学「図形と相似」週末課題 解答例	711	61
db529fd87084ec6e5e9c6ccb9a9032be	1210_02式の計算（代入）解答例	286	56
2de5d16682c3c35007e4e92982f1a2ba199	TWO BAD MICE_01000549	1	1
6e4621af9a4da94a7c85d7ecd19b1271	AD-13 answer	1	1
dff1749a367a95e75a84a6385df5dfa9	0313演習問題	78	24
46072631582fc240dd2674a7d063b040	STEP１年/第４章/４演習問題	407	19
ea06ed6e977637a81ea9d22b3090e28a	２月15日・16日の課題	712	40
7967d550a306a50276991b19ddb4d72e	09 相似の利用	951	108
72fa288df9f22f7167dff80cf89fd4e5	6_生徒解答	497	56
352d47cf1a528e7f85aca7ef55669802	英語科新２年春休み課題 答えあり	1174	32
09fb05dd477d4ae6479985ca56c5a12d	20_３年数Sマンデー1118	13203	30
cd7c230fc5deb01ff5f7b1be1acef9cf	３章一次関数 自己評価シート	98	15
e894d787e2fd6c133af47140aa156f00	NH3 Unit6 Read and Think	26	2
a957aa96221d0b7cb99ab072eaed7bf9	規則性演習プリント（群数列）解答例	287	49
260c2432a0eecc28ce03c10dadc078a4	1級　2－1　2022年第1回	4	2
a87d27f712df362cd22c7a8ef823e987	数学1(1-①)	45411	126
0503bf609757acf2e75aa8cbc0d8323b	数学S前期中間テスト解答例	302	65
a2232b5b6b17429cdff8ddc2f14ea8c9	［STEP中３］第４章関数y=ax2	2	1
1e4503555f3509d72f0ae55f8c3880d0	0214 関数y=ax2「変域についての習熟を図る」	577	38
2cfa47a65809ea0496bbf9aa363dc5da	w09_0612「角度の問題」	9729	80
1c6a0198177bfcc9bd93f6aab94aad3c	解答/STEP２年/第１章/１式の計算	105	8
85ea6fd7a2ca3960d0cf5201933ac998	CNN_230_Worldwide Rallies for Gun Control	11	2
5fc7c9bd1fcb12799f02da8adfa4954f	2020数学夏課題「自由研究」1レポートの書き方	1124	42
c8ba76c279269b1c6bc8a07e38e78fa4	test pdf	4	2
a01dfc715df9621113e91549c0ee7651	34-A2-2	1	1
22cdb13a83f73ccd1f79ffaf607b0621	0622三平方の定理（座標平面）解答例	241	60
172fd0d638b3282151bd8f3d652cb640	準１級　2022年度第2回	491	13
b18e8fb514012229891cf024b6436526	32_週末課題no.32	214	38
a56ee48e5c142c26cf645b2cc23d78fc	AD 21 Post-Quiz	5	1
f231f2107df69eab0a3862d50018a9b2	2020休校中の課題その２(基本おさらい)	12601	40
dbec0010cebb295ffb1d96b0af9d77f8	未来へひろがる数学3	151	10
ce2b9a26bddc32cba5af69372ee14c00	５分間テスト00	51	26
d58f36f7679f85784d8b010ff248f898	SA 15	8	2
d9beb34eaa1dba01040150173e461bbb	Unit 7　フォローアッププリント	484	41
9188905e74c28e489b44e954ec0b9bca	シリウス21発展中1解答	570	10
60106888f8977b71e1f15db7bc9a88d1	１章正の数負の数(魔法陣・部分分数分解)	1606	41
86b20716fbd5b253d27cec43127089bc	解答⑤	141	16
7b3403f79b478699224bb449509694cf	AD 26	5	1
8fb5f8be2aa9d6c64a04e3ab9f63feee	L2-1_The Tortoise and the Rabbit_e-future Classic Readers 	12	3
571d3a9420bfd9219f65b643d0003bf4	円周率0925	9570	37
4424d2deec2f9468fb61e2db07ecd6b6	7-A1-2	40	4
1a3f91fead97497b1a96d6104ad339f6	2019 Word List4	270	21
95323660ed2124450caaac2c46b5ed90	Robinson Crusoe	23	3
2fe37bd25993870f5a38563dd25b1d05	37_三平方の定理Bライン 模範解答	90	27
1f34004ebcb05f9acda6016d5cc52d5e	週末課題no38解答例	14	4
4bbdcc0e821637155ac4217bdab70d2e	(A1) eCR/S-11.Peter and the Wolf	711	23
ee39e503b6bedf0c98c388b7e8589aca	0115自宅学習課題03	34761	117
83b7e1c6a22424f5b4c47bb30798b770	SA87 answer	1	1
11338326597d14a1f7c745853f4d50a8	理科№16	3370	87
36c8d2b3e0a29251e74fab7bfe5931ab	08.1118総合問題（レインボーブリッジ／速度と所要時間）解答	3	1
2b0f658cbffd284984fb11d90254081f	英語絵本の借り方 － マニュアル	8	3
64eec0c3fb6b12c43f51ec9e9c773fed	13-A2-2	1	1
71887f62f073a78511cbac56f8cab53f	HEI1	2	1
b5c24ab1ddc1aecd658a6cd39eb2362d	［STEP中3］１、2年の復習	1	1
58c02631651a8ffcb2632ab4d96a3da2	EEQ2019part1 a-e1202シートは18まで3	2	1
ba28c7f62e092b90383052c29844fcf8	16-WH 解答	176	77
d309cd6396e744600c943fada20f686a	Speed Reading 1	39	7
d2ed45a52bc0edfa11c2064e9edee8bf	760_柱体と内接球	33	6
0189caa552598b845b29b17a427692d1	2019 MES Songs ④ All I Want For Christmas Is You	185	17
614d37f84c3f41a6014aaec3a5bc6c61	AD 34	6	1
c9319967c038f9b923068dabdf60cfe3	37-B2-2	2	1
84c230a5b1bc3495046ef916957c7238	22_前期期末数Ｓ解答例	10	4
621765159ee1ea4299c0df3e1d29034b	二次方程式「二次方程式の利用8」（共通解）解答例	326	55
613cfe07a22da823b7ba60968c73ab73	2月15日週末課題コロナ過の中学1年生問題入り	607	30
84f0f20482cde7e5eacaf7364a643d33	2019 MES Songs ③ Take Me Home, Country Roads	457	18
9fd93cfddc3568482b5eb057efe06f16	☆規則性演習プリント	7253	40
52720e003547c70561bf5e03b95aa99f97	改訂版数学 II 	210	6
6e7d5d259be7bf56ed79029c4e621f44	解答21～50	3742	35
52569c045dc348f12dfc4c85000ad832	SA 14	4	1
c0f52c6624ae1359e105c8a5d8cd956a	1201解答二次方程式 解と係数の関係（利用No5）	355	73
eb97787cc077f0796db8adf7ec307f81	SA 58 Post-Quiz	1	1
a91af177d3016ca20e5fc949836a894a	国語課題⑤	25239	126
32cfba8a13694631a8418e4d246e55fa	ADorSA4 answer	1	1
c9cd5d2b279e1d9f873b368939017009	08.1118総合問題（内接四角形②）	3031	92
ac10ec1ace51b2d973cd87973a98d3ab	２年数SMondayNo16	23410	96
8ab9bb97ce35080338be74dc6375e0ed	不定期　図形課題１	15	7
89f8f214774c7ec55bdbf7912c9ee04a	令和5年度　後期中間テスト(数Ｓ)問題用紙	611	25
2e2c080d5490760af59d0baf5acbb84e	技術1(2-①）	6754	114
f69e505b08403ad2298b9f262659929a170	L1-10_The son who doesnt listen_e-future Classic Readers 	15	1
34f98c7c5d7063181da890ea8d25265a	ピーターラビット	14	2
422e42d058a41c75062760d7d640debf	5分間テスト解答No01	3	2
cc384c68ad503482fb24e6d1e3b512ae	位置確認用 0123自宅学習課題（解答例）	3	1
195d221c982e47eb58347e5d06ce3180	1218二次方程式の利用10（４次方程式）	2574	110
64b327d40918ca7522ac22e3d02dc41c	６章空間図形　立方体の切り口の形③	450	24
e91068fff3d7fa1594dfdf3b4308433a	数学小テスト①※5月22日(金)より公開	18342	121
26588e932c7ccfa1df309280702fe1b5164	APPLEY DAPPLY\'S NURSERY RHYMES_01000566	2	1
8e2c381d4dd04f1c55093f22c59c3a08	0427解答一次関数の利用（動点問題）	199	58
0d5ce8e98cc724a5a792d95540958b76	13_前期中間数学再テスト	18	3
dc7b367cfb9b38b3558bd127ad5c6696	問題	18	4
abdeb6f575ac5c6676b747bca8d09cc2	6 Immortal Empire v13_A1+	654	6
f0f072c0dbbe1e8b36afffba199afa23	R4問題_問題_リスニング	99	19
a25067c6d17ee06552ad5e147ae25c49	05_前期期末数S解答例	655	115
91c77393975889bd08f301c9e13a44b7	連立方程式（第4時の予習）	87	9
d38901788c533e8286cb6400b40b386d173	PETER RABBIT_01000545	1295	11
4aadd661908b181d059a117f02fbc9ec	GW-2模範解答	27	12
6e25278211d4f0aae930c0b1813cb3c6	スクリーンショット (947)	29	4
831c2f88a604a07ca94314b56a4921b8	サクシード数Ⅰ_第５章 データの分析	168	8
bbbe7ef28a0018c4484eaa8b2d0a0328	第３章B-lineテスト問題用紙	838	18
acb5d1120b8a0b8d3d97905ba9a72dc4	青チャート数B_第1章 平面上のベクトルmixR	236	14
eddb904a6db773755d2857aacadb1cb080	◆中３数学STEP １、２年の復習/ 第１章式の計算	579	10
e6496f5f04bc759fa7a33e69f604ef17	1029 ３年１章Blineテスト問題用紙	2051	108
e44e875c12109e4fa3716c05008048b2	0422図形と相似（アーチを作る）	301	114
c930eecd01935feef55942cc445f708f172	L4-1_Puss in Boots_e-future Classic Readers 	10	1
62da5a6d47be0029801ba74a17e47e1a	2-A 「君とみた海」	611	25
3550284cdc2575eae68335f00870aaab	Active Reading 練習教員用	10	1
9b2e035e5362c96aea4c28083f02d6ff	No.1(0419)	29	8
1de6c74e347052d6f145ad434acdc86f	28_２年数学「二次方程式」週末課題No.28生徒解答	2	1
903cc7be42d6fae3ae8c8be791ceeb74	テストPDF	289	36
4cf06252cc21d496e754ad7185d0617d	08_３年数学「円の性質」週末課題0607	129	27
8d74bf8864f7a59c6f96db6eb5a59289	1011因数分解と整数解解答例	4	2
ae0eb3eed39d2bcef4622b2499a05fe6	STEP１年/第３章/演習問題	58	12
4158f6d19559955bae372bb00f6204e4	AD-16 answer	1	1
2a3d6d6cc4b5e77238c1fc1bb6cdd681	英語12(3‐②)	15370	108
4b4edc2630fe75800ddc29a7b4070add	【解答解説】中2STEP 第1章 式の計算  第2章 連立方程式 第3章 １次関数	1	1
8f125da0b3432ed853c0b6f7ee5aaa6b	(A2/B1) PYPR. 2-10/Sun Bubbles	152	10
685bfde03eb646c27ed565881917c71c	Focus_09	404	25
4c525a48acc0084b077750ac333c67c1	1013平方根（循環小数）	504	101
204e8ec7bc7abc1ff3934d44157fd691	Wee Ones\' Bible Stories	29	4
05311655a15b75fab86956663e1819cd	QMT5L2_図形と方程式２_H問題解答_rgb	1	1
80a9efd37c62cbdee2351192983a43d6	二次関数4 「接線の式」解答例	203	28
876f1f9954de0aa402d91bb988d12cd4	No9化学反応式の問題の解法と解答	288	13
100d5d9191f185eeb98d6e291756954a	新課程版サクシード数Ⅱ 第6章 微分法と積分法 (問＆解答)	143660	388
186c9b923fc7eb4df8e7b4cfbeb234b7	二次方程式のいろいろな復習 解答例	251	31
d947bf06a885db0d477d707121934ff852	NEW HORIZON 3	1	1
dc960c46c38bd16e953d97cdeefdbc68	QMT4V2_夏の特別プログラム_S問題解答_rgb	1	1
b3633b88d30579ff9c2e9154b0c79521	0502_1次関数「直線で囲まれた三角形の面積・面積を二等分する直線の式」	1698	77
8d749ea54f6657b0396c204d3148da60	18-A2-2	26	2
ebc03fa648c2cd7da9d63b9ed835664e	テストPDF	47	11
37007545a7abc397017002fc9a713ea2	The Baby\'s Bouquet: A Fresh Bunch of Rhymes and Tunes	98	4
36d7534290610d9b7e9abed244dd2f28	解答/STEP１年/第６章/３演習問題	73	10
c6224c1be072bf5556817749c32e40c6	後期期末  数学S  テスト問題用紙	298	51
8511df98c02ab60aea1b2356c013bc0f	0417週末課題	792	40
58d2f92539a5492fe6ef1e7375c6e9b6	SA 5	5	1
d04863f100d59b3eb688a11f95b0ae60	unit7-2	892	17
ca6d6b468064abd249fb3533d4ddaed7	漢字テスト（仮）	384	14
ef0d3930a7b6c95bd2b32ed45989c61f	週末課題07	95	9
51174add1c52758f33d414ceaf3fe6ba	【解答解説】青チャート　数Ⅲ　第7章 積分法　第8章 積分法の応用	1	1
0bf727e907c5fc9d5356f11e4c45d613	2020 後期期末テスト前学習プリント	21	5
2d3bd33aee1c465d1234e70714324850	2月7日英語週末課題AR03民話2月9日22時までに取り組むこと	1052	41
7bb060764a818184ebb1cc0d43d382aa	QMT4K1_図形の性質_H問題解答_rgb	1	1
08048a9c5630ccb67789a198f35d30ec	25-A2-2	24	4
645e6bfdd05d1a69c5e47b20f0a91d46	理科１（１－①）	24318	124
61d77652c97ef636343742fc3dcf3ba9	Element Lesson10 Part1-2	193	14
2a27b8144ac02f67687f76782a3b5d8f	内接四角形の面積1017解答２	286	35
8a4488c177d9dc8c3da7c745c89ca214	メモ機能練習用	6768	42
575dc1140c7f125454530f5541b003e1	夏休み課題の復習テスト 解答	19	5
9da187a7a191431db943a9a5a6fec6f4	BookRollと分析ツール	344	4
cf2ee7de99895351d72dcc79d067b24b	青チャート数Ⅰ 第4章 図形と計量 (問＆解答)	27748	183
ac52c626afc10d4075708ac4c778ddfc	週末課題no.7	640	49
43f8e3f11348d68dd4dc3faa9b4b50ba	35_図形と相似Bライン模範解答	177	48
f6c79f4af478638c39b206ec30ab166b	解答/STEP２年/第１章/２文字式の利用	7	4
b030afbb3a8af8fb0759241c97466ee4	(A2) eCR6-10.The Prince and the Dragon	3083	56
daea32adcae6abcb548134fa98f139f9	01_週末課題no.1	89	18
4317fd49a21384c85f6b405cba038e21	SA 60 Pre-Quiz	1	1
c46489a2d5a9a9ecfc53b17610926ddd	1029平方根（問題演習２）	1036	114
cecd845e3577efdaaf24eea03af4c033	No.12(0912)解答	2	2
825f9cd5f0390bc77c1fed3c94885c87	(A2) ACS.20-The Magical Pear Tree	394	13
78efce208a5242729d222e7e6e3e565e	0128二次関数 （演習 習熟を図る②）	4	2
0613239e122094abb4ef998c01d16958	GW中の課題（模範解答）	2078	33
33c5f5bff65aa05a8cd3e5d2597f44ae	7章Blineテスト解答用紙	307	72
dc4c44f624d600aa568390f1f1104aa0203	Romeo and Juliet_eCR L8-1	29	1
85e1b8bbda1bd1ec3465c9728f7d7d2e	ペンストローク英作文001	8	1
31ca0ca71184bbdb3de7b20a51e88e90	道徳２(2-①)	7147	106
9fe8593a8a330607d76796b35c64c600	2019　1年生　スピーキングテスト　日本語　質答	23	11
a749e38f556d5eb1dc13b9221d1f994f	不定期　図形課題１	22	8
d38901788c533e8286cb6400b40b386d192	PETER RABBIT_01000545	2	1
76330c26dea62332de2ca7b4a9ef51ec	w0_週末課題WEB  20230120	8149	41
e07bceab69529b0f0b43625953fbf2a0	(A1) RT38-Emily Loved Yellow	772	30
26e0b344f4faa0d570b2ece2dde83d75	More E. K. Means	3	2
1d6047b6fe956eae11ba23c70e9fe053	総復習テスト②	86	12
ffeabd223de0d4eacb9a3e6e53e5448d	解答/STEP１年/第２章/２文字式の計算	153	9
564645fbd0332f066cbd9d083ddd077c	(A2) eCR5-01.Rapunzel	10467	168
1cbd0a834ad09f5650b3536f90478f25	0530 2年4章Blineテスト問題用紙	564	34
7ba0691b7777b6581397456412a41390	青チャート数Ⅲ_第2章 式と曲線 	25	2
9ac403da7947a183884c18a67d3aa8de79	◆【解答】中２数学STEP １年の復習/ 第１章式の計算/ 第２章連立方程式/ 第３章１次関数	12	4
518fc66deea9d064d0a92eb73e4ea61b	02_夏休み明けテスト解答例	18	7
25f09e44e51b17fb527fba402bfba5ab	AD-4 answer	1	1
b2fb19fe374529d3658197da0657ab0c	SA 19 Pre-Quiz	1	1
4a308d84cdd04aa2015bbe13622d5d7c	青チャート数Ⅰ 第1章 数と式 (問＆解答)_サンプル	84	3
65b0df23fd2d449ae1e4b2d27151d73b	改・解答［STEP中3］学年末問題	2161	81
a97484e07cad027a9fb828764c1dcf6a	The Story of Jack and the Giants	50	5
59186584039c18248c1c4244e7305050	2025_0110二次方程式　etime3（連立方程式と対称式）解答	338	64
b14573b9273c38ba0f89bb63abc87973	８章Blineテスト解答用紙	2	1
1e056d2b0ebd5c878c550da6ac5d3724	Mathコン応募のしおり	194	11
d7a728a67d909e714c0774e22cb806f2	20_円の性質分布	21	9
28f248e9279ac845995c4e9f8af35c2b	改訂版キートレーニング 第3章 図形と計量 (数学I) (問&解答)	313	12
9e886e4b377efe990f936dde0d9c98ca	testpdf	124	5
44151de6be734db545ec958e77b0f9df	0804三平方の定理	58	15
7f100b7b36092fb9b06dfb4fac360931	解答例１	2	1
fdc0eb412a84fa549afe68373d9087e9	R３１年生春休み課題テスト	149	44
5055cbf43fac3f7e2336b27310f0b9ef	STEP１年/第４章/３比例と反比例の利用	953	20
dd4143061640d55fb312dd0ce8afa76e	0703図形の性質と証明（等積変形）	427	39
c6102b3727b2a7d8b1bb6981147081ef	比例・反比例の利用，平面図形（融合問題）	10449	40
d38901788c533e8286cb6400b40b386d181	PETER RABBIT_01000545	2	1
d2674b94792c7f0afc26b56eabc95b30	0114_連立方程式の利用(仕事食塩水)解答例	409	59
c1714160652ca6408774473810765950	AD26 answer	3	2
e8bf0f27d70d480d3ab793bb7619aaa5	2020休校中の課題その３の指示	5209	41
0533a888904bd4867929dffd884d60b8	【数S Tuesday】20191105実施16「平方根2」	2796	19
632cee946db83e7a52ce5e8d6f0fed3551	青チャート　数A　第2章　確率	6	3
d38ee19a4815c4aeba48227913092a6e	青チャート数A_第3章 図形の性質	70	8
5e7d00134ba3a8b3e37edf5038bc51fc	シリウス21発展中3英語_本文	20628	79
1943102704f8f8f3302c2b730728e023	2019二次方程式_文章題4「割合問題」	11397	19
e038453073d221a4f32d0bab94ca7cee	［STEP中3］第9章 箱ひげ図	913	32
3dcf9c448778a2c94e663093cadd91aa	0927 2年前期期末テスト(数S)模範解答	276	37
bb43b255f1e4020e7ad8f6cd9d39fa9d	☆規則性演習プリント解答例	229	29
39d0a8908fbe6c18039ea8227f827023	04_後期期末数学	202	17
838f14a84363d9a7ac1b06ad63fc6fb5	AD-19	1	1
3f8e8bb571cc086ca44e9605ad23ffde	2級　２A　2022年第1回	14	3
9649dec6196d730c5e024f204477d8d1	Dr Jekyll and Mr Hyde	131	6
030e65da2b1c944090548d36b244b28d	(A1) eCR1-17.The Language of the Birds	1963	55
d61e4bbd6393c9111e6526ea173a7c8b	STEP１年/第２章/２文字式の計算	101	16
186f8f4eba86cca7bdf06db31f155a15	SA69 asnwer	1	1
1f5069142727648138a54524b5beeb58	連立方程式(工夫１)	1508	117
b20fa060328b0cdf51b464ee37efe182	ペンストローク動作テスト用2_2208	43	3
1d221442f2e2158c01747714f9bb00f5	02_２年数学「関数」週末課題No.02	2	1
94f192dee566b018e0acf31e1f99a2d9	0510解答一次関数の利用（平行四辺形になる1点）	270	47
345d307ea2410ecb7f4d00b23ed9a399	Punky Dunk and the Mouse	3	2
ec0bfd000f253eff3acb1043e1c06979	(A1) eCR3-06.Tom Thumb	513	27
4ab50afd6dcc95fcba76d0fe04295632	英語長文問題（高３ＡＤレベル）１-５（学習院・文，法政・法，学習院・法，他）	674	4
647c722bf90a49140184672e0d3723e3	サクシード数A_第３章 整数の性質 総合問題	94	11
2f3d9b534d726b2d921451852adedb0c	02_夏休み明けテスト解答例	6	4
47e51e9d11cf800ff08674dbb68a48ab	3級答え	34	8
adf8d7f8c53c8688e63a02bfb3055497	第４章B-lineテスト問題用紙	244	11
a3842ed7b3d0fe3ac263bcabd2999790	w33_1204「二次方程式」	28881	101
0d8080853a54f8985276b0130266a657	理科5(4-①)	18574	113
f9d826b62995d8bfe6d12ccd4d3b9ffa	1128平方根（発展課題）模範解答1～５	126	19
8644904d5b64c5c3111996d2d545ca9d	等位接続詞　基本問題	35	8
cea3fc0955025479d7427ce6d368892a	2章Blineテスト問題用紙	2436	38
f3f1fa1e4348bfbebdeee8c80a04c3b9	w01_0410「大学入試問題に挑戦」	5899	41
0ce2ffd21fc958d9ef0ee9ba5336e357172	As You Like It_eCR L9-2	14	1
00865d413600d26adb36d2f55973559f	SA-20 answer	1	1
f78a3fbff320d57c670af3fcdafebc7e	R6.No.5(0617)	31484	121
956058422500de80654a14d89ca9a010	5章Blineテスト問題用紙	14	2
657538ca3ad286a7b345fb515d41e14b	33-2_３年数学「R5西京入試」特別課題No.33-2	12	5
bdd5ce7ae365c29e6499ac1aa858235c	1223二次方程式（各種方程式）解答	63	15
1ecfb463472ec9115b10c292ef8bc986	解答/STEP１年/第３章/１１次方程式	70	8
8b48a57422b76904b5c3ecde9d4af512	4_生徒解答	373	72
3dde889723e33ace6af907cd5cc8e187	Introduction Spring Activity using GOAL	3924	119
9cb4d40fce0492278209290ee3e4ae31	0522 図形の調べ方「角度演習」	5064	36
a724b9124acc7b5058ed75a31a9c2919	test	1	1
d736bb10d83a904aefc1d6ce93dc54b8	◆中２数学STEP １年の復習/ 第１章式の計算/ 第２章連立方程式/ 第３章１次関数	5	2
bc047286b224b7bfa73d4cb02de1238d	改訂版サクシード 数B 総合問題 (問＆解答)	16	9
311230754ff997ed3171d2ff455b71ba	R6.No.９(0909)	101	30
a2d10d355cdebc879e4fc6ecc6f63dd7	改訂版 数学Ⅰ(327)	2709	60
e8a642ed6a9ad20fb159472950db3d65	test_nakanishi	22	3
3493894fa4ea036cfc6433c3e2ee63b0	2年数学2年4章「図形の調べ方」丁寧な証明【解答】	6	3
7b13b2203029ed80337f27127a9f1d28	770_【基礎】内接球・外接球	41	12
90f4760fcc9b69c13da7368c5c2917f3	No.3(0510)	343	7
0a90e4944afb2476c3021501c165a937	01.0917総合問題（五円玉と月・日の入）解答	354	50
39d929972619274cc9066307f707d002	3級 2021年度第3回　答え	23	12
7048a4636546df0025a5a78b0fc517c0	0620 場合の数と確率「『同様に確からしい』ことの確認問題」	28	11
c05c903e3d997added79518f0e850026	SA42 answer	1	1
6084e82a08cb979cf75ae28aed37ecd4	式の計算演習プリント（余り）	1009	37
a5ff5d4b0a0d7b3e4d64147037d8c344	９月２８日	7624	39
42049d7b8acf5f21481fdc2a07f23129	0212 関数y=ax2「線分の比」	779	40
5e9f92a01c986bafcabbafd145520b13	移行措置問題	4	2
0c29c7dca6742f69e0e4ff304365d655	38_週末課題No38	219	41
c5d215777c229704a7862de577d40a73	連立方程式（自宅学習紙芝居２：工夫した解き方）	5352	111
65cf25ef90de99d93fa96dc49d0d8b3c	1_生徒解答	71	19
2745b399cf155d3511b2b1d93f6bed4d	SA 78 Post-Quiz	1	1
bc1ad6e8f86c42a371aff945535baebb	w14_0710「確率」	9171	83
9a093d729036a5bd4736e03c5d634501	準2級　３B　2021年第2回	16	7
0f0dd05a3a6206cd5585f1b3ec2d7bd5	The Tiny Story Book.	83	6
11504ec85d0706f6378b24b1114b54df	05.1009総合問題（てくてくスケール／スカイツリーの写真）解答	230	46
cee631121c2ec9232f3a2f028ad5c89b	第６章円補充円に内接する四角形	19	5
e7e23670481ac78b3c4122a99ba60573	2019二次方程式_文章題3「関数問題」	4058	16
274231193c4e40abc64d2f2d8cb6b415	02_前期中間数S解答例	122	34
978d76676f5e7918f81d28e7d092ca0d	2019二次方程式_文章題2「図形問題」	1976	18
dfce06801e1a85d6d06f1fdd4475dacd	内接四角形の面積1031解答例	40	14
ad1288236b3a6b1d28115a1f92ab8bb6	R5冬休みの課題 解答例	10901	116
b844b947d3f4f2829acc21c79ee6ef5e	0528接弦定理と円周角の定理のチャレンジ問題	460	69
d5e2c0adad503c91f91df240d0cd4e49	2019 MES Songs ⑤ Sailing	369	15
f1de5100906f31712aaa5166689bfdf4	0829場合の数と確率（学びをいかそう）	84	21
e586a4f55fb43a540c2e9dab45e00f53	17_2年式の計算	1685	86
bd9dc58c7af906cdbac364aedd4c0848	追加解答例24	66	33
d2d2c6e2445eef2bcff6bf0fdf69846c	1からnまでの偶数の和などの模範解答	184	33
d6d231705f96d5a35aeb3a76402e49a3	ADorSA 21	11	1
d34a281acc62c6bec66425f0ad6dd645	作図トレーニング	680	34
eda80a3d5b344bc40f3bc04f65b7a357	M7マニュアル（生徒用）	322	48
494c08f7a144d3cc4cfa661ed1244039	文字の式分布	684	102
326fb04c3abf030fe3f4e341f39b573f	GW中の宿題（模範解答）	1509	34
193002e668758ea9762904da1a22337c204	Treasure Island_eCR L11-1	5	1
e407c91a02b01530b342bae6a5e59de4	SA 86 Post-Quiz	1	1
5fb0c358e97c5b0b3b3c7d090209e6ee	１２１７－３	2	1
e6d8545daa42d5ced125a4bf747b3688172	THE FLOPSY BUNNIES_01000554	2	1
a41b3bb3e6b050b6c9067c67f663b915	臨時休業中の課題⑥	1173	23
a597e50502f5ff68e3e25b9114205d4a	テスト文書	62	4
9dfcd5e558dfa04aaf37f137a1d9d3e5	第５章相似１相似な図形２三角形の相似条件	27	6
35cf8659cfcb13224cbd47863a34fc58	Unit2-3　他己紹介　生徒B	269	12
14da15db887a4b50efe5c1bc66537089	No.1	67	11
e25cfa90f04351958216f97e3efdabe9	1-4 単元１続きその２	9047	105
8ce87bdda85cd44f14de9afb86491884	Emma	126	10
9c72e0c8882794b79d65f14776a0a974	16_空間図形再テスト解答例 	428	72
39555391eb0624a439c5131b1bb8a2e0	1級　2－1　2021年第3回	5	1
7c93ebe873ef213123c8af4b188e7558	２年２章連立方程式の利用(代金の問題割合の問題)	214	33
08fe2621d8e716b02ec0da35256a998d95	【解答】高１ 青チャート/数A/ 第１章 場合の数/ 第２章 確率	1	1
cc073c2619c2b1dba60b509cd5b5f9f6	1203 二次方程式　導入問題	2	1
d0aae9539e4dd0bd618e5d2598f18707	SA3 answer	1	1
b0a665a28efd91535abb111d656ecd04	７章データの活用(度数分布表)	1403	111
9a96a2c73c0d477ff2a6da3bf538f4f4	【0409数学】2020休校中の課題プリント（説明用）	18	6
41ae36ecb9b3eee609d05b90c14222fb	10_図形と相似解答用紙	12	5
069802d489a7b73dd31fd13b0f2cd690	1105 円の性質「円周角の定理」　練習プリント(解答)	171	30
0768281a05da9f27df178b5c39a51263101	【解答】高３ 青チャート/数Ⅲ/ 第５章微分法/ 第６章微分法の応用/ 第７章積分法/ 第８章積分法の応用	1	1
cb03474483e366b5c8dd9f4a2a7537c1	04 弦の長さ・座標平面 解答	312	49
e561611fa0ccf4a2c8867a82f8382816	青チャート数B 総合演習第1部 (問＆解答)	75	6
8d2dbf39ab407d4f97c3bd5d37d32868	0603_01文字の式（薬師算）	10719	40
dc2885225cbcb517bfea1ae528f56428	No.15(1003)解答	1	1
e77dbaf6759253c7c6d0efc5690369c7	【解答解説】中3STEP 第3章 ２次方程式 第4章 関数y=ax2	334	5
9766527f2b5d3e95d4a733fcfb77bd7e	デモ	4	1
e02e27e04fdff967ba7d76fb24b8069d	(A2/B1) PYPR. 4-02/The Great Flush	62	9
e48a900a95c8e0a3db31da9fbad6866e	AD-16	1	1
4daa3db355ef2b0e64b472968cb70f0d	762_４つの球と接する球	37	11
e0be0edcb00cc770525f1400c1666b0f	AD 27	14	2
c0fda89ebd645bd7cea60fcbb5960309	新課程版サクシード数Ⅱ 第3章 図形と方程式 (問＆解答)	2	1
8f19793b2671094e63a15ab883d50137	内接外接正六角形	7953	38
8757150decbd89b0f5442ca3db4d0e0e	2019　1年生　スピーキングテスト　日本語　質答	21	7
2a0f97f81755e2878b264adf39cba68e	(A1) RT31-Superkids	2003	110
f6b6d2a114a9644419dc8d2315f22401	w45_0305「箱ひげ図」	9201	82
28542e7ec2f6c92bb1bfe25c58e0b28c	SA83 answer	1	1
d88518acbcc3d08d1f18da62f9bb26ec	数Sマンデー1001	11257	39
39e9d130e6936441d85e8b7e28860823	07 接弦・方べき演習	3639	120
257deb66f5366aab34a23d5fd0571da4	60_平方根解答例	197	71
12a1d073d5ed3fa12169c67c4e2ce415	(B2) eCR10-02.Macbeth	910	25
f1efa5d88238b08b7d0d285f2909295b	テストPDF	2	1
83f97f4825290be4cb794ec6a234595f61	現代を読むNE	11	4
b1790a55a67906c18bd9a046e17c5935	0915式の展開と因数分解（利用）	1191	91
e0ddc27e24c6e49ace5a5dcef6c784eb	250203 2年後期期末テスト(数学)模範解答(改：４修正)	790	105
46994a3cd8d943d03b44b8fc9792d435	25_生徒解答	200	37
54f3bc04830d762a3b56a789b6ff62df	（後期期末に向けて）「二次方程式の復習」解答例	71	18
be3087e74e9100d4bc4c6268cdbe8456	解答21～50	2710	37
7eb3c8be3d411e8ebfab08eba5f49632199	Heidi_eCR L8-2	1	1
33bd1b801b3cf1b8eaf31d816bca2c95	41_後期期末数S解答	7	3
3871bd64012152bfb53fdf04b401193f	02_前期中間数学Ｓ	2	1
ff1e68e74c6b16a1a7b5d958b95e120c	SA 15 Pre-Quiz	1	1
e71b01a76dd61177e2dbfa7345b8e6de	1115平方根（循環小数）	888	115
9274d9c796197a68442ddab7a28f5608	No.16(1027)	13022	110
f851e694bea503ae3c50e49f013d47f6	0127 関数y=ax2「定義域・値域②」解答	235	22
2990cb071c6413d6cde1512f6474506a	SA 46	4	1
0a1bf96b7165e962e90cb14648c9462d	テストB_L1-1_The Fox and the Stork_e-future Classic Readers	5	1
b02d46e8a3d8d9fd6028f3f2c2495864	SA 54	3	1
98c1991adee78a8f7fd9b0cd2e7b3416	06_後期中間数学解答例	75	16
95009134498cf8501942c4970b0110ac	1211_03式の計算（余り）解答例	1584	72
caaa29eab72b231b0af62fbdff89bfce	Element 9 Group C Expert	4	1
27059a11c58ade9b03bde05c2ca7c285	SA 45 Post-Quiz	1	1
fb647ca6672b0930e9d00dc384d8b16f	0906 店評価のための資料	3193	104
a6f39a1c9403d1b82d0efd85a089c499	R6前期選抜リスニング	182	20
91d0dbfd38d950cb716c4dd26c5da08a	技術科１	60	5
45c166d697d65080d54501403b433256	図形と相似01板書	5828	40
0f541eccc4dc49cc19da7ca4594fad27	AD-22	1	1
f2b4053221961416d47d497814a8064f	シリウス　問題編	420	16
ca3561e334a0cea4074f487342754adf	第4時 資料5　評価シート	17	7
905056c1ac1dad141560467e0a99e1cf171	JEMIMA PUDDLE-DUCK_01000553	158	1
4a08142c38dbe374195d41c04562d9f8	STEP１年/第４章/４演習問題	571	19
43fa7f58b7eac7ac872209342e62e8f1118	中学家庭科	4	2
b9cfe8b6042cf759dc4c0cccb27a6737	自宅学習課題0109	8	2
2a50e9c2d6b89b95bcb416d6857f8b45162	QMT4V1_高校数学へようこそ_S問題解答_rgb	4	1
f63ca18283fce920f258fe42b153b199	NH1 2021 Read5ng 18 19カナダの民話問題	2	1
82b8a3434904411a9fdc43ca87cee70c95	【解答】高２ 青チャート/数B/ 第３章 数列/ 第４章 確率分布と統計的な推測	1	1
84f7e69969dea92a925508f7c1f9579a	Unit1-3	57	26
aeecc5a9c646444f00978ed43e747a96	３年数SMondayNo6	1521	42
