contents_id	contents_name	uniq_events	uniq_users	nav_instability_rate	memo_rate	marker_rate	rec_open_rate	rec_click_through_rate	quiz_rate	median_gap	z_nav_instability_rate	z_memo_rate	z_rec_open_rate	z_median_gap	z_rec_click_through_rate	pilot_friction_score
1b113258af3968aaf3969ca67e744ff8	休業中Writing課題Vol3	1202	114	0.001664	0.001664	0.515807	0.477537	0.491289	0	0	-0.9650802228740651	-0.8126506336902086	17.17488292626318	-0.5181947662592911	1.3406263500600508	13.538330953379564
01ce84968c6969bdd5d51c5eeaa3946a	No.15（マル付けして提出すること）	495	102	0.20404	0	0	0	0	0	14	0.15611394212551089	-0.8153120461364214	-0.2664185488180847	9.99849901566991	-0.0486736100324013	9.121555972873315
a9cc6694dc40736d7a2ec018ea566113	021_前期期末数学再テストレポートA(演習)解答例	414	78	0.202899	0	0	0	0	0	14	0.14979262664213086	-0.8153120461364214	-0.2664185488180847	9.99849901566991	-0.0486736100324013	9.115234657389935
c3f4db3a634aa769c0f1161219272d03	04_前期数学解答例	692	84	0.177746	0	0	0	0	0	14	0.01044113816407839	-0.8153120461364214	-0.2664185488180847	9.99849901566991	-0.0486736100324013	8.975883168911883
f29a179746902e331572c483c45e5086	[サクシード数A] 第1章 場合の数と確率	5757	91	0.413062	0.035783	0.000347	0.22008	0	0.189508	1	1.3141279692657912	-0.7580804826972198	7.771663586463338	0.2329976467356519	-0.0486736100324013	8.609382329799962
505259756244493872b7709a8a01b536	200114 朝リスニング	1893	136	0	0	0.065504	0.277866	0	1.275225	0	-0.9742990387937359	-0.8153120461364214	9.88220799881054	-0.5181947662592911	-0.0486736100324013	7.623075757653492
070dbb6024b5ef93784428afc71f2146	休業中Writing課題VOL1	7131	206	0.154256	0.019072	0.684897	0.290562	0.486486	0	0	-0.11969707454810102	-0.7848081650221367	10.345909792656109	-0.5181947662592911	1.3270441047658879	7.5961656820606915
985e9a46e10005356bbaf194249f6856	改・青チャート数A 第1章 場合の数（問・解答）	25709	126	0.212727	0.004045	0.036485	0.223735	0	0.170718	1	0.20424125816768643	-0.8088424467704776	7.905156817126976	0.2329976467356519	-0.0486736100324013	7.582226885292238
e910a63844df7022c9b194d39b2686bf	0915場合の数・確率	1642	48	0.023143	0.235079	0.002436	0.260658	0	0.676005	0	-0.8460832594494204	-0.4393251612546597	9.253712372747641	-0.5181947662592911	-0.0486736100324013	7.4987827958166715
d3779a48ccf8e469f915ffdbc55f6e2e	33_３年数学「R4西京入試2」週末課題No.33解答	346	66	0.179191	0	0	0	0	0	12	0.018446660402013666	-0.8153120461364214	-0.2664185488180847	8.496114189680025	-0.0486736100324013	7.481503865159934
2d6f064d4b257e01d5595f970ed714fc	Level 2_1	4205	91	0.391914	0.055172	0.031391	0.223543	0.155319	0.329132	0	1.1969647967482444	-0.7270695897166793	7.898144313628366	-0.5181947662592911	0.3905478675532959	7.459296886847344
b3848d61bbbc6207c6668a8a9e2730ed	1-A1-2	388	30	0.134021	0.020619	0	0.224227	0	0.010309	1	-0.23180208664818416	-0.7823338831385482	7.923126357342164	0.2329976467356519	-0.0486736100324013	7.190661644323485
72c25197b6a491816d9a84b42d7205f0	改・青チャート数A 第2章 確率（問・解答）	15635	107	0.280524	0.013559	0.002942	0.200895	0	0.163096	1	0.5798470652024942	-0.7936256931567346	7.0709610884381915	0.2329976467356519	-0.0486736100324013	7.138853717252005
eae15aabaa768ae4a5993a8a4f4fa6e4	改・青チャート数Ⅰ 第4章 図形と計量（問・解答）	43388	130	0.269798	0.003296	0.007882	0.202084	0	0.1582	1	0.5204233755664431	-0.810040402252577	7.114387477291562	0.2329976467356519	-0.0486736100324013	7.106441707373481
1e0a84051e6a4a7381473328f43c4884	200204 朝リスニング	1778	155	0.001125	0	0	0.257593	0	1.409449	0	-0.968066365771122	-0.8153120461364214	9.141767980959939	-0.5181947662592911	-0.0486736100324013	6.888868412825506
c4b31ce7d95c75ca70d50c19aef08bf151	高１ 青チャート/数Ⅰ/ 第１章数と式/ 第２章２次関数/ 第４章データの分析	76465	40	1.660708	0.008971	0.002406	0.003583	0	0.009573	0	8.22627869457443	-0.8009637702620377	-0.13555500696642467	-0.5181947662592911	-0.0486736100324013	6.820238761119079
b2b7c555125ecacf4bb7678d9dc39a21	0916場合の数・確率	1535	43	0.015635	0.006515	0.020847	0.246906	0	0.945928	0	-0.8876787341638964	-0.8048919126706303	8.751441809659717	-0.5181947662592911	-0.0486736100324013	6.5893500065983
5abdf8b8520b71f3a528c7547ee92428	改・サクシード数A_第3章 整数の性質	5780	58	0.383737	0.000346	0.058478	0.189273	0	0.178893	0	1.1516629591429872	-0.8147586514811392	6.64648548603797	-0.5181947662592911	-0.0486736100324013	6.513868637472928
2aedcba61ca55ceb62d785c6b7f10a83	休業中Writing課題VOL1２	3904	186	0.178791	0.000512	0.585553	0.273566	0.696629	0	0	0.016230598882862126	-0.8144931499991253	9.725157139206258	-0.5181947662592911	1.9213005638229974	6.487399258007706
f25c6ac5f918996124bfb5cb65201434	Level 1_5	3397	117	0.4869	0.026494	0.06123	0.175449	0.057047	0.205475	0	1.7232018453935865	-0.7729373698443774	6.141585234138068	-0.5181947662592911	0.11264771982313002	6.461007223604856
abe6f17ee7a1e4775951399035e00841	Level 2_4	2090	60	0.47177	0.058373	0.029665	0.181818	0.168421	0.231579	0	1.6393793184316763	-0.7219498894520596	6.374203123631014	-0.5181947662592911	0.4275985812414332	6.345839205109907
15f99f2165aa8c86c9dface16fefd281	R03_2年冬休みの課題プリント	27159	120	0.248463	0.026805	0.025038	0.158106	0	0.156228	2	0.40222419428869305	-0.7724399544172307	5.50815894155271	0.9841900597305949	-0.0486736100324013	6.1708068511871685
575425a3f433138553be468c9d1ecba7	[サクシード数Ⅰ] 第3章 2次関数_旧	2488	79	0.298232	0.089228	0.004019	0.165997	0	0.164791	1	0.6779521086553368	-0.6726002013343344	5.796365530654427	0.2329976467356519	-0.0486736100324013	6.0833886947434825
fc76150735dde1d2d860aeb77ee2009e	［STEP中2］第2章 連立方程式	46759	114	0.982036	0.0648	0.011356	0.082658	0	0.066896	0	4.466331436260241	-0.7116705037598665	2.7525372542448547	-0.5181947662592911	-0.0486736100324013	6.037677030518339
6ee69d3769e832ec77c9584e0b7ba112	200121 朝リスニング	2337	160	0.003423	0	0.011981	0.232777	0	1.479675	0	-0.9553350923435957	-0.8153120461364214	8.235401903764629	-0.5181947662592911	-0.0486736100324013	5.995233609057722
c113d499cd1461d6bc2f2db7c99fcd47	Level 3_1	1524	42	0.533465	0.028871	0.024934	0.154856	0.050847	0.271654	0	1.9811791069918254	-0.7691355805507191	5.389457710456451	-0.5181947662592911	0.09511494430286965	5.988191526335397
e2cc88bcc7302f28d93e2d31c511986b	Level 2_5	1200	51	0.448333	0.03	0.021667	0.171667	0.106796	0.285	0	1.509534733870784	-0.76732985059172	6.003453524597745	-0.5181947662592911	0.25333127617110324	5.974132365446415
db0d4963149c89b0cc76ffd6aaacf002	Level 1_6	2146	105	0.337372	0.075489	0.143523	0.181733	0.046154	0.330848	0	0.8947937283043239	-0.6945744474872894	6.37109862989465	-0.5181947662592911	0.08184376438084028	5.971279380071553
1392a70e4978d9890a1a1d40a11edbe8	Level 1_4	3409	117	0.478733	0.063948	0.077442	0.162511	0.068592	0.219419	0	1.6779554093263083	-0.713033198113336	5.669044764007793	-0.5181947662592911	0.1452954445620665	5.970476764399407
b4affa4f6b27df047d63d66fe4ac5600	解答［STEP中2］第1章 式の計算	8568	77	0.253968	0.005369	0	0.19211	0	0.172035	0	0.4327227409460176	-0.8067248325404381	6.750102529921074	-0.5181947662592911	-0.0486736100324013	5.906579282099764
4249a84bdaf63c34332d1988244fb089	改［STEP中3］第2章 平方根	49577	333	0.267261	0.095105	0.004861	0.16427	0	0.188596	1	0.5063680053812242	-0.6632004892271274	5.733289522622661	0.2329976467356519	-0.0486736100324013	5.858128295544811
5e62d03aec0d17facfc5355dd90d441c	R03夏休みの演習課題プリント(１年)	37543	131	0.326186	0.073755	0.118477	0.156248	0	0.15726	1	0.8328215679212484	-0.6973478183897731	5.440298360821372	0.2329976467356519	-0.0486736100324013	5.857443367120901
524e30e771dba8110c0241a0882023d0	Level 2_3	1465	60	0.462799	0.049147	0.07099	0.165188	0.107438	0.229352	0	1.589678598710903	-0.7367060139885735	5.7668180549753885	-0.5181947662592911	0.255146766797556	5.846449106640871
2c6a0bae0f071cbbf0bb3d5b11d90a82	0122週末課題	1923	48	0.0104	0.696828	0.00104	0.195528	0	0.450338	0	-0.9166814392957935	0.2991991990976837	6.874939701578616	-0.5181947662592911	-0.0486736100324013	5.787936305153616
be93cca187e923aabc702667ba5f0d06	［STEP中2］第6章 確率	17811	106	0.284263	0.210207	0.010331	0.174611	0	0.168772	0	0.600561700252764	-0.47910560017425347	6.1109785782430945	-0.5181947662592911	-0.0486736100324013	5.762913522094715
66121d1f782d29b62a286909165517bc	［問題］改・サクシード数A_第1章 場合の数と確率	20363	121	0.371654	0.002161	0.022394	0.169916	0	0.164219	0	1.0847212808032143	-0.8118557286506848	5.939500953628654	-0.5181947662592911	-0.0486736100324013	5.742845349554294
1c66f4627f1b9679f8db47d1287d7e98	改・サクシード数Ⅱ_第5章 指数関数と対数関数  	10750	65	0.521302	0.073488	0.005581	0.142512	0	0.143814	0	1.9137942163482227	-0.697774859930121	4.938612173025	-0.5181947662592911	-0.0486736100324013	5.685110373216212
d6dabcc412981d56c8733b52586a9d44	R03夏休み課題プリント	8935	103	0.321209	0.041746	0.099384	0.15333	0	0.141466	1	0.8052482224692046	-0.7485432216294513	5.333722917024793	0.2329976467356519	-0.0486736100324013	5.672099174632599
4e46e93a054f94c059e1fa4701f5a892	002q	512	42	0.027344	0.171875	0.359375	0.207031	0	0.105469	0	-0.8228090733445304	-0.5404140508282366	7.295069012747928	-0.5181947662592911	-0.0486736100324013	5.4623247323482715
56f0b515214a7ec9f08a4bbf9a56f7ba	[サクシード数Ⅰ] 第4章 図形と計量	4037	101	0.461234	0.130295	0.001486	0.141689	0	0.125836	0	1.581008258017222	-0.6069173738531927	4.908553368965856	-0.5181947662592911	-0.0486736100324013	5.4131230969029955
d8ab1a52f058358b947cdf8261b5e1a2	［STEP中3］第3章 2次方程式	39708	115	0.383197	0.106377	0.002065	0.151707	0	0.143346	0	1.1486712760921327	-0.6451719789544649	5.274445348388108	-0.5181947662592911	-0.0486736100324013	5.308423489298886
305ec2f907e0fcbb74f06fef40c9a4ac	Level 2_6	1309	51	0.490451	0.018335	0.025974	0.146677	0.104167	0.261268	0	1.7428749315298553	-0.7859869276260181	5.0907323661068205	-0.5181947662592911	0.24589681377710892	5.283528789974258
a33f5792b2a9a51ddd0111b3ac6e0e76	R03_1年冬休みの課題プリント	16583	117	0.249593	0.217512	0.002231	0.121691	0	0.117108	2	0.40848456808029654	-0.46742193555911865	4.178157301438783	0.9841900597305949	-0.0486736100324013	5.152083603722957
7274f01abe1fc0622bd2ff06724950c1	Level 2_2	2064	62	0.535368	0.055233	0.062016	0.137112	0.14841	0.209787	0	1.9917220196691894	-0.7269720259190718	4.741385512126601	-0.5181947662592911	0.3710101343162831	5.116930605301144
e1b90346c92331860b1391257a106bb1	［STEP中2］1年の復習	4333	64	0.236095	0.087237	0.018463	0.169167	0	0.161551	0	0.3337035721165247	-0.6757846197119843	5.912144885292931	-0.5181947662592911	-0.0486736100324013	5.100542681470582
659b7b42e9c002ce0075077cd55a1623	A４章二次関数	363	46	0	0	0	0	0	0	10	-0.9742990387937359	-0.8153120461364214	-0.2664185488180847	6.993729363690139	-0.0486736100324013	4.986373339974299
fd4d801731725513a4d77aa9bb35534b	春休みの課題プリント	22483	123	0.348397	0.074367	0.002758	0.149535	0	0.145532	0	0.9558739239259408	-0.6963689816006612	5.1951164025600844	-0.5181947662592911	-0.0486736100324013	4.985100188658475
2c7c8ec529d898f2a3ba4d0666b4468f	Level 1_3	4029	127	0.512286	0.087367	0.096798	0.129561	0.088123	0.18764	0	1.8638441897065448	-0.6755766968646241	4.4655968979703395	-0.5181947662592911	0.20052651531790613	4.935143109235063
00a1793212795f6d222f69250c639cb7	ELEMENT U6 Scene3,4	2002	41	0.333167	0	0.152847	0.184316	0.398374	0.23976	0	0.8714973815842424	-0.8153120461364214	6.4654387160243845	-0.5181947662592911	1.077875085952794	4.92555419926012
ee715daa76f1b51d80343f45547be570	1028総合問題（13内接四角形④）解答例	417	76	0.105516	0	0	0	0	0	9	-0.38972417065672726	-0.8153120461364214	-0.2664185488180847	6.242536950695196	-0.0486736100324013	4.819755795116364
73c14008d55c730e10bb9412a5be1a16	［STEP中2］第5章 三角形と四角形	23251	114	0.3765	0.194142	0.012645	0.1335	0	0.127306	0	1.1115688661077365	-0.5048000658884411	4.609462790059005	-0.5181947662592911	-0.0486736100324013	4.74671043405141
d27b95cac4c27feb850aaa4070cc4675	Vintage 4択問題	40098	209	0.0408	0	0.005487	0.171106	0	0.221133	1	-0.7482607638402695	-0.8153120461364214	5.982963865937745	0.2329976467356519	-0.0486736100324013	4.701062312729108
86c51678350f656dcc7f490a43946ee5	青チャート数A 第2章 確率mixR	576	37	0.454861	0.3125	0.010417	0.09375	0	0.027778	1	1.5457008578633389	-0.315497509212449	3.1576554251124556	0.2329976467356519	-0.0486736100324013	4.669530030531399
d2a2c1da2acde3ed27003dba9c3c1ccc	［STEP中2］第4章 図形の性質と合同	28400	117	0.285246	0.436831	0.009366	0.132218	0	0.127887	0	0.6060076714360791	-0.11664169740350684	4.562639719823496	-0.5181947662592911	-0.0486736100324013	4.5824845376291785
9079ea527e08a24dfad44e3302d5f091	03_後期中間数学解説	1412	66	0.330028	0	0	0	0	0	7	0.8541068388126999	-0.8153120461364214	-0.2664185488180847	4.740152124705309	-0.0486736100324013	4.561201978595904
cba0a4ee5ccd02fda0fe3f9a3e7b89fe	R02夏休みの課題プリント	59741	131	0.362933	0.014429	0.019451	0.137393	0	0.150751	0	1.036405599531911	-0.7922342094859381	4.751648603184461	-0.5181947662592911	-0.0486736100324013	4.526298837003544
7ac71d433f282034e088473244df8c02	［STEP中2］第1章 式の計算	42377	127	0.455955	0.022937	0.012696	0.121764	0	0.108597	0	1.5517617861182185	-0.7786264588294609	4.180823513706484	-0.5181947662592911	-0.0486736100324013	4.484437684768352
36452e720502e4da486d2f9f6b48a7bb	改［STEP中3］第1章 式の計算	41467	343	0.29515	0.126269	0.008103	0.120891	0	0.120288	1	0.6608773546502736	-0.6133565844952916	4.148938536861243	0.2329976467356519	-0.0486736100324013	4.478130563784278
ad7ed5d47b9baceb12045a929e7e2f66	[サクシード数Ⅰ] 第4章 図形と計量	8829	153	0.25235	0.399366	0.009288	0.114282	0	0.112244	1	0.4237587721010492	-0.17656346260624808	3.907555017995035	0.2329976467356519	-0.0486736100324013	4.436421584257889
586f9b4035e5997f77635b13cc04984c	［問題］改・サクシード数Ⅰ_第3章  2次関数	6613	76	0.289732	0.00121	0.015424	0.145169	0	0.169968	0	0.6308608013733646	-0.8133767642494517	5.035654994878156	-0.5181947662592911	-0.0486736100324013	4.38361787577518
483101a6bc4e6c46a86222eb65fbcb6a	04_後期期末数学解説	1386	85	0.295815	0	0	0	0	0	7	0.6645615569258632	-0.8153120461364214	-0.2664185488180847	4.740152124705309	-0.0486736100324013	4.371656696709068
f73a9f957962cd73fce51078b5b9614f	[サクシード数II] 第1章 式と証明	37784	295	0.214985	0.708316	0.001138	0.104542	0	0.096099	1	0.21675092544329744	0.31757318117826794	3.5518165592634783	0.2329976467356519	-0.0486736100324013	4.367811922653097
46123e470d3226911c48df4e9867b9db	［STEP中2］第3章 1次関数	20709	117	0.441885	0.08943	0.002221	0.117292	0	0.118258	0	1.4738118221820597	-0.6722771212176667	4.017490619718032	-0.5181947662592911	-0.0486736100324013	4.349504164455536
2bb0502c80b7432eee4c5847a5fd077b	［STEP中1］第7章 資料の整理とその活用 	11641	92	0.274203	0.417146	0.055322	0.127652	0	0.115798	0	0.5448277530461004	-0.1481260147134217	4.3958736209971825	-0.5181947662592911	-0.0486736100324013	4.323054203102972
4ca9764c98c203d7bc747cbce9d9174f	3年数学3年5章「図形と相似」演習2一問一答演習	11566	112	0.405672	0.559917	0.011759	0.101159	0	0.142314	0	1.2731862326994647	0.08022285329033015	3.4282577085562034	-0.5181947662592911	-0.0486736100324013	4.312145638319109
bd4828247647544af24a15ac79a1ef9f	改・青チャート数Ⅲ 第3章 関数 (問＆解答)	4681	74	0.133732	0.000214	0	0.124973	0	0.12476	2	-0.23340319109577126	-0.8149697731415358	4.298027283118143	0.9841900597305949	-0.0486736100324013	4.282517988643832
6e2d5d50a943a0e0d738377f51011685	青チャート数Ⅰ 第3章 図形と計量mixR	7959	74	0.511622	0.001759	0.002764	0.086192	0	0.081166	1	1.860165527584753	-0.8124986900709839	2.881611146766141	0.2329976467356519	-0.0486736100324013	4.210949241047963
12092a75caa75e4644fd2869f0b6c45a	改・サクシード数Ⅰ_第4章  図形と計量	16847	147	0.229833	0.001781	0.00736	0.148869	0	0.190182	0	0.29901112903420596	-0.8124635031275843	5.170791781049282	-0.5181947662592911	-0.0486736100324013	4.187818250729014
5c8cb735a1ce65dac514233cbd5576d6	40_週末課題no.40	368	36	0.244565	0	0	0	0	0	7	0.38062867478456053	-0.8153120461364214	-0.2664185488180847	4.740152124705309	-0.0486736100324013	4.087723814567766
f44ee263952e65b3610b8ba51229d1f9	［STEP中3］学年末問題	1535	59	0.287948	0.19544	0.009121	0.107492	0	0.103583	1	0.6209771669979484	-0.5027240362278736	3.65956075364316	0.2329976467356519	-0.0486736100324013	4.059485141181288
590494d54ebe8eda5858c48f34e12b51	00後期からの数学の授業について	825	36	1.187879	0	0.021818	0	0	0	0	5.606733314477063	-0.8153120461364214	-0.2664185488180847	-0.5181947662592911	-0.0486736100324013	4.055481563295667
0a49e3c3a03ebde64f85c0bacd8a08e2	改・サクシード数Ⅱ_第2章 複素数と方程式 	2089	30	0.780278	0.007659	0.012446	0.061273	0	0.044998	0	3.3485610863077544	-0.8030621916138592	1.9714831536314728	-0.5181947662592911	-0.0486736100324013	4.047460892098479
83da7c539e1ab4e759623c38d8737e9e	R3冬休みの課題 解答例	3518	38	0.50398	0.008243	0	0	0	0	5	1.817827672261361	-0.8021281382072556	-0.2664185488180847	3.2377672987154233	-0.0486736100324013	4.035721893983846
64be20f6dd1dd46adf110cf871e3ed35	春課題A（３年生になる前の確認編）解答例	842	79	0.230404	0	0	0	0	0	7	0.3021745568527949	-0.8153120461364214	-0.2664185488180847	4.740152124705309	-0.0486736100324013	4.009269696635999
a58616464d14208b2677a084f5d7456f	夏休み課題	32712	119	0.300562	0.050135	0.005564	0.130594	0	0.236366	0	0.6908606670043951	-0.7351258003486347	4.503325627731088	-0.5181947662592911	-0.0486736100324013	3.9895393381599584
4f1927fff6e092185d6a6f4c8466e421	空間図形Bライン解説	1329	85	0.481565	0.028593	0	0	0	0	5	1.6936451248819018	-0.7695802155627666	-0.2664185488180847	3.2377672987154233	-0.0486736100324013	3.9440872692488753
f14bc21be7eaeed046fed206a492e652	［STEP中1］第4章 比例と反比例	82835	121	0.498026	0.124633	0.005384	0.095443	0	0.091507	0	1.7848415965487892	-0.6159732135589959	3.219489635649676	-0.5181947662592911	-0.0486736100324013	3.9188368624125793
663fd3c5144fd10bd5ca6611a9a5b92d	［STEP中3］第7章 三平方の定理	13093	135	0.473154	0.066448	0.000611	0.101581	0	0.097762	0	1.6470468912879408	-0.7090346818179443	3.4436706068708562	-0.5181947662592911	-0.0486736100324013	3.912161660113963
7ef6c2494e3925e414c7730d6455b50f	30_生徒解答	340	51	0.211765	0	0.002941	0	0	0	7	0.1989116302141268	-0.8153120461364214	-0.2664185488180847	4.740152124705309	-0.0486736100324013	3.9060067699973313
63d5fb54a858dd033fe90e6e4a74b0f0	改［STEP中3］第3章 2次方程式	33298	277	0.232867	0.230284	0.004805	0.110007	0	0.107063	1	0.31581995565697096	-0.44699431550922125	3.7514172447838026	0.2329976467356519	-0.0486736100324013	3.9019141416996055
44590aa922914066f965ae67be0222d2	05_後期中間数学Ｓ解答例	311	64	0.141479	0	0	0	0	0	7.5	-0.19048361962360205	-0.8153120461364214	-0.2664185488180847	5.115748331202781	-0.0486736100324013	3.892207726657074
ba0a4d6ecea3e9e126dd3b6d77291c97	32_週末課題No32	360	48	0.341667	0	0	0	0	0	6	0.9185886888662146	-0.8153120461364214	-0.2664185488180847	3.9889597117103666	-0.0486736100324013	3.8744914156544765
0f3c5d0c3666eec8cd311bec6d878915	青チャート数A 第1章 場合の数mixR	2538	85	0.371158	0.047281	0.009456	0.096139	0	0.052797	1	1.0819733645194662	-0.7396905065514539	3.2449099608321363	0.2329976467356519	-0.0486736100324013	3.8688640755682018
1706f191d760c78dfcec5012e43b6714	［STEP中1］第6章 空間図形 	74936	123	0.379043	0.28886	0.009635	0.104596	0	0.098884	0	1.125657477215743	-0.35330747930167367	3.5537888258724624	-0.5181947662592911	-0.0486736100324013	3.856617667559642
3817157c9127b4cdb7a8d690ee72d874	70_二次方程式Bライン解説	1584	98	0.32702	0.005051	0	0	0	0	6	0.8374420561886796	-0.8072334438132118	-0.2664185488180847	3.9889597117103666	-0.0486736100324013	3.801423385300151
6d5768ba809b699ac0cdb94f96acc739	R6toR7_2年春休みの演習課題	15862	114	0.254129	0.122305	0.00498	0.087505	0	0.064179	2	0.43361470570747596	-0.6196966319332647	2.929566444129029	0.9841900597305949	-0.0486736100324013	3.776348187666237
923e325e16617477e457f6a468a2d6df	0222指数対数演習(こっちが最新！)	2976	44	0.741935	0.015457	0.011425	0.05914	0	0.077285	0	3.136134969235677	-0.7905900195852731	1.8935786225766051	-0.5181947662592911	-0.0486736100324013	3.7696024160001196
df334b223e699294764c2bb7ae40d8db	09_後期期末数学解答例	898	94	0.173719	0.033408	0	0	0	0	7	-0.011869061179980512	-0.761879073177842	-0.2664185488180847	4.740152124705309	-0.0486736100324013	3.7486590515618037
05d0abb9a864ae4981e933685b8b915c	R3冬休みの課題 解答例	3047	38	0.454217	0	0.001313	0	0	0	5	1.5421329988175045	-0.8153120461364214	-0.2664185488180847	3.2377672987154233	-0.0486736100324013	3.746843312610823
1819fb9034f796275e6f64950a134e2a	07_後期中間数学解答例 	871	88	0.292767	0.073479	0.020666	0	0	0	6	0.6476751681499278	-0.6977892545887844	-0.2664185488180847	3.9889597117103666	-0.0486736100324013	3.7211006864858267
7298332f04ac004a0ca44cc69ecf6f6b	[サクシード数A] 第3章 整数の性質	72732	222	0.127055	1.129393	0.012649	0.081725	0	0.084557	1	-0.2703947980042098	0.9910464796241418	2.7184608700562984	0.2329976467356519	-0.0486736100324013	3.720783808444284
6c91724b896cdcf48285039ab05b3aaf	保健体育３	1377	94	0.090051	0.001452	0	0.156863	0	0.171387	0	-0.4754026491409271	-0.8129897078720578	5.462760286090356	-0.5181947662592911	-0.0486736100324013	3.704846772850482
a267f936e54d7c10a2bb70dbe6ad7a89	031_後期中間数学確認テスト解説	485	44	0.235052	0	0	0	0	0	6.5	0.3279251917053369	-0.8153120461364214	-0.2664185488180847	4.364555918207838	-0.0486736100324013	3.6594241249910704
1074cf6dee6fd3a453ea3fa9d190a430	80_二次関数Bライン解答例	699	79	0.300429	0	0	0	0	0	6	0.6901238265492772	-0.8153120461364214	-0.2664185488180847	3.9889597117103666	-0.0486736100324013	3.6460265533375393
d71f5142463efcf6dc7be216cf4644b5	2020冬休み課題プリント1_問題	16579	95	0.283491	0.084565	0.005067	0.122203	0	0.252367	0	0.5962847015208014	-0.6800582339284991	4.19685731076841	-0.5181947662592911	-0.0486736100324013	3.643562622133823
54d2e69c08f60ae7c37f509f962c59a8	02_前期中間数学S	314	45	0.124204	0.111465	0	0	0	0	7	-0.2861897764819631	-0.6370341985900836	-0.2664185488180847	4.740152124705309	-0.0486736100324013	3.5991832108475794
17257e81a344982579af1ae6415a7b8c	20_円の性質解答用紙解答例	745	84	0.155705	0	0.024161	0	0	0	7	-0.11166939169497421	-0.8153120461364214	-0.2664185488180847	4.740152124705309	-0.0486736100324013	3.5954257480882306
4a46fbfca3f1465a27b210f4bdfe6ab3	1006総合問題（10内接四角形①）解答例	319	87	0.012539	0	0	0	0	0	8	-0.9048310503221302	-0.8153120461364214	-0.2664185488180847	5.491344537700252	-0.0486736100324013	3.5534565024560174
3001ef257407d5a371a96dcd947c7d93	[サクシード数II] 第2章 複素数と方程式	13290	186	0.253725	0.56012	0.00158	0.082468	0	0.067043	1	0.4313764835731327	0.08054753281351588	2.7455977976576893	0.2329976467356519	-0.0486736100324013	3.539193070812391
ad554d8c3b06d6b97ee76a2448bd7913	A３章二次方程式	396	47	0.005051	0.005051	0	0	0	0	8	-0.9463157219606486	-0.8072334438132118	-0.2664185488180847	5.491344537700252	-0.0486736100324013	3.5200504331407085
da974f5eba1948690c83e9c3b43ffd87	冬休みの課題	42143	132	0.390148	0.286263	0.00878	0.093728	0	0.079301	0	1.18718088514119	-0.35746113802932666	3.1568519090865736	-0.5181947662592911	-0.0486736100324013	3.5170504999715475
198dd5fb9c43b2d29a548f8c77e85cf9	改・青チャート数Ⅰ 第3章 2次関数（問＆解答）	11087	112	0.394606	0.006314	0.001082	0.064039	0	0.063047	2	1.2118788907721352	-0.8052133933807799	2.0725070321583194	0.9841900597305949	-0.0486736100324013	3.512036199312671
f9ab16852d455ce9203da64f4fc7f92d	春課題A解答（２年生になる前の確認編）	799	95	0.130163	0	0	0	0	0	7	-0.25317600000040164	-0.8153120461364214	-0.2664185488180847	4.740152124705309	-0.0486736100324013	3.453919139782803
1543ceff58b1606182e9b7cf357712b3	1004総合問題（8シエネの井戸／スカイツリーの影）解答例	434	65	0.129032	0	0	0	0	0	7	-0.25944191394580285	-0.8153120461364214	-0.2664185488180847	4.740152124705309	-0.0486736100324013	3.447653225837402
cb93980bc94a17e36d6de5da28b99785	04_後期期末解説	1862	98	0.262621	0	0	0	0	0	6	0.48066169175906504	-0.8153120461364214	-0.2664185488180847	3.9889597117103666	-0.0486736100324013	3.436564418547327
708be71b9ab6e0a84252760579ade9f1	改・青チャート数Ⅱ 第3章 図形と方程式 (問＆解答）	14076	176	0.123828	0.064862	0.024013	0.100455	0	0.08518	2	-0.2882728743099656	-0.7115713405557408	3.402545195727968	0.9841900597305949	-0.0486736100324013	3.435564650625258
195f15384c2a79cedf293e4a847ce85c	[サクシード数II] 第3章 図形と方程式	71766	264	0.079355	0.124836	0.002369	0.124948	0	0.116462	1	-0.5346601341630418	-0.6156485340358101	4.297114196725095	0.2329976467356519	-0.0486736100324013	3.428476785294297
254eb3b5df0f07a3c8c134624be3119b	春課題A（３年生になる前の確認編）	3011	89	0.188642	0.02192	0.002325	0.071737	0	0.065427	3	0.0708066539457689	-0.7802530552584263	2.3536645943057035	1.735382472725538	-0.0486736100324013	3.4282742757509856
9078f2a8254704bd760460f027072e52	0801因数分解解答例	548	30	0.260949	0	0	0	0	0	6	0.4713985546090112	-0.8153120461364214	-0.2664185488180847	3.9889597117103666	-0.0486736100324013	3.4273012813972734
a081cab429ff7a3b96e0a07319f1049e	［STEP中1］学年末問題	13932	69	0.83362	0.070629	0	0.033305	0	0.027132	0	3.6440839701942203	-0.702347563165531	0.9499951440006529	-0.5181947662592911	-0.0486736100324013	3.4222103948024527
c8862fc1a32725712838863fb1a260b9	［STEP中1］第3章 1次方程式	97617	127	0.504072	0.05624	0.014362	0.08392	0	0.082096	0	1.8183373664107658	-0.725361423555288	2.7986298553659252	-0.5181947662592911	-0.0486736100324013	3.4220846419945135
d3157f2f0212a80a5d042c127522a2d5	［STEP中1］第5章 平面図形 	92972	117	0.319473	0.204621	0.005034	0.105257	0	0.100632	0	0.7956305154760864	-0.48803988498467693	3.5779308301046555	-0.5181947662592911	-0.0486736100324013	3.4160003043691756
491723c615d42eb8b44650bcbe384561	GW課題 相似の組み合わせ練習問題解答	1064	102	0.258459	0	0	0	0	0	6	0.4576035716522923	-0.8153120461364214	-0.2664185488180847	3.9889597117103666	-0.0486736100324013	3.413506298440554
653cd6f9efefe6d273e2c116d2a6b765	改訂版キートレーニング 第4章 データの分析 (数学I) (問&解答)	981	32	0.154944	0	0	0.097859	0	0.083588	2	-0.11588544873516025	-0.8153120461364214	3.3077303046738487	0.9841900597305949	-0.0486736100324013	3.4093964795652636
f862d13454fd267baa5fedfffb200567	春課題B解答例（入試問題編）	4494	90	0.247219	0.019137	0	0	0	0	6	0.3953322429641315	-0.7847042035984564	-0.2664185488180847	3.9889597117103666	-0.0486736100324013	3.3818428122903583
fa612be4940bae15b019b36f9282c5ab	⑩11月9日	5720	30	0.070979	1.425524	0	0.088462	0	0.059441	0	-0.5810644623740769	1.464680331252407	2.964519391254912	-0.5181947662592911	-0.0486736100324013	3.3786141039063526
7ec12aa91918c9b6e577c1ae18a0a34b	⑩11月9日	6834	38	0.084577	1.389523	0.000293	0.086333	0	0.05736	0	-0.5057294510305173	1.4071000971922472	2.886760954022932	-0.5181947662592911	-0.0486736100324013	3.3186104439577724
840d68cbbbfa627cd4635408a6c82009	［STEP中1］第5章 平面図形	30974	257	0.178698	0.412023	0.001873	0.093821	0	0.095596	1	0.01571536457965932	-0.15631977430593863	3.1602485904687123	0.2329976467356519	-0.0486736100324013	3.3013154375104863
acef5cc0bd5a0c190494e34ea4b04811	1014総合問題（11内接四角形②）解答例1	312	65	0.102564	0	0	0	0	0	7	-0.4060787046680663	-0.8153120461364214	-0.2664185488180847	4.740152124705309	-0.0486736100324013	3.3010164351151383
220787ad7829c9cbc7e9953cb1c36fb3	改訂版サクシード数Ⅱ 第6章 微分法と積分法 (問＆解答)	20231	122	0.179378	4.9e-05	0.00089	0.091147	0	0.086896	2	0.019482669162217168	-0.8152336752170318	3.062584869868283	0.9841900597305949	-0.0486736100324013	3.299697533576465
19f6a8886908b80b8b6e9f212dbeea09	04_前期期末数学	441	63	0.102041	0	0	0	0	0	7	-0.408976205104357	-0.8153120461364214	-0.2664185488180847	4.740152124705309	-0.0486736100324013	3.2981189346788478
1f33d7cf6693dc6dcc7029b97cc29487	2年式の計算Bライン解説	1519	90	0.234365	0	0.002633	0	0	0	6	0.3241191060461938	-0.8153120461364214	-0.2664185488180847	3.9889597117103666	-0.0486736100324013	3.2800218328344557
c2ddc87b68fed4f62a29c1ff816f58b0	1021総合問題（12内接四角形③）解答例	344	69	0.093023	0	0	0	0	0	7	-0.4589373120536306	-0.8153120461364214	-0.2664185488180847	4.740152124705309	-0.0486736100324013	3.248157827729574
a2186aa7c086b46ad4e8bf81e2a3a19b	［STEP中3］第6章 円	14140	127	0.285007	0.573267	0.003819	0.089675	0	0.082885	0	0.6046835746783862	0.1015749303077222	3.0088223430456082	-0.5181947662592911	-0.0486736100324013	3.2455596918048273
70c767c26cb3143bad5e660504fd6a76	10_学習を広げる2_P272-後見返し	9374	94	0.494026	0.003947	0.02827	0	0	0	4	1.7626809813572728	-0.8089991886092568	-0.2664185488180847	2.486574885720481	-0.0486736100324013	3.2225117396828136
ae3d525daf92cee0003a7f2d92c34ea3	R03_2年春休みの課題プリント	6650	41	0.134286	0.002556	0.007218	0.095639	0	0.089173	2	-0.23033394589174627	-0.8112239630760129	3.2266482329711734	0.9841900597305949	-0.0486736100324013	3.2179539937664106
62752c5f9ee3bf051713cd8db0961616	♪令和５年度　前期期末テスト(数学) 模範解答(書き込み版)	1091	92	0.217232	0.018332	0	0	0	0	6	0.22919965102713172	-0.7859917258455725	-0.2664185488180847	3.9889597117103666	-0.0486736100324013	3.2144226981062425
b17446af05919be6e83500be7f5df5c4	春課題A途中式あり解答（２年生になる前の確認編）	438	42	0.221461	0	0	0	0	0	6	0.2526289614383622	-0.8153120461364214	-0.2664185488180847	3.9889597117103666	-0.0486736100324013	3.208531688226624
b943325cc7b7422d2871b345bf9b067f	R04_3年夏休みの課題プリント解答例21-29	5572	113	0.355707	0.001436	0	0	0	0	5	0.9963724481884367	-0.8130152983763483	-0.2664185488180847	3.2377672987154233	-0.0486736100324013	3.2033795097418283
12e1b435e5e53888e787d22c1e8d262d	07_後期中間数学 	1280	76	0.479688	0.025781	0	0	0	0	4	1.6832462562032826	-0.7740777466918233	-0.2664185488180847	2.486574885720481	-0.0486736100324013	3.1779984564462573
ccb421d5f36c5a412816d494b15ca9f6	⑩11月9日	5311	33	0.048578	1.461118	0	0.08473	0	0.067784	0	-0.705169447600366	1.5216096068596767	2.828213854500685	-0.5181947662592911	-0.0486736100324013	3.1751328575331064
06cdc05791b8af29eed72084f39143c7	R4 GW課題	5162	109	0.096087	0.015304	0	0.099574	0	0.077683	2	-0.441962280816929	-0.7908347287825511	3.3703680312369513	0.9841900597305949	-0.0486736100324013	3.1704346914004677
0d98b597aa732aea606bde680c3b57d8	36_週末課題No36	443	46	0.214447	0	0	0	0	0	6	0.21377032270003843	-0.8153120461364214	-0.2664185488180847	3.9889597117103666	-0.0486736100324013	3.1696730494883005
75da5036f659fe64b53f3d9b39412967	R03_2年春休みの課題プリント	6866	41	0.143315	0.003495	0.006263	0.09263	0	0.087678	2	-0.18031189725069605	-0.8097221203554636	3.116749154703899	0.9841900597305949	-0.0486736100324013	3.1595788068607358
43c656628a4a479e108ed86f7a28a010	徹底演習テキスト中3理科［解答］	4478	43	0.750335	0	0	0.000223	0	0	2	3.182672261137861	-0.8153120461364214	-0.2582738181920952	0.9841900597305949	-0.0486736100324013	3.1419500665723405
fcd11da01e886bc1be35b19f4d974f4e	平面図形Bライン解説	1263	98	0.467933	0	0	0	0	0	4	1.618121748309214	-0.8153120461364214	-0.2664185488180847	2.486574885720481	-0.0486736100324013	3.0716396491075906
f1b8b7b3ceb65c188dcdc0851634cadf	規則性演習プリント（階差数列）解答例	307	68	0.19544	0	0	0	0	0	6	0.10846861946375086	-0.8153120461364214	-0.2664185488180847	3.9889597117103666	-0.0486736100324013	3.064371346252013
cf0d02ec99e61a64137b8a2c3b03e030	39_週末課題No39	657	63	0.191781	0.004566	0	0	0	0	6	0.08819719671731134	-0.808009155974518	-0.2664185488180847	3.9889597117103666	-0.0486736100324013	3.051402813667477
479b4864e55e12e0fb411eadb115c095	シリウス21発展中1英語_解答	10325	68	0.732881	0.004649	0.010266	0	0	0	2	3.0859744167496794	-0.8078764052335109	-0.2664185488180847	0.9841900597305949	-0.0486736100324013	3.0445431324610803
5d50d22735a7469266aab23fd8aeb536	70_二次方程式解答例	668	75	0.191617	0	0	0	0	0	6	0.08728861149445918	-0.8153120461364214	-0.2664185488180847	3.9889597117103666	-0.0486736100324013	3.043191338282721
8f4d94fa779cb6b74225a9e26c700a39	R4 夏休みの演習課題	19946	109	0.192269	0.008673	0.003159	0.081671	0	0.075404	2	0.09090079177067627	-0.8014403934044482	2.716488603447314	0.9841900597305949	-0.0486736100324013	3.0388126715765384
53edebc543333dfbf7c5933af792c9c4	規則性演習プリント（部分分数の和）解答例	597	77	0.160804	0.103853	0.023451	0	0	0	6	-0.08342014747958884	-0.6492088810062925	-0.2664185488180847	3.9889597117103666	-0.0486736100324013	3.038585744438802
42299f06ee419aa5d9d07798b56779e2	03_後期中間解説	3286	105	0.571516	0.088253	0	0	0	0	3	2.1919874991549224	-0.6741596226895371	-0.2664185488180847	1.735382472725538	-0.0486736100324013	3.03546541040524
320e4df890a1a620573db8170f39a093	2022数学夏課題「自由研究」1レポートの書き方 	825	96	0.189091	0	0	0	0	0	6	0.07329418300101663	-0.8153120461364214	-0.2664185488180847	3.9889597117103666	-0.0486736100324013	3.0291969097892784
f2f446980d8e971ef3da97af089481c3	R3冬休みの課題 解答例	3644	38	0.456092	0	0	0	0	0	4	1.5525207871885278	-0.8153120461364214	-0.2664185488180847	2.486574885720481	-0.0486736100324013	3.006038687986904
548f45be9b6c68f10bed527bce14246e	21_週末課題no.21	521	50	0.318618	0.001919	0	0	0	0	5	0.7908936839788998	-0.8122427850280787	-0.2664185488180847	3.2377672987154233	-0.0486736100324013	2.998673258880561
4fc848051e4459b8a6afeb210c3664ec	R02夏休み課題中3数学1問題	49430	126	0.358001	0.057172	0.006433	0.094275	0	0.203925	0	1.0090815610007715	-0.7238707766803659	3.1768302393664665	-0.5181947662592911	-0.0486736100324013	2.9925198674599827
0937fb5864ed06ffb59ae5f9b5ed67a9	02_文字の式～食塩水の例題～	1932	123	0.049689	0.412008	0.153209	0.125259	0	0.101449	0	-0.6990143367309225	-0.15634376540371095	4.3084729914546145	-0.5181947662592911	-0.0486736100324013	2.9835937330930915
a74c3bae3e13616104c1b25f9da1f11f	［STEP中1］算数の復習	48332	129	0.182198	0.006952	0.005545	0.121824	0	0.120293	0	0.035105902872236104	-0.804192972022196	4.1830149210498	-0.5181947662592911	-0.0486736100324013	2.9444066956729507
ceb0595112db2513b9325a85761b7310	改サクシード数A_第２章 図形の性質mix	1103	31	0.986401	0	0	0	0	0	0	4.490514207587983	-0.8153120461364214	-0.2664185488180847	-0.5181947662592911	-0.0486736100324013	2.939262456406588
1091660f3dff84fd648efe31391c5524	［STEP中3］第8章 標本調査 	1114	71	0.362657	0	0	0.073609	0	0.082585	1	1.0348765170836964	-0.8153120461364214	2.4220365034171487	0.2329976467356519	-0.0486736100324013	2.923272231132477
1cde2efe98ea537f5359cdd66941196d	R6_2年冬休みの演習課題	21710	122	0.278996	0.200276	0.00562	0.097743	0	0.078766	0	0.571381710199335	-0.4949893063060678	3.303493583810105	-0.5181947662592911	-0.0486736100324013	2.9103648314764827
ba500f04049a8eece1e23e36ea7bbab0	New Horizon 1 資料編	1849	89	0.57166	0.001622	0.002163	0	0	0	3	2.1927852813018167	-0.8127178087639713	-0.2664185488180847	1.735382472725538	-0.0486736100324013	2.8977050064777004
a7c9585703d275249f30a088cebba0ad	[サクシード数Ⅰ] 第1章 数と式_旧	2230	100	0.247085	0.176682	0.002691	0.082511	0	0.103139	1	0.39458986235521576	-0.5327257036954572	2.747168306253732	0.2329976467356519	-0.0486736100324013	2.8907037216815437
78211247db84d96acf4e00092a7fba80	30_三平方の定理解答例	1250	101	0.164	0	0	0	0	0	6	-0.06571381594156729	-0.8153120461364214	-0.2664185488180847	3.9889597117103666	-0.0486736100324013	2.8901889108466947
89abe98de6071178edb1b28901a8f459	GW中の課題（問題）	22450	126	0.238352	0.444588	0.294076	0.09265	0	0.132918	0	0.34620769923833783	-0.1042351010421653	3.1174796238183373	-0.5181947662592911	-0.0486736100324013	2.8899310657876205
ede529dfcbb2907e9760eea0875cdd12	R04_3年夏休みの課題プリント解答例11-20	8773	117	0.29796	0.003876	0.001596	0	0	0	5	0.6764451868223138	-0.809112746472046	-0.2664185488180847	3.2377672987154233	-0.0486736100324013	2.887354800280008
c8cd63e1bf13c5016881652983fb615a	［STEP中3］第5章 相似 	15795	127	0.537892	0.29503	0.006331	0.053055	0	0.046724	0	2.0057053678550365	-0.34343914108464674	1.6713333945086868	-0.5181947662592911	-0.0486736100324013	2.864078465052187
118921efba23fc329e6560b27861f0c2	R03_2年春休みの課題プリント	4260	42	0.142958	0	0	0.084742	0	0.078404	2	-0.18228973215653885	-0.8153120461364214	2.828652135969348	0.9841900597305949	-0.0486736100324013	2.8639140274393844
561918f13a2832726ec7f2e16ecd76c1	30_図形の性質と証明Bライン解説	1032	61	0.294574	0	0.003876	0	0	0	5	0.6576862260626952	-0.8153120461364214	-0.2664185488180847	3.2377672987154233	-0.0486736100324013	2.862396539856014
8091588a3968da46e3e43a76bf3b3a98	R03夏休みの演習課題プリント解答例	16144	120	0.690287	0.013256	0.019326	0	0	0	2	2.849997105882818	-0.7941103133317361	-0.2664185488180847	0.9841900597305949	-0.0486736100324013	2.822331913495994
68331ff0427b551b68e911eebe35233b	02_前期期末解説	2158	99	0.558387	0	0	0	0	0	3	2.1192508199425677	-0.8153120461364214	-0.2664185488180847	1.735382472725538	-0.0486736100324013	2.8215763077460014
95688ba636a4720a85b3634acfec8cdd	シリウス21発展・付加冊子Vol.1	605	40	0.552066	0.019835	0.072727	0	0	0	3	2.084231507786174	-0.7835878178487831	-0.2664185488180847	1.735382472725538	-0.0486736100324013	2.8182812238772454
def130d0b67eb38b7a8f4e7121ed432c	改訂版 数学Ⅰ(327)	12122	83	0.690068	0.000247	0.000165	0	0	0	2	2.848783812201083	-0.8149169927264367	-0.2664185488180847	0.9841900597305949	-0.0486736100324013	2.800311940419558
63c3ddcc7b23daa1e42dc41f9a44a873	New Horizon 3 Unit 0-3	4456	92	0.753591	0.21544	0.017953	0.000898	0	0	1	3.2007110019037555	-0.4707359058647395	-0.23362048557979534	0.2329976467356519	-0.0486736100324013	2.778025867227274
34d94cf9ca228a78848313df32d668d1	a0203総合問題（22中間値の定理）解答例	412	64	0.135922	0.01699	0	0	0	0	6	-0.2212702542784161	-0.7881381293929389	-0.2664185488180847	3.9889597117103666	-0.0486736100324013	2.761806389253328
804741413d7fe0e515b19a7ffc7b3027	10_学習を広げる1_P263-271	329	46	0.270517	0	0	0	0	0	5	0.5244067461471184	-0.8153120461364214	-0.2664185488180847	3.2377672987154233	-0.0486736100324013	2.729117059940437
4eab60e55fe4c7dd567a0be28016bff3	[サクシード数A] 第2章 図形の性質	1774	50	0.305524	0.119504	0.105975	0.07159	0	0.059752	1	0.7183509101494712	-0.6241765695906217	2.3482956463145808	0.2329976467356519	-0.0486736100324013	2.7241412436414834
05a624166c8eb8273b8464e8d9cb5bd9	R03_2年夏休みの課題プリント(２年)	129410	131	0.138869	1.312194	0.001066	0.044201	0	0.033846	1	-0.20494342103606644	1.283419590549707	1.347954717546756	0.2329976467356519	-0.0486736100324013	2.70810214382845
adfe565bb7839b83ea8812e860d73c79	[サクシード数A] 第1章 場合の数と確率_旧	10737	151	0.304182	0.417435	0.060352	0.078607	0	0.061283	0	0.7109160237527175	-0.14766378622967447	2.604580735115334	-0.5181947662592911	-0.0486736100324013	2.698311816411487
9b8b50fb590c590ffbf1295ce92258dc	[サクシード数II] 第4章 三角関数	7681	108	0.205442	0	0.022133	0.070303	0	0.052988	2	0.16388123775013744	-0.8153120461364214	2.3012899588004623	0.9841900597305949	-0.0486736100324013	2.6827228201771747
d2a1e34d86293cb12f959f89dddf263e	サクシード数Ⅰ 第2章 集合と命題 (問＆解答)	45276	265	0.152862	0.017272	0.001767	0.097646	0	0.095459	1	-0.1274200489423445	-0.7876870967548186	3.2999508086050784	0.2329976467356519	-0.0486736100324013	2.6665149196759685
4c4e5249f45d8cf6a0387c58ac13f514	［STEP中1］第2章 文字と式	128647	357	0.18316	0.690012	0.042185	0.084052	0	0.091172	0	0.04043553082579572	0.2882976442699275	2.80345095152122	-0.5181947662592911	-0.0486736100324013	2.6626629703900537
cebd648f9146a6345d604ab093b02c73	改・青チャート数A 第4章 整数の性質（問＆解答）	14192	69	0.204693	1.00606	0	0.046082	0	0.04418	1	0.159731662555526	0.7937868755203199	1.4166553377596984	0.2329976467356519	-0.0486736100324013	2.6518451326035977
8909a6e385b0fbc1f3885c00ae838de7	［STEP中1］第3章 1次方程式	119411	391	0.271725	0.447153	0.012252	0.080931	0	0.049593	0	0.5310992519349562	-0.10013262332309326	2.689461246213089	-0.5181947662592911	-0.0486736100324013	2.650906718598063
e5afb0f2dbc6d39b312d7406054cb4c6	改サクシード数Ⅰ 第3章 2次関数	9664	40	0.883485	0.000828	0	0.007657	0	0.006416	0	3.92034373932546	-0.8139877375393876	0.013241551644700892	-0.5181947662592911	-0.0486736100324013	2.650076397203884
9969e5817467c11ff15639d0ed517c7a	03_後期中間解説（途中6-(2)まで）	828	75	0.256039	0	0	0	0	0	5	0.4441963994614251	-0.8153120461364214	-0.2664185488180847	3.2377672987154233	-0.0486736100324013	2.648906713254744
10cc088a48f313ab3b1f4e6e76353dd4	1005総合問題（9絵馬）解答例	338	60	0.118343	0	0	0	0	0	6	-0.3186606178913323	-0.8153120461364214	-0.2664185488180847	3.9889597117103666	-0.0486736100324013	2.63724210889693
37cfff3c04f95b22bcf166df586cd7a9	R4 冬休みの演習課題	10942	112	0.230031	0	0.003838	0.065253	0	0.060318	2	0.30010807948618606	-0.8153120461364214	2.1168465074047376	0.9841900597305949	-0.0486736100324013	2.6345062105174986
588e343066cf54ec3db5132231df7d68	［STEP中1］学年末問題	1689	62	0.101243	0.701599	0	0.0746	0	0.062759	1	-0.41339724783506454	0.3068299675958093	2.458231248037577	0.2329976467356519	-0.0486736100324013	2.633335224566375
7850206c848ca44eca2d53a5e8ea5d68	R6_1年春休みの演習課題A（２年生になる前の確認編）	16653	119	0.163094	0.288957	0.008347	0.083048	0	0.12154	1	-0.07073319528244583	-0.35315233686941244	2.766781401976406	0.2329976467356519	-0.0486736100324013	2.6245671265926007
78aa9cdf7ccc43360c7b8d362a07d223	10_一次関数Bライン解説	1177	84	0.250637	0	0.012744	0	0	0	5	0.4142684886452822	-0.8153120461364214	-0.2664185488180847	3.2377672987154233	-0.0486736100324013	2.618978802438601
e025b6279c1b88d3ec0eca6fcb6e6280	02_夏休み明けテスト部分解説	306	31	0.20915	0.114379	0.006536	0	0	0	5	0.184424128032673	-0.6323735279961749	-0.2664185488180847	3.2377672987154233	-0.0486736100324013	2.5720729599662384
69ec5030f78a9b735402d133317bf5f6	R03_2年冬休みの課題プリント（答えのみ）	599	35	0.377295	0	0	0	0	0	4	1.1159732883770503	-0.8153120461364214	-0.2664185488180847	2.486574885720481	-0.0486736100324013	2.5694911891754266
7cc538b1337957dae283c30ad46def38	02_前期期末	475	39	0.376842	0	0.185263	0	0	0	4	1.113463598706611	-0.8153120461364214	-0.2664185488180847	2.486574885720481	-0.0486736100324013	2.5669814995049873
9cb9ed4f35cf7c2f295cc2bc6f732a84	［STEP中1］第2章 文字と式	99320	130	0.271687	0.019815	0.01176	0.09702	0	0.089428	0	0.5308887260906369	-0.7836198059791462	3.2770871253231526	-0.5181947662592911	-0.0486736100324013	2.5548348892077537
d63036cfba56a5c3cb75ab14b33fe677	B問題解答	2062	79	0.232299	0.018429	0	0	0	0	5	0.31267314829977577	-0.7858365834133113	-0.2664185488180847	3.2377672987154233	-0.0486736100324013	2.5468589248162044
20c1945eae4b9868cbbfd09675f7d76e	[サクシード数II] 第6章 微分法と積分法	9612	96	0.162505	0.000104	0.000208	0.114024	0	0.108302	0	-0.07399634586939649	-0.8151457078585331	3.8981319664187786	-0.5181947662592911	-0.0486736100324013	2.5394687564639593
c563c2c394023a07d56ad6b3eb09537a	改・サクシード数Ⅱ_第3章 図形と方程式 	7544	51	0.765376	0.001591	0.001856	0.022269	0	0.013256	0	3.2660017144117597	-0.8127673903660341	0.5469222866534802	-0.5181947662592911	-0.0486736100324013	2.530635454472316
52fc2aee802efbad698503d28ebd3a1f	サクシード数Ⅰ 第1章 数と式 (問＆解答)	106599	429	0.191897	0.032805	0.000966	0.087196	0	0.088716	1	0.08883985455786533	-0.7628435153082905	2.918280696310954	0.2329976467356519	-0.0486736100324013	2.5259482923285823
fedf67d6f3d7341c1c1e8a54774987d3	［STEP中3］第4章 関数y=ax2	27722	113	0.40733	0.540004	0.002164	0.05281	0	0.045451	0	1.2823718076963484	0.04837387129427561	1.6623851478568152	-0.5181947662592911	-0.0486736100324013	2.5236096706205497
450f22a64f9498b7866afc9cb4437328	R6_1年冬休みの演習課題	33024	128	0.246003	0.396863	0.005239	0.08297	0	0.248456	0	0.38859541594591057	-0.1805667771211943	2.763932572430096	-0.5181947662592911	-0.0486736100324013	2.5024400550279227
012d9fe15b2493f21902cd55603382ec	R03夏休み課題プリント(解答)	19920	113	0.635542	0.000301	0.000402	0	0	0	2	2.5467013862179284	-0.8148306247744562	-0.2664185488180847	0.9841900597305949	-0.0486736100324013	2.498315882388384
738a6457be8432bab553e21b4235dd97	09_後期期末数学	934	64	0.210921	0.059957	0	0	0	0	5	0.1942357404087168	-0.7194164295272995	-0.2664185488180847	3.2377672987154233	-0.0486736100324013	2.4948416708111574
efcce1c8f8c7b18ffa9c63bf6a2713a7	二次方程式「二次方程式の利用11」（関数）解答	534	54	0.224719	0	0	0	0	0	5	0.27067878251185234	-0.8153120461364214	-0.2664185488180847	3.2377672987154233	-0.0486736100324013	2.4753890963051712
4f714c73db5191f3a71a380cba8843ed	未来へひろがる数学3	14149	42	0.877235	0.081702	0.033501	0.000141	0	0	0	3.8857177780887158	-0.6846373347899818	-0.26126874156129315	-0.5181947662592911	-0.0486736100324013	2.4702905455105513
f74d6ef882234fd34400a296b1da6149	R6_1年夏休みの演習課題	97765	135	0.231064	0.490677	0.148775	0.079783	0	0.091505	0	0.305831058359395	-0.030520054026840618	2.6475323190443185	-0.5181947662592911	-0.0486736100324013	2.4533221671499836
d604dd857d8434bd10c0f2fb2c8eef03	R6_2年夏休みの演習課題	136030	132	0.146159	1.150254	0.00089	0.062942	0	0.04921	0	-0.16455569984952786	1.024411698999409	2.032440801231367	-0.5181947662592911	-0.0486736100324013	2.4227756441543584
4d19b37a2c399deace9082d464930022	w18_0911「因数分解」	11121	82	0.00018	1.737074	0	0.038666	0	0.040284	1	-0.9733018111101176	1.9629754319841304	1.145797390125897	0.2329976467356519	-0.0486736100324013	2.417142267767963
2175f8c5cd9604f6b1e576b252d4c86e	自己評価３７三平方の定理	378	50	0.010582	0	0	0	0	0	6.5	-0.9156731313045794	-0.8153120461364214	-0.2664185488180847	4.364555918207838	-0.0486736100324013	2.415825801981154
033daef61ea8721921fbbeebb6f87313	徹底演習テキスト中3理科［問題］	6613	50	0.608196	0.038258	0.045516	0	0	0	2	2.395200340461127	-0.7541219515647819	-0.2664185488180847	0.9841900597305949	-0.0486736100324013	2.4075235098412566
25b07af81d8c74341f00dc139652fdb0	（解答２２～４７）R4 夏休みの演習課題	4684	81	0.345218	0	0.001921	0	0	0	4	0.9382617750024833	-0.8153120461364214	-0.2664185488180847	2.486574885720481	-0.0486736100324013	2.39177967580086
2297607a5db8576d5ad6bbd83696ff60	3年数学3年6章「円の性質」演習2一問一答演習	19773	108	0.221615	1.221666	0.00263	0.046326	0	0.057149	0	0.2534821451232357	1.1386285172740158	1.4255670609558484	-0.5181947662592911	-0.0486736100324013	2.3481565671262103
6fec24eac8f18ed793f5eaad3dd7977c	シリウス21発展中2[解答]	14409	66	0.879589	0.000139	0.005413	0	0	0	0	3.898759300128923	-0.8150897286303976	-0.2664185488180847	-0.5181947662592911	-0.0486736100324013	2.3477298664535513
cb463625fc9dde2d82207e15bde1b674	w30_1120「二次方程式」	6312	93	0	1.698986	0.000317	0.038181	0	0.03929	1	-0.9742990387937359	1.902057236520578	1.1280835141007628	0.2329976467356519	-0.0486736100324013	2.337512968595658
6d4f95bf53bba28f148641c8561dbf98	⑬12月14日	6999	35	0.039148	1.671096	0	0.054008	0	0.021717	0	-0.7574130979143657	1.8574497887291868	1.706140247811682	-0.5181947662592911	-0.0486736100324013	2.336655782399614
841b60e20ff680b0d59aa9d6902fe289	（一時的）前期期末解説	487	39	0.199179	0	0	0	0	0	5	0.12918325451402068	-0.8153120461364214	-0.2664185488180847	3.2377672987154233	-0.0486736100324013	2.3338935683073396
9fb640ea6abe0e849c8c1fd6eea97c22	0207 関数y=ax2「式・交点・三角形の面積」	6832	114	0.832699	0.153396	0	0	0	0	0	3.638981488546373	-0.5699694838772545	-0.2664185488180847	-0.5181947662592911	-0.0486736100324013	2.333072299624144
2e3d2c4f33a7a1f58bc6c81cacd21e9c	解答［STEP中1］第7章 資料の整理とその活用	4291	70	0.864134	0.043347	0.002797	0	0	0	0	3.8131362231827017	-0.7459825717938824	-0.2664185488180847	-0.5181947662592911	-0.0486736100324013	2.3312139463438455
1764183ef03fc7324eb58c3842bd9a57	1010練習③④解答	355	50	0.191549	0.014085	0.019718	0	0	0	5	0.08691188103620334	-0.7927844053281841	-0.2664185488180847	3.2377672987154233	-0.0486736100324013	2.3141498356377594
cf5530d9e441e0d78574353214373569	未来へひろがる数学3	20571	38	0.851587	0.075738	0.016139	0	0	0	0	3.743623913480713	-0.6941761952642684	-0.2664185488180847	-0.5181947662592911	-0.0486736100324013	2.3135080131714707
1e932f24dc0aa4e7a6ac2beec387416d	春課題B（入試問題編）	11275	98	0.107228	0.242483	0	0.064124	0	0.058537	2	-0.38023942735475824	-0.4274831553942275	2.0756115258946832	0.9841900597305949	-0.0486736100324013	2.3007526129086937
227e072d131ba77451d8f27ab9afdfb7	徹底演習テキスト中1理科［解答］	1488	37	0.587366	0.030914	0.009409	0	0	0	2	2.2797989368513063	-0.7658679930341248	-0.2664185488180847	0.9841900597305949	-0.0486736100324013	2.2803760647620934
1e69276e3d5650de297e980aa4f59671	未来へひろがる数学3	24187	51	0.859263	0.021582	0.001985	0.000248	0	0	0	3.786150134033233	-0.7807936546615633	-0.2573607317990471	-0.5181947662592911	-0.0486736100324013	2.2784745913457334
c92383002f757cddd52df84e68894b5e	自由研究　事例集	4404	112	0.469119	0	0.029973	0.070391	0.664516	0	2	1.6246923707134986	-0.8153120461364214	2.3045040229039917	0.9841900597305949	1.8304892702291065	2.2675851369825573
e3b21256183cf7c2c7a66be163579d37	比例のグラフ（ペア練習プリント）	1898	72	0.865121	0	0.004215	0	0	0	0	3.818604354981209	-0.8153120461364214	-0.2664185488180847	-0.5181947662592911	-0.0486736100324013	2.2673526037998135
2bcb8d4c5956c9aa0345824df34c0d81	（解答２２～４６）R5 夏休みの演習課題	4111	88	0.32109	0.003892	0	0	0	0	4	0.8045889441672567	-0.8090871559677555	-0.2664185488180847	2.486574885720481	-0.0486736100324013	2.264331735134299
4fd31a77f882ecb871a3f0fb44e1a4d0	冬休み明けテスト 兼 2年1章Blineテスト  問題用紙	1312	66	0.160061	0.090701	0	0	0	0	5	-0.08753648175141296	-0.6702442755330894	-0.2664185488180847	3.2377672987154233	-0.0486736100324013	2.2622416026452377
5e2474f1e2b6e1e2a6985974062b664c	冬休み明けテスト 兼 2年1章Blineテスト_模範解答	695	76	0.018705	0.109353	0.010072	0	0	0	6	-0.8706704620044078	-0.6404121451564304	-0.2664185488180847	3.9889597117103666	-0.0486736100324013	2.2601321657638453
d644c7cbbb1064491c3b1334c99b25c8	09_後期期末解説	1126	83	0.31794	0	0	0	0	0	4	0.7871374597039377	-0.8153120461364214	-0.2664185488180847	2.486574885720481	-0.0486736100324013	2.240655360502314
0ef41260a5b096182ee7e45b942cd46d	6章自己評価シート	559	60	0.007156	0.135957	0	0	0	0	6	-0.9346536982161132	-0.5978615341473894	-0.2664185488180847	3.9889597117103666	-0.0486736100324013	2.2386995405611807
8f94eafb14366ce488946e40d8b4694e	春課題A（解答）	2277	112	0.176987	0.013614	0	0	0	0	5	0.006236161431488272	-0.7935377257982359	-0.2664185488180847	3.2377672987154233	-0.0486736100324013	2.2327207955629924
8d0eadf72c6ac3576d8abc9a2ff0b6ad	春課題B（入試問題編）	8771	83	0.18527	0.011287	0.002052	0.06054	0	0.059856	2	0.05212525533932058	-0.7972595447659866	1.944711460587301	0.9841900597305949	-0.0486736100324013	2.2324408409236316
be767243ca8f574c740fb4c26cc6dceb	シリウス21発展中3[解答]	5123	36	0.85692	0	0.00039	0	0	0	0	3.7731695536848027	-0.8153120461364214	-0.2664185488180847	-0.5181947662592911	-0.0486736100324013	2.221917802503407
d339a8932df05de23ae3d9e29df4b25f	w35-2_1220「二次方程式」	9315	84	0	1.725174	0	0.033709	0	0.020827	1	-0.9742990387937359	1.9439424944180657	0.964750620112311	0.2329976467356519	-0.0486736100324013	2.216065332504694
338635ee18f8b0f626818a216642c9a4	12シリウス国語発展vol2_解答64	1360	55	0.448529	0	0	0	0	0	3	1.5106206040151684	-0.8153120461364214	-0.2664185488180847	1.735382472725538	-0.0486736100324013	2.2129460918186017
46d045ff5190f6ea93739da6c0aa19bc	No.20解答例	340	57	0.311765	0	0.164706	0	0	0	4	0.7529270100020345	-0.8153120461364214	-0.2664185488180847	2.486574885720481	-0.0486736100324013	2.206444910800411
67fe0f66449e31fdafdc3505c37d6acb	シリウス21発展中3英語_解答	7224	75	0.716501	0.006645	0	0	0	0	1	2.9952266975404207	-0.80468398982327	-0.2664185488180847	0.2329976467356519	-0.0486736100324013	2.205795415667119
2a7550fa14704e90f8a12992cf7499bb	【問題編】シリウス	4247	36	0.835178	0.063103	0	0	0	0	0	3.6527155298113154	-0.7143846966211784	-0.2664185488180847	-0.5181947662592911	-0.0486736100324013	2.202391128145163
dc6e224a8d74ce03bf301152d6e33e97	未来へひろがる数学3	14493	119	0.801076	0.085421	0.050369	0.004002	0	0	0	3.4637852049960434	-0.678689141948957	-0.12025167901893775	-0.5181947662592911	-0.0486736100324013	2.1953232278012593
5a499f6e26313e19bd4049009bbed5bd	25_週末課題No25	350	48	0.308571	0	0	0	0	0	4	0.7352317587716085	-0.8153120461364214	-0.2664185488180847	2.486574885720481	-0.0486736100324013	2.188749659569985
d0cffa36e832b65fe145a6e9360bda83	自由研究　レポートの書き方	622	39	0.44373	0	0	0	0	0	3	1.484033405939147	-0.8153120461364214	-0.2664185488180847	1.735382472725538	-0.0486736100324013	2.18635889374258
394868456436dbe743e4380554c0493a	改サクシード数Ⅰ 第1章 数と式mixR	9172	113	0.701047	0.018099	0.00109	0.001308	0	0	1	2.909609160747997	-0.7863643875643032	-0.2186458687338058	0.2329976467356519	-0.0486736100324013	2.186270161217941
f3adde26e4fd2dcbfbc56c48396a6d23	w16_0904「展開」	10637	87	0.000188	1.712983	0	0.033374	0	0.058005	1	-0.9732574898797346	1.924444129555217	0.9525152624454658	0.2329976467356519	-0.0486736100324013	2.1853731588890017
6c7a107981f9c2a0ed55efce297bd1e2	R6_1年春休みの演習課題B（入試問題編）	13860	118	0.155628	0.446104	0.003535	0.065224	0	0.05469	1	-0.11209598353741101	-0.10181040076063969	2.1157873271888015	0.2329976467356519	-0.0486736100324013	2.1835521996588043
7de32147a4f1055bed9e4faf3485a84d	［問題］改・サクシード数Ⅰ_第1章 数と式	445	30	0.197753	0	0.026966	0.098876	0	0.031461	0	0.12128299519824522	-0.8153120461364214	3.344874659143047	-0.5181947662592911	-0.0486736100324013	2.1813244519779813
19f01591b6ca3ba03f1aedc8db12cdb9	2年2章単元のまとめ	457	43	0.170678	0	0	0	0	0	5	-0.028716668879330873	-0.8153120461364214	-0.2664185488180847	3.2377672987154233	-0.0486736100324013	2.175993644913988
ca3445d71de0ef386033037868c58d92	春休み課題について	853	98	0	0.119578	0.009379	0	0	0	6	-0.9742990387937359	-0.6240582135082782	-0.2664185488180847	3.9889597117103666	-0.0486736100324013	2.1728575206226695
f19fec2f129fbdba76493451275c883a	w29_1113「二次方程式」	10490	94	0	1.786082	0	0.029838	0	0.030315	1	-0.9742990387937359	2.0413591466259544	0.8233683230127362	0.2329976467356519	-0.0486736100324013	2.172099687613008
243be2818a23c980ad664f30f48e5d19	改・サクシード数Ⅱ_第4章 三角関数 	3452	42	0.78679	0	0.001159	0.008691	0	0.002317	0	3.3846385678395428	-0.8153120461364214	0.05100680486117217	-0.5181947662592911	-0.0486736100324013	2.150812170337404
b95589ace5256d2cc7a706bbe4ab9f13	ELEMENT U4 Scene(2),3,4	5597	51	0.157227	0.518492	0.17831	0.106843	0.327759	0.328748	0	-0.10323727761460227	0.013967438275688287	3.6358570308796296	-0.5181947662592911	0.8781852563780864	2.150207168903338
51db672ac302a163017367f46d48f602	2021数学夏課題「自由研究」1レポートの書き方	1050	89	0.435238	0	0	0	0	0	3	1.4369864198875577	-0.8153120461364214	-0.2664185488180847	1.735382472725538	-0.0486736100324013	2.139311907690991
601ac804ce8eac52499a1cde96bae911	13_週末課題no.13	324	48	0.16358	0	0	0	0	0	5	-0.06804068053667651	-0.8153120461364214	-0.2664185488180847	3.2377672987154233	-0.0486736100324013	2.136669633256642
f5a14d4963acf488e3a24780a84ac96c	改［STEP中3］第4章 関数y=ax2	26707	284	0.147078	0.107088	0.00498	0.079979	0	0.078406	1	-0.15946429850927712	-0.6440348009200555	2.6546909163658157	0.2329976467356519	-0.0486736100324013	2.132863073704536
2aec405d4b5959235c49ec1d78edb0c2	w05_0508「一次関数」	13804	106	0.000724	1.6388	0.002173	0.055636	0	0.109823	0	-0.9702879674440714	1.8057953558187978	1.7656004337269773	-0.5181947662592911	-0.0486736100324013	2.1315866658748144
1796a48fa1968edd5c5d10d42c7b1813	01_前期中間数学解説	2397	95	0.297872	0	0	0	0	0	4	0.6759576532881005	-0.8153120461364214	-0.2664185488180847	2.486574885720481	-0.0486736100324013	2.129475554086477
58f1e2bfc0c0c182f1afdab7cae02402	R03_2年冬休みの課題プリント（答えのみ）	715	35	0.296503	0	0	0	0	0	4	0.6683731827388041	-0.8153120461364214	-0.2664185488180847	2.486574885720481	-0.0486736100324013	2.1218910835371805
a7c20df233e5af0c709cb37d7f5ba3fd	2月15日週末課題コロナ過の中学1年生　日曜の20：00までには読んで黄色マーカーを引こう	604	41	0.006623	0.056291	1.067881	0	0	0	6	-0.9376066001903828	-0.725279853822862	-0.2664185488180847	3.9889597117103666	-0.0486736100324013	2.108328318911439
310366dd6f1a67639b870efe6ca3613d	w23_1009「平方根」	7318	67	0	1.78628	0	0.027876	0	0.02487	1	-0.9742990387937359	2.0416758291165498	0.751709302886318	0.2329976467356519	-0.0486736100324013	2.100757349977185
494ba9ff03bdad881378a6fd4092a6c7	［STEP中3］第2章 平方根	28598	108	0.565424	0.127701	0.009022	0.035177	0	0.03189	0	2.1582368822182434	-0.6110662343612911	1.0183670531120979	-0.5181947662592911	-0.0486736100324013	2.0960165447421604
415185ea244ea2b2bedeb0449b926802	シリウス21発展中2英語_解答	13034	105	0.69779	0.000153	0.001228	0	0	0	1	2.891564879828305	-0.8150673369391435	-0.2664185488180847	0.2329976467356519	-0.0486736100324013	2.0917502508391306
03e4d3f831100d4355663f3d425d716b	R4 冬休みの演習課題解答例（17-27）	3462	82	0.289717	0	0.003755	0	0	0	4	0.6307776990663966	-0.8153120461364214	-0.2664185488180847	2.486574885720481	-0.0486736100324013	2.084295599864773
bf5d232e6c54a84b97769a91adb1642f	R4冬休みの課題 解答例	13535	120	0.287403	0.003399	0.000591	0	0	0	4	0.6179577831781045	-0.8098756633812066	-0.2664185488180847	2.486574885720481	-0.0486736100324013	2.076912066731696
9b3bb5b0a98eab0be3348611b699e3a7	ELEMENT U8 Day 1	1081	39	0.251619	0.035153	0.418131	0.12766	0.536232	0.051804	0	0.4197089196747994	-0.7590881088036585	4.396165808642958	-0.5181947662592911	1.467719177512803	2.0708726757420046
eba55fca4575e35eec8587f10ba60a43	03_後期中間数学	432	34	0.287037	0	0.039352	0	0	0	4	0.6159300868880805	-0.8153120461364214	-0.2664185488180847	2.486574885720481	-0.0486736100324013	2.069447987686457
5e9d17e41f784ae361ada1d0817186f6	改・青チャート数Ⅱ 第5章 指数関数と対数関数 (問＆解答）	3093	38	0.171031	0.061752	0.009699	0.055933	0	0.0527	2	-0.0267609945886796	-0.7165454948272081	1.776447900076389	0.9841900597305949	-0.0486736100324013	2.0660050804234977
af8d9c4e238c63fb074b44eb6aed80ae	青チャート数Ⅰ 第1章 数と式mixR	1639	48	0.447224	0.008542	0.006101	0.057352	0	0.025625	0	1.5033907033089362	-0.8016499156583267	1.828274683745802	-0.5181947662592911	-0.0486736100324013	2.060494315169522
dca49d1a5928cb1c1ac064e9137c8b0f	改・未来へひろがる数学3_入試問題	2061	75	0.826783	0.002426	0.003882	0	0	0	0	3.606205938678121	-0.8114318859233731	-0.2664185488180847	-0.5181947662592911	-0.0486736100324013	2.058834347709774
7aee5d5dfa97b2516e5f639672c7e199	w22_1002「対称式」	5764	63	0	1.80916	0.001735	0.025677	0	0.024983	1	-0.9742990387937359	2.0782702502519754	0.6713942237538031	0.2329976467356519	-0.0486736100324013	2.057036691980096
9bd5ee6fe55aaeb673025dbcb8f939c1	GW中の宿題（数学）	47828	127	0.133436	0.000293	0.552731	0.10521	0	0.14895	0	-0.23504307661994342	-0.8148434200266015	3.5762142276857247	-0.5181947662592911	-0.0486736100324013	2.05680657481229
e464656edca5e58850f8cec98cbb979b	Ｃ問題：数Ⅰ（展開・因数分解練習問題）	6514	113	0.254836	0.022874	0.009518	0.023795	0	0.017501	3	0.4375315944425765	-0.7787272214401048	0.6026570800851389	1.735382472725538	-0.0486736100324013	2.04551753584555
bd48f59a9f04aefd7708058b717453af	春休み課題解答例	11023	118	0.282591	0	0.00127	0	0	0	4	0.5912985631027101	-0.8153120461364214	-0.2664185488180847	2.486574885720481	-0.0486736100324013	2.0448164639010864
b5d3ad899f70013367f24e0b1fa75944	改［STEP中3］第7章 三平方の定理	43799	226	0.139204	0.471289	0.003128	0.06281	0	0.064157	1	-0.20308746951377693	-0.06152934760086288	2.0276197050760727	0.2329976467356519	-0.0486736100324013	2.0446741447294863
85451bcd52e72bcd342be6c34f4ac0d8	R6_3年冬休みの演習課題	11012	123	0.427261	0.091264	0.002089	0.056211	0	0.046858	0	1.3927926130418762	-0.6693438096633673	1.7866014207670844	-0.5181947662592911	-0.0486736100324013	2.040529067918704
0ad5292c158f3924f8b480367fcbeb94	[サクシード数II] 第5章 指数関数と対数関数	10493	102	0.132279	0.20223	0.000381	0.075479	0	0.070809	1	-0.24145303456408948	-0.4918640659695896	2.4903353656171503	0.2329976467356519	-0.0486736100324013	2.0386895218515244
c1bb2ec7a913e32a2d05cacf3b83cd1b	1021総合問題（12内接四角形③）	343	110	0.008746	0	0.002915	0	0	0	6	-0.9258448536774855	-0.8153120461364214	-0.2664185488180847	3.9889597117103666	-0.0486736100324013	2.0300578731107763
d18c255f89434eab3211813c0e765c6b	R03_2年夏休みの課題プリント解答	23726	124	0.528492	0.075276	0.002866	0	0	0	2	1.9536279221549728	-0.6949151210756568	-0.2664185488180847	0.9841900597305949	-0.0486736100324013	2.0251579220242277
8a47481ae534860850adf59f145e6b40	春課題B（入試問題編）解答例	6250	79	0.27904	0	0	0	0	0	4	0.5716254769664417	-0.8153120461364214	-0.2664185488180847	2.486574885720481	-0.0486736100324013	2.025143377764818
de58bfe3d33dada41a9398c30e21eeed	1203解答二次方程式（利用No6-2）	672	71	0.142857	0	0.00744	0	0	0	5	-0.18284928769012457	-0.8153120461364214	-0.2664185488180847	3.2377672987154233	-0.0486736100324013	2.021861026103194
bef5b4d93c3ae02ace550506a9a936de	R6toR7 春休みの演習課題[AI先生未設定版]	1692	35	0.758274	0.21513	0	0	0	0	0	3.226655542139223	-0.47123172188536805	-0.2664185488180847	-0.5181947662592911	-0.0486736100324013	2.019484115208881
2316788c9a61179830bbe49c5e767369	令和5年度　後期期末テスト(数学)模範解答	1003	109	0.000997	0.01994	0.000997	0	0	0	6	-0.9687755054572504	-0.7834198801643766	-0.2664185488180847	3.9889597117103666	-0.0486736100324013	2.0190193873030564
933596b8ed665b3c5c6ed32079b2d20e	12シリウス国語発展vol1_解答59	1129	31	0.412755	0	0	0	0	0	3	1.3124271420498423	-0.8153120461364214	-0.2664185488180847	1.735382472725538	-0.0486736100324013	2.014752629853276
774412967f19ea61d448977ad9749078	40_確率・箱ひげ図Bライン解説	699	62	0.276109	0	0	0	0	0	4	0.555387286184858	-0.8153120461364214	-0.2664185488180847	2.486574885720481	-0.0486736100324013	2.008905186983234
0dbcf39d413231953d442f2f17f80cd5	［STEP中1］第4章 比例と反比例	77708	373	0.200044	0.629832	0.013782	0.066209	0	0.070083	0	0.13397548754918612	0.19204536000725655	2.1517629310748987	-0.5181947662592911	-0.0486736100324013	2.0082626224044517
8ca01ea920679a0fe3728441494041b9	w25_1023「平方根」	13485	74	0	1.843382	0	0.022544	0	0.023433	1	-0.9742990387937359	2.1330051401163344	0.5569662369770098	0.2329976467356519	-0.0486736100324013	1.997343595067661
cc42acc8ce334185e0193753adb6cb77	新・サクシード数Ⅰ_第３章 ２次関数	90387	44	0.744421	0.074391	0.006859	0.007368	0	0.01321	0	3.149907791577204	-0.6963305958442255	0.0026862729410643714	-0.5181947662592911	-0.0486736100324013	1.9867423124471528
a9986cb066812f440bc2bb6e3c13696c	［STEP中2］第6章 確率	16376	89	0.493527	0.064607	0.020274	0.045799	0	0.038959	0	1.7599164446121311	-0.7119791892178708	1.4063191997903934	-0.5181947662592911	-0.0486736100324013	1.9847352989577638
c54d2118d6a3a2b06f07e9eeb240d741	改訂版サクシード 数B 第1章 平面上のベクトル (問＆解答)	20748	176	0.172884	0.00588	0.007422	0.076393	0	0.076923	1	-0.016495089601209555	-0.80590753580966	2.5237178041469903	0.2329976467356519	-0.0486736100324013	1.9829864355041738
030862565f5882a522a10504b2c90dc9	1211二次方程式　etime（式の整理・置き換え）	6684	112	0.753441	0.201526	0	0	0	0	0	3.1998799788340735	-0.49299004815837194	-0.2664185488180847	-0.5181947662592911	-0.0486736100324013	1.9709502256307274
d90d801833a681b169e4f86c64784cdd	春課題A解答（２年生になる前の確認編）	853	90	0.133646	0	0	0	0	0	5	-0.2338796443223889	-0.8153120461364214	-0.2664185488180847	3.2377672987154233	-0.0486736100324013	1.9708306694709294
587b7b833034299fdd5f4b10e7dc9fca	シリウス21発展中2英語	44069	121	0.636275	0.136082	0.121696	0	0	0	1	2.5507623189517736	-0.5976616083326197	-0.2664185488180847	0.2329976467356519	-0.0486736100324013	1.9683534185691223
06358599b7afb2506e063c1ea0a09fbd	1203二次方程式（利用No6-2）	4569	116	0.791858	0.06566	0	0	0	0	0	3.4127160672871937	-0.7102950141542518	-0.2664185488180847	-0.5181947662592911	-0.0486736100324013	1.9664813480879675
ad0f7a25211abc3889cb0f420c85e671	変化と対応Bライン解説	1512	78	0.537698	0.005291	0.041005	0	0	0	2	2.004630578018248	-0.8068495862488542	-0.2664185488180847	0.9841900597305949	-0.0486736100324013	1.9642261127143055
0ac60fb446a982fcac0ae0e3b4d9532c	0214 関数y=ax2「変域についての習熟を図る」	662	39	0.495468	0.141994	0	0	0	0	2	1.7706698831338146	-0.5882059169972773	-0.2664185488180847	0.9841900597305949	-0.0486736100324013	1.9489090870814487
e7d81336a1915eff69e6eb7f32cf1e77	1010練習①②解答	379	64	0.129288	0	0.002639	0	0	0	5	-0.2580236345735459	-0.8153120461364214	-0.2664185488180847	3.2377672987154233	-0.0486736100324013	1.9466866792197728
422f010441436ae9511d3e04a6d0d186	No.17	302	70	0.129139	0	0	0	0	0	5	-0.2588491174894298	-0.8153120461364214	-0.2664185488180847	3.2377672987154233	-0.0486736100324013	1.9458611963038888
45e442e4bb8e231b3ca90055fa548bee	徹底演習テキスト中3理科[解答]R6	13538	98	0.806545	0.000443	0.001625	0	0	0	0	3.4940843061166436	-0.814603509048878	-0.2664185488180847	-0.5181947662592911	-0.0486736100324013	1.9435410920227911
d9d347f57ae11f34235b4555710547d8	w24_1016「平方根」	11877	68	0	1.791446	0	0.023322	0	0.039741	1	-0.9742990387937359	2.0499383631893475	0.585381485528668	0.2329976467356519	-0.0486736100324013	1.9426920666923324
a13e00b0854808128933f99f4955f338	［STEP中1］第7章 資料の整理とその活用	8226	162	0.14211	0.579626	0.044007	0.054583	0	0.050571	1	-0.18698778257714038	0.11174555635668074	1.7271412348517894	0.2329976467356519	-0.0486736100324013	1.9335702653993827
3f78fa1cdb0e2fda88c2a935950ffdf1	07_後期中間数学再 (生徒解答例）	535	74	0.379439	0.063551	0	0	0	0	3	1.1278513781197033	-0.7136681625010441	-0.2664185488180847	1.735382472725538	-0.0486736100324013	1.9318207495585138
4670c07872d5314c6ad6ffa633d4a059	w27_1030「平方根」	67292	114	0.013999	1.827676	0.000149	0.019259	0	0.017714	1	-0.8967424257772266	2.107884861342165	0.43698668493048354	0.2329976467356519	-0.0486736100324013	1.929800377263475
01846ae470651e97d2f73fce979406a9	解答［STEP中3］第7章 三平方の定理	8095	78	0.660408	0.018777	0	0.000247	0	0	1	2.684462850555989	-0.7852799899449928	-0.25739725525476903	0.2329976467356519	-0.0486736100324013	1.9234568621242805
59378da7650a0c665518961273af6b05	04_前期期末数学解答例	463	78	0.190065	0	0	0	0	0	4.5	0.07869029280015087	-0.8153120461364214	-0.2664185488180847	2.8621710922179524	-0.0486736100324013	1.9078044000959984
3d387d2612f9027154ed3b99a7427da1	w15_0828「西京高校入試問題」	10433	62	0	1.761909	0	0.023579	0	0.03834	1	-0.9742990387937359	2.0026966928625525	0.5947680136492028	0.2329976467356519	-0.0486736100324013	1.9048369244860723
837a7924b8c0aa866e41b2721f66135c	春課題A（２年生になる前の確認編）	6564	107	0.110756	0.270719	0.035192	0.051493	0	0.039458	2	-0.3606937647558409	-0.3823223129475546	1.6142837566710386	0.9841900597305949	-0.0486736100324013	1.9041313487306393
621765159ee1ea4299c0df3e1d29034b	二次方程式「二次方程式の利用8」（共通解）解答例	326	55	0.119632	0	0	0	0	0	5	-0.3115193596458662	-0.8153120461364214	-0.2664185488180847	3.2377672987154233	-0.0486736100324013	1.8931909541474525
00989c20ff1386dc386d8124ebcba1a5	二次方程式「二次方程式の利用10」（４次方程式）	326	56	0.119632	0	0	0	0	0	5	-0.3115193596458662	-0.8153120461364214	-0.2664185488180847	3.2377672987154233	-0.0486736100324013	1.8931909541474525
63a8f9e307f0bf4473c24dd4db17cebd	解答［STEP中1］第3章 1次方程式	16085	97	0.796332	0.000995	0.000684	0	0	0	0	3.4375027153789053	-0.8137206366508556	-0.2664185488180847	-0.5181947662592911	-0.0486736100324013	1.8878423736830754
dfd786998e082758be12670d856df755	改［STEP中2］第3章 1次関数	27585	271	0.183796	0.22389	0.005003	0.06257	0	0.061881	1	0.0439590686412468	-0.45722092078631515	2.0188540757028104	0.2329976467356519	-0.0486736100324013	1.887263480325795
65586803f1435736f42a541d3a924595	AI推薦チェックテスト（外進10月30,31日実施）	17660	95	0.073386	1.506569	0.000113	0.043715	0	0.042469	0	-0.5677293121825819	1.5943042325164176	1.3302043180659	-0.5181947662592911	-0.0486736100324013	1.8872580821728462
f23d125da1e29e34c552f448610ff25f	青チャート数Ⅱ_第2章 複素数と方程式mixR	6055	51	0.287201	0.861437	0	0.018827	0	0.017506	1	0.6168386721109327	0.5624759066449418	0.4212085520586117	0.2329976467356519	-0.0486736100324013	1.8821943875825393
0baf163c24ed14b515aaf57a9de5501c	AI推薦チェックテスト（外進10月23,24日実施）	26494	86	0.069223	1.514683	0.000679	0.043331	0	0.042274	0	-0.5907929724431525	1.6072818170047412	1.3161793110686808	-0.5181947662592911	-0.0486736100324013	1.8631469994033798
e4a93f0332b2519177ed55741ea4e5e7	［STEP中1］第1章 正の数と負の数	148974	131	0.239934	0.04676	0.00878	0.081652	0	0.076966	0	0.3549722225465825	-0.7405237973474136	2.7157946577885976	-0.5181947662592911	-0.0486736100324013	1.860721926760877
96bda159871048d8a36f197dfce668a4	2年連立方程式Bライン解説	1005	84	0.241791	0.025871	0	0	0	0	4	0.36526028814924394	-0.7739338001051892	-0.2664185488180847	2.486574885720481	-0.0486736100324013	1.8601564349788522
3bc3e78c17d35e74ecfae5e475d960d7	⑫12月7日	6597	31	0.017887	1.75595	0	0.040321	0	0.027588	0	-0.8752023078110729	1.9931658294208563	1.2062437093456844	-0.5181947662592911	-0.0486736100324013	1.8546860747285778
77ec6f21c85b637cc42bb997841e11a6	青チャート数Ⅱ_第1章 式と証明mixR	14822	73	0.265956	1.033329	0.004048	0.013763	0	0.0112	1	0.4991381046749919	0.8374010918639353	0.2362537722827796	0.2329976467356519	-0.0486736100324013	1.8544642255897599
2ea1202aed1e0ce30d41be4919b0cc99	w28_1106「平方根」	21253	96	0.000282	1.830283	0.006117	0.019103	0	0.018727	1	-0.972736715422734	2.1120545141349996	0.4312890258378631	0.2329976467356519	-0.0486736100324013	1.8522780813181818
3332880692313818482a5a0286608ab6	サクシード数 A 第1章 場合の数と確率 (問＆解答)	187265	533	0.243302	0.009644	0.003594	0.06195	0	0.061992	1	0.37363146053783913	-0.7998873696753181	1.9962095331552165	0.2329976467356519	-0.0486736100324013	1.8516248807857905
5ecf33fd9caf42c3bd39a3d9ee5f9ca3	改・青チャート数Ⅲ 第4章 極限 (問＆解答)	11002	70	0.159153	0	0	0.075077	0	0.072714	1	-0.09256694139988728	-0.8153120461364214	2.475652936416936	0.2329976467356519	-0.0486736100324013	1.8494452056486805
68a15b5278e4f7c4c056df9d5f1d3b1f	0207解答二次関数 （演習 習熟を図る④）	539	71	0.111317	0	0	0	0	0	5	-0.35758573847523073	-0.8153120461364214	-0.2664185488180847	3.2377672987154233	-0.0486736100324013	1.8471245753180876
bb073f2855d769be5bf191f6378f7150	［STEP中2］第5章 三角形と四角形 	45052	116	0.451745	0.184098	0.002442	0.043061	0	0.053494	0	1.5284377386291477	-0.5208645049568071	1.3063179780237608	-0.5181947662592911	-0.0486736100324013	1.8443700554692117
8be6adae5ae0e157014d7d250870f212	R4 GW課題（解答例）	2045	112	0.242543	0	0	0	0	0	4	0.369426483805249	-0.8153120461364214	-0.2664185488180847	2.486574885720481	-0.0486736100324013	1.8229443846036253
b9e255d57bdc3d30828bfd835b86749c	サクセスコーチ英語3年（解答）	1582	45	0.774336	0.030341	0	0	0	0	0	3.315641492440757	-0.7667844529690286	-0.2664185488180847	-0.5181947662592911	-0.0486736100324013	1.8129173344267537
c6d6445d97e06d08b60853156601cf58	令和２年度自然研究の手引き	5283	105	0.777588	0.018929	0.024607	0	0	0	0	3.3336580725914593	-0.7850368801542331	-0.2664185488180847	-0.5181947662592911	-0.0486736100324013	1.8126814873922517
6fd86e0ad726b778e37cf270fa0247d7	37_週末課題No37	926	49	0.238661	0	0	0	0	0	4	0.3479196067618825	-0.8153120461364214	-0.2664185488180847	2.486574885720481	-0.0486736100324013	1.8014375075602587
a1f69f6000f7a8b5883b7134fcf8d558	R6_3年夏休みの演習課題解答	41891	123	0.776897	0.012127	0.008832	0	0	0	0	3.3298298263171247	-0.795916043290735	-0.2664185488180847	-0.5181947662592911	-0.0486736100324013	1.7979740779814153
2cc18398df2e6692fffc29a610cb72e3	【問題編】シリウス	3340	35	0.731138	0.168263	0	0	0	0	0	3.076317928679976	-0.5461911071718186	-0.2664185488180847	-0.5181947662592911	-0.0486736100324013	1.7941871164631833
7bcd91571fc1119e87d81e1054255e73	R03_2年冬休みの課題プリント（答えのみ）	980	35	0.334694	0.130612	0	0	0	0	3	0.8799571964336037	-0.606410361986937	-0.2664185488180847	1.735382472725538	-0.0486736100324013	1.7911843683865214
fc325d4b598aaede18b53dca4ecfcb9c	NEW HORIZON 3	6166	73	0.777814	0.001622	0.006487	0	0	0	0	3.33491014734978	-0.8127178087639713	-0.2664185488180847	-0.5181947662592911	-0.0486736100324013	1.7862526335408344
fdd5b16fc8134339089ef25b3cf0e588	15_週末課題no.15	329	46	0.100304	0	0	0	0	0	5	-0.418599452251273	-0.8153120461364214	-0.2664185488180847	3.2377672987154233	-0.0486736100324013	1.7861108615420453
586ee5cb5f17541372cdd7d54b6414d7	R4 冬休みの演習課題解答例（1-16まで）※6(1)修正済	3291	87	0.235795	0	0	0	0	0	4	0.332041525977161	-0.8153120461364214	-0.2664185488180847	2.486574885720481	-0.0486736100324013	1.7855594267755373
5112277ea658f7138694f079042cc3bb	60_平方根Bライン	591	55	0.235195	0	0	0	0	0	4	0.3287174336984335	-0.8153120461364214	-0.2664185488180847	2.486574885720481	-0.0486736100324013	1.7822353344968096
3c8a49145944fed2bbcaade178a426c4	⑫12月7日	6277	33	0.035686	1.718337	0	0.037279	0	0.025171	0	-0.7765931103626231	1.933007352053428	1.0951393570395858	-0.5181947662592911	-0.0486736100324013	1.7820324425035012
1cd035a313edec52ac8f69c27aba683f	10_図形と相似解答例	476	66	0.098739	0	0	0	0	0	5	-0.42726979294495376	-0.8153120461364214	-0.2664185488180847	3.2377672987154233	-0.0486736100324013	1.7774405208483646
f419f44d19be2787d4830e3bd79dd43f	【解答編】シリウス	2413	32	0.776627	0	0	0	0	0	0	3.3283339847916973	-0.8153120461364214	-0.2664185488180847	-0.5181947662592911	-0.0486736100324013	1.7770822336103016
60e1deb043af37db5ea4ce9ae8d2c9ea	⑫12月7日	7810	37	0.047119	1.688348	0.000256	0.03662	0	0.022279	0	-0.7132525319914716	1.8850427499804265	1.0710703997188369	-0.5181947662592911	-0.0486736100324013	1.7733394614809022
035d4ef6febd5268f7589ea4017e9b82	31_後期中間数S	3074	35	0.674366	0.349707	0	0	0	0	0	2.7617923172667855	-0.25598839089139225	-0.2664185488180847	-0.5181947662592911	-0.0486736100324013	1.7698642213304192
816a6db41f0e44644bc65808b6db5ca4	3章単元のまとめ	868	69	0.367512	0	0	0	0	0	3	1.0617739637723993	-0.8153120461364214	-0.2664185488180847	1.735382472725538	-0.0486736100324013	1.7640994515758324
5779e947caedd3537d114bf8b0702a15	R5_3年夏休みの演習課題	18157	126	0.161756	0.191276	0.001157	0.043344	0	0.040535	2	-0.07814592106400792	-0.5093839649694782	1.3166541159930658	0.9841900597305949	-0.0486736100324013	1.7619878997225757
527bf9aab6ed58084dc0f026ab7a82cf	02_前期中間数学解説	1673	84	0.22116	0.035864	0.019725	0	0	0	4	0.25096137514520067	-0.7579509307692491	-0.2664185488180847	2.486574885720481	-0.0486736100324013	1.7618403913107492
7cc5a75432e9a547200e3668c3761ae7	R04_3年夏休みの課題プリント解答例1-10	3314	41	0.230235	0.002112	0.003621	0	0	0	4	0.3012382708609533	-0.8119340995700745	-0.2664185488180847	2.486574885720481	-0.0486736100324013	1.7581341182256762
687cb95f9d89142b67e41ab640c0a002	【解答編】シリウス	3598	38	0.366315	0	0	0	0	0	3	1.055142399676338	-0.8153120461364214	-0.2664185488180847	1.735382472725538	-0.0486736100324013	1.7574678874797713
82138b11a724b94d18df2e083d8b7b55	R04_3年夏休みの課題プリント解答例1-10	2510	39	0.230677	0	0.002789	0	0	0	4	0.3036870188396158	-0.8153120461364214	-0.2664185488180847	2.486574885720481	-0.0486736100324013	1.757204919637992
1e4268fd66e5999df71142c71a4e212f	R03_2年冬休みの課題プリント（解答例）	12194	114	0.365098	0.003116	0	0	0	0	3	1.048400032504319	-0.8103282954258451	-0.2664185488180847	1.735382472725538	-0.0486736100324013	1.7557092710183284
282b2d93c42db32b12a17752c36ee10d	【解答編】シリウス	2036	30	0.772593	0	0	0	0	0	0	3.3059850043710535	-0.8153120461364214	-0.2664185488180847	-0.5181947662592911	-0.0486736100324013	1.7547332531896578
31a6b5568bbb9c350c1b296d9086acf0	規則性演習プリント（群数列）	995	82	0.241206	0.426131	0.00201	0	0	0	3	0.3620192981774847	-0.13375534714778373	-0.2664185488180847	1.735382472725538	-0.0486736100324013	1.7459014849695556
b93f552915e01e40fb9b66d6fd114f7b	【解答編】シリウス	3045	34	0.36092	0.009852	0.001314	0	0	0	3	1.0252532699367805	-0.7995546931195415	-0.2664185488180847	1.735382472725538	-0.0486736100324013	1.7433361107570935
58ec72df0caca51df569d0b497c33805	03_言葉に立ち止まる_P67-94	465	35	0.363441	0	0	0	0	0	3	1.0392199976612337	-0.8153120461364214	-0.2664185488180847	1.735382472725538	-0.0486736100324013	1.7415454854646668
646e058fac455de8d1e52c4c49baac06	二次方程式「二次方程式の利用8」（共通解）解答	526	63	0.091255	0	0	0	0	0	5	-0.46873230396828075	-0.8153120461364214	-0.2664185488180847	3.2377672987154233	-0.0486736100324013	1.7359780098250377
7da9de56f480e009b5e9f18b279859d7	中1_R05夏休みの演習課題プリント	43298	131	0.165804	0.082244	0.005312	0.067278	0	0.063652	1	-0.055719378490193434	-0.6837704564571409	2.1908065052416372	0.2329976467356519	-0.0486736100324013	1.732987927062356
828c3938b662961ed8f775ed638b97f2	解答［STEP中3］第5章 相似	9745	96	0.75177	0.056234	0.007388	0	0	0	0	3.1906223818378177	-0.7253710199943969	-0.2664185488180847	-0.5181947662592911	-0.0486736100324013	1.7293116567984466
af87f7cdcda223c41c3f3ef05a3aaeea	New Horizon 2 Unit 4-6	4098	114	0.495364	0.004636	0.230356	0	0	0	2	1.7700937071388352	-0.807897197518247	-0.2664185488180847	0.9841900597305949	-0.0486736100324013	1.7286416305654997
c78b93d4d09ef6235e9d494b3534420e	0129「接線の式」解答	556	73	0.088129	0.003597	0	0	0	0	5	-0.48605082474045075	-0.8095589808906117	-0.2664185488180847	3.2377672987154233	-0.0486736100324013	1.7244125542986775
bc19986e5c658d4135bd559a0b37c0bc	220224(解答つき)三角方程式・不等式 1	1029	41	0.324587	0.119534	0	0	0	0	3	0.82396286199844	-0.624128587395077	-0.2664185488180847	1.735382472725538	-0.0486736100324013	1.7174718085432177
d9d3837ee7981e8c064774da6cdd98bf	14_週末課題no.14	534	59	0.220974	0	0	0	0	0	4	0.2499309065387952	-0.8153120461364214	-0.2664185488180847	2.486574885720481	-0.0486736100324013	1.7034488073371714
d5c8e1ab6fc0bfeb5f29aafa999cdb29	R04_3年夏休みの課題プリント解答例1-10	3165	42	0.220537	0	0	0	0	0	4	0.2475098593291221	-0.8153120461364214	-0.2664185488180847	2.486574885720481	-0.0486736100324013	1.7010277601274983
b0a7a7f42f23cdf318b7a1088083f5aa	06_後期期末数学S	502	45	0.211155	0.02988	0	0	0	0	4	0.1955321363974206	-0.7675217793738989	-0.2664185488180847	2.486574885720481	-0.0486736100324013	1.6968403039583193
fd95ec8df5dbeea25aa8e6c808bad583	⑬12月14日	5904	30	0.015921	1.776423	0.000339	0.03523	0	0.025407	0	-0.8860942501777032	2.025910479067079	1.02030279626536	-0.5181947662592911	-0.0486736100324013	1.6905978689278462
1f88c7c5d7d94ae08bd752aa3d82108b	⑬12月14日	7300	35	0.019452	1.74	0	0.03589	0	0.022192	0	-0.8665319671173921	1.967655295456257	1.044408277041831	-0.5181947662592911	-0.0486736100324013	1.6760104491538061
9a85c12a21b76392747906fc7b2aff92	青チャート数Ⅰ_第2章 2次関数	9187	56	0.750844	0.000435	0.003483	0.000871	0	0	0	3.185492199420981	-0.8146163043010233	-0.23460661888428733	-0.5181947662592911	-0.0486736100324013	1.6667481200087806
a7971abb4134fc0cfcec7d589e1ebcf6	⑮２月１日	17577	98	0.029243	1.712124	0.000114	0.035273	0	0.023554	0	-0.8122883212823581	1.9230702393561205	1.0218733048614028	-0.5181947662592911	-0.0486736100324013	1.6631340667082755
dead35fa1512ad67301d09326177c42f	改・未来へひろがる数学3	42889	128	0.556716	0.22008	0.008067	2.3e-05	0	0	1	2.109993222946312	-0.4633146596204923	-0.2655785093364804	0.2329976467356519	-0.0486736100324013	1.6627713107573923
a159b2e2c6b3cb7bf0e92eb43fe27bdd	令和５年度　前期期末テスト(数学) 問題用紙	1681	88	0.129685	0.290303	0.00119	0	0	0	4	-0.2558241935157879	-0.3509995356959736	-0.2664185488180847	2.486574885720481	-0.0486736100324013	1.6620062177230361
0a3b6f64f0523984e51323fe53b8c504	シリウス21発展中1英語	42670	112	0.587743	0.111507	0.083267	0	0	0	1	2.2818875748331062	-0.636967023516321	-0.2664185488180847	0.2329976467356519	-0.0486736100324013	1.6601732592667535
4c7958ae576e324677837d348a133102	R03夏休み課題プリント補足資料(修正 追記)	1412	83	0.483003	0	0.107649	0	0	0	2	1.7016118660432518	-0.8153120461364214	-0.2664185488180847	0.9841900597305949	-0.0486736100324013	1.6527449408517418
c2073ffa77b5357a498057413bb09d3a	w12_0626「角度の問題」	12986	78	0.000616	1.759433	0	0.037117	0	0.072232	0	-0.9708863040542424	1.9987365623235964	1.0892225572126337	-0.5181947662592911	-0.0486736100324013	1.6475516592550983
1ddff078b3f82840160690da08b194ca	総復習01_因数分解	4793	120	0.54371	0.25266	0	0	0	0	1	2.037937982651097	-0.41120599525894663	-0.2664185488180847	0.2329976467356519	-0.0486736100324013	1.6419846953421187
0996dd16b0020a17a26b94f4675fd3da	70_二次方程式Bライン	434	39	0.209677	0	0	0	0	0	4	0.18734378908415528	-0.8153120461364214	-0.2664185488180847	2.486574885720481	-0.0486736100324013	1.6408616898825314
40dba662fae60cd3bcceaa76a82d2873	改・サクシード数Ⅱ_第1章 式と証明 	5112	74	0.403951	0.001956	0.003521	0.052621	0	0.039515	0	1.263651628013315	-0.812183606986907	1.6554822147253712	-0.5181947662592911	-0.0486736100324013	1.6374290795248896
f6027eaa23d8c01cf1717ad410d1d657	英語科新２年春休み課題 答えあり	817	30	0.332925	0.039168	0.085679	0	0	0	3	0.8701566643651558	-0.7526664916332594	-0.2664185488180847	1.735382472725538	-0.0486736100324013	1.635127706671751
8b519f198dd26772e3e82874826b04aa	2022数学夏課題「自由研究」2事例集 	806	61	0.208437	0	0	0	0	0	4	0.18047399837478525	-0.8153120461364214	-0.2664185488180847	2.486574885720481	-0.0486736100324013	1.6339918991731615
bc1ad6e8f86c42a371aff945535baebb	w14_0710「確率」	9171	83	0.000218	1.712463	0	0.038818	0	0.075891	0	-0.9730912852657982	1.9236124381657758	1.1513489553956298	-0.5181947662592911	-0.0486736100324013	1.6323489520687173
ac3e2c4e1d4bd07fb973a2ea4d250160	10_一次関数Bライン	314	30	0.175159	0.111465	0	0	0	0	4	-0.003891239711034659	-0.6370341985900836	-0.2664185488180847	2.486574885720481	-0.0486736100324013	1.6279045086336794
5bd529d5b07b647a8863cf71e98d651a	R04夏休みの演習課題プリント	58262	129	0.163451	0.091397	0.032886	0.06421	0	0.064244	1	-0.06875536037660286	-0.6691310885964524	2.078752543086769	0.2329976467356519	-0.0486736100324013	1.6225373508817669
2be5f9c2e3620eb73c2972d7552b6cb5	改［STEP中2］第4章 図形の性質と合同	28024	250	0.15526	0.283721	0.000607	0.056987	0	0.064266	1	-0.1141347601350304	-0.361526829398481	1.814943622407299	0.2329976467356519	-0.0486736100324013	1.6209532896418406
df308fd90635b28d82558cf580c73ed9	改・青チャート数B 第3章 数列 (問＆解答)	4324	30	0.222017	0	0.007863	0.038622	0	0.000925	2	0.255709286949983	-0.8153120461364214	1.1441903580741322	0.9841900597305949	-0.0486736100324013	1.6174512686506899
c5ef831f5d34faafc22a23a602cf6e40	改［STEP中3］第8章 標本調査	1981	102	0.128723	0.026249	0.002524	0.072186	0	0.070167	1	-0.26115382146934746	-0.7733292244413259	2.3700636259248484	0.2329976467356519	-0.0486736100324013	1.6172518367822282
3653cce234494bfbd33e077f4a028f66	C問題解答	6606	97	0.340448	0	0.000303	0	0	0	3	0.9118352413865998	-0.8153120461364214	-0.2664185488180847	1.735382472725538	-0.0486736100324013	1.614160729190033
53a1320cb5d2f56130ad5222f93da374	臨時休業中の課題①	3849	43	0.097168	0.495194	0.003118	0.076903	0	0.099247	0	-0.43597337456142177	-0.023295534784326673	2.542344766565172	-0.5181947662592911	-0.0486736100324013	1.6135547009925342
00c7bd7f87376706365f2e2c94f58e4a	ELEMENT U5 Day 3	3254	86	0.165028	0.141979	0.354333	0.082053	0	0.137062	0	-0.06001853783734759	-0.5882299080950497	2.73044056353309	-0.5181947662592911	-0.0486736100324013	1.612670961373803
7f489f642a0ddb10272b5c31057f0663	サクセスコーチ 3年（解答）	6187	143	0.474867	0.000647	0	0	0	0	2	1.6565371747437074	-0.8142772301191741	-0.2664185488180847	0.9841900597305949	-0.0486736100324013	1.6087050655694448
a8ef1979aeec2737ae3830ec543ed0df	Practice Problems - 1	1481	62	0.745442	0.00135	0.279541	0	0	0	0	3.155564288604839	-0.81315284733691	-0.2664185488180847	-0.5181947662592911	-0.0486736100324013	1.6064717362229548
781877bda0783aac5f1cf765c128b437	AI推薦チェックテスト（10月16,17日実施）	13624	101	0.061509	1.483118	0.002202	0.038755	0	0.034645	0	-0.6335297188399918	1.5567965502591246	1.1490479776851483	-0.5181947662592911	-0.0486736100324013	1.6027936528773912
9627c45df543c816a3ddf2d8ea686a99	青チャート数A_第2章 確率	2570	31	0.742412	0.007004	0	0	0	0	0	3.138777622597265	-0.8041098028832518	-0.2664185488180847	-0.5181947662592911	-0.0486736100324013	1.5987281146690389
85ef8e895264ae2dcab7bcd0f04d9bea	展開・因数分解練習問題	1164	32	0.198454	0.008591	0.075601	0	0	0	4	0.12516664301055833	-0.8015715447389371	-0.2664185488180847	2.486574885720481	-0.0486736100324013	1.5924250452064188
15756c350dae3457b2718a29dc0018cb	w36_1225「クリスマス課題」	15741	88	0.000381	1.741567	0	0.015819	0	0.021282	1	-0.972188240196744	1.9701615654702087	0.31134599724705897	0.2329976467356519	-0.0486736100324013	1.5909905792885768
35adf1ae7eb5734122c84b7a9ea5cc13	R4 冬休みの演習課題解答例（1-13まで）	1029	57	0.193392	0	0.008746	0.000972	0	0	4	0.09712238448569453	-0.8153120461364214	-0.23091774985637284	2.486574885720481	-0.0486736100324013	1.5861410842457826
9d702ffd99ad9c70ac37e506facc8c38	サクシード数Ⅰ 第3章 2次関数 (問＆解答)	143426	384	0.312189	0.023022	0.001325	0.043535	0	0.042377	1	0.7552760352123351	-0.7784905092754176	1.3236300960359535	0.2329976467356519	-0.0486736100324013	1.5820868787409241
f0adc8838f4bdedde4ec2cfad0515589	2019年度自然研究の手引き	558	36	0.53405	0.082437	0.383513	0.007168	0	0	1	1.984420096963585	-0.6834617709991366	-0.004618418203320801	0.2329976467356519	-0.0486736100324013	1.5780111645291806
df8a6aa94e8b9dafafb2761be5c197c5	0130 後期期末テスト	1117	64	0.740376	0	0	0	0	0	0	3.1274978694647837	-0.8153120461364214	-0.2664185488180847	-0.5181947662592911	-0.0486736100324013	1.576246118283388
edb684859b848362ec56904286947614	07飛行機のフライト距離と時間	3553	108	0.383901	1.23445	0.008444	0	0	0	0	1.1525715443658395	1.1590753302021315	-0.2664185488180847	-0.5181947662592911	-0.0486736100324013	1.5757071695229967
785a4b39ca0768ebd5be9064105f0705	R5冬休みの課題	18387	119	0.165715	0.221787	0.009409	0.036221	0	0.030511	2	-0.056212452178204704	-0.46058447269399877	1.0564975408857886	0.9841900597305949	-0.0486736100324013	1.5725642857765811
a1b9f8050fb246fbec454302f6c14e22	05_前期期末	1423	64	0.232607	0.816585	0	0	0	0	2	0.31437951566952255	0.49073932549257704	-0.2664185488180847	0.9841900597305949	-0.0486736100324013	1.571563962107011
a4ee59dd868ba016ed2de90d330acb6a	09_文法・漢字・振り返り_P237-262	1127	57	0.331854	0	0	0	0	0	3	0.8642231596476271	-0.8153120461364214	-0.2664185488180847	1.735382472725538	-0.0486736100324013	1.5665486474510602
a6e4f250fb5c56aaf215a236c64e5b0a	改［STEP中3］１、2年の復習	2201	101	0.223989	0.26488	0	0.045888	0	0.036347	1	0.26663447023940057	-0.3916612476070716	1.4095697873496449	0.2329976467356519	-0.0486736100324013	1.566214266750027
589f763b060f8c19170cdf5196e2bf87	改・青チャート数B 第1章 平面上のベクトル (問＆解答)	6551	101	0.24149	0	0.000305	0.034193	0	0.032972	2	0.3635927018560824	-0.8153120461364214	0.982427972681723	0.9841900597305949	-0.0486736100324013	1.5635722981643803
c5ad7d5c8e1cd311a06a038f2510bfdc	10_図形と相似解答用紙	350	79	0.06	0	0	0	0	0	5	-0.6418898109209913	-0.8153120461364214	-0.2664185488180847	3.2377672987154233	-0.0486736100324013	1.5628205028723274
a9ad5f2808f68eea468621a04c49efe1	規則性演習プリント（大学入試問題に挑戦）	979	124	0.087845	0.14096	0.026558	0.103166	0.138614	0	0	-0.48762422841904834	-0.5898597033370514	3.5015602841901083	-0.5181947662592911	0.3433083489942717	1.562573237180446
66bf858e119401396053e04633d95637	11オリジナル算額15期生版(2)	3557	114	0.524599	0.737138	0.00506	0	0	0	0	1.93206010341983	0.3636712758445807	-0.2664185488180847	-0.5181947662592911	-0.0486736100324013	1.5597916742194362
7e889fb76e0e07c11733550f2a6c7a5a	⑪11月16日	7932	35	0.029249	1.765507	0	0.030005	0	0.013111	0	-0.8122550803595708	2.0084513575148804	0.8294677401182978	-0.5181947662592911	-0.0486736100324013	1.5561428610467176
ec0f40c389aeef789ce03eb814facc6c	未来へひろがる数学３	92520	116	0.735365	0.002356	0.00655	0	0	0	0	3.0997361587836116	-0.8115438443796442	-0.2664185488180847	-0.5181947662592911	-0.0486736100324013	1.552252609358993
f71b273d03661de9d8ded6ff7ade4b7a	R6_3年夏休みの演習課題	100378	131	0.270886	1.041503	0.006874	0.024896	0	0.020164	0	0.5264510628985357	0.8504746407433484	0.6428694048349792	-0.5181947662592911	-0.0486736100324013	1.5502739522499736
d4ec33c0c23ae3c91764fcc625108a5a	未来へひろがる数学2	36436	45	0.672988	0.214074	0.015863	2.7e-05	0	0	0	2.7541579853333085	-0.4729206951685415	-0.2654324155135927	-0.5181947662592911	-0.0486736100324013	1.5462837184242846
823de42f619c837112209aa7a127c4af	総復習テスト②	421	34	0.125891	0.230404	0	0	0	0	4	-0.276843537024941	-0.4468023867270424	-0.2664185488180847	2.486574885720481	-0.0486736100324013	1.545184023182814
77382415bbfc9bcb5b2f5b5f5724406c	0128期末試験に向けて詳しい解答編	5370	107	0.725885	0.027188	0.004469	0	0	0	0	3.0472155007797177	-0.7718273817207768	-0.2664185488180847	-0.5181947662592911	-0.0486736100324013	1.5394484140139666
6abcc8f24321d1eb8c95855eab78ee95	比例，反比例の利用（格子点、平行四辺形となる点、変域から式を求める）	14657	119	0.541857	0.664392	0.036979	0	0	0	0	2.027672077663627	0.24732084927475256	-0.2664185488180847	-0.5181947662592911	-0.0486736100324013	1.5390532218934052
ec9b954aefd15bc4fffe92f5683d1dd2	【問題編】シリウス	9153	40	0.577953	0.539167	0.003278	0	0	0	0	2.2276494691518702	0.0470351680385783	-0.2664185488180847	-0.5181947662592911	-0.0486736100324013	1.5387449321454743
b181eaa49f5924e16c772dcb718fcd0f	青チャート数Ⅱ_第4章 三角関数mixR	5025	43	0.550448	0.015721	0.002388	0.027065	0	0.023881	0	2.0752675389412065	-0.7901677762644798	0.7220887802958361	-0.5181947662592911	-0.0486736100324013	1.5376673867456734
c10f48884c9c7fdbd9a7959c59eebea8	New Horizon 3 Unit 6	1424	59	0.305478	0.073034	0.038624	0	0	0	3	0.7180960630747688	-0.6985009904893642	-0.2664185488180847	1.735382472725538	-0.0486736100324013	1.537232606525259
53b354612d26628e73986a80e254864e	w13_0703「角度の問題」	10260	77	0	1.790058	0	0.032651	0	0.054971	0	-0.9742990387937359	2.0477183869421456	0.9261088039585135	-0.5181947662592911	-0.0486736100324013	1.530006995880033
a5f2b2528bd068e1643b5ec310cd5d8c	R5 冬休みの演習課題（解答）	3352	39	0.323389	0.000298	0	0	0	0	3	0.8173257577485807	-0.8148354229940107	-0.2664185488180847	1.735382472725538	-0.0486736100324013	1.5201278686944246
5e7d00134ba3a8b3e37edf5038bc51fc	シリウス21発展中3英語_本文	20628	79	0.496655	0.336775	0.199098	0	0	0	1	1.777246045691897	-0.2766719159841948	-0.2664185488180847	0.2329976467356519	-0.0486736100324013	1.5158268376576707
806beafe154032a5b818e97b4420ad98	【解答解説】青チャート　数Ⅰ 第２章 ２次関数	11071	36	0.729293	0	0.000723	0	0	0	0	3.0660963449228893	-0.8153120461364214	-0.2664185488180847	-0.5181947662592911	-0.0486736100324013	1.5148445937414936
78e8dffe65a2898eef68a33b8db35b78	10オリジナル算額15期生版	5054	111	0.538188	0.656905	0.001583	0	0	0	0	2.0073452533792087	0.23534609267331325	-0.2664185488180847	-0.5181947662592911	-0.0486736100324013	1.5067516410075477
35b50410da00df8ef6c41f0cb537a9a3	211125解と係数の関係２	3092	40	0.11934	1.622898	0	0	0	0	1	-0.3131370845548469	1.7803615933670696	-0.2664185488180847	0.2329976467356519	-0.0486736100324013	1.482477216762191
0a988fc2992add2d3233e19c7aadfdea	w03_0424「一次関数」	16129	96	0.000868	1.80904	0	0.030318	0	0.039804	0	-0.9694901852971768	2.078078321469796	0.8408995817592607	-0.5181947662592911	-0.0486736100324013	1.4799665617049904
aee1bc7fa5da061b752d0efddbd16495	８章規則性(群数列)	4748	118	0.548863	0.59941	0.001685	0	0	0	0	2.0664863951715677	0.14338821491189316	-0.2664185488180847	-0.5181947662592911	-0.0486736100324013	1.4739349050384865
45012e4d2d42c232d4d284754e19d9cf	09総合問題（2024年問題＋α）解答	308	38	0.178571	0	0	0	0	0	4	0.015011765047328741	-0.8153120461364214	-0.2664185488180847	2.486574885720481	-0.0486736100324013	1.4685296658457048
eefc7bfe8fd6e2c8c01aa6ca7b1aab1a	3章Blineテスト模範解答	334	40	0.026946	0.050898	0.086826	0	0	0	5	-0.8250140545560863	-0.7339054531752811	-0.2664185488180847	3.2377672987154233	-0.0486736100324013	1.4611028521983724
87a1ce4101713d067ef68c3dba223ab3	令和５年夏明けテスト(模範解答)	590	117	0.013559	0.094915	0.025424	0	0	0	5	-0.8991800934482935	-0.6635043764655771	-0.2664185488180847	3.2377672987154233	-0.0486736100324013	1.457337890015869
1d2a48c55f6f10010887cc7d849469a1	青チャート数A_第4章 整数の性質	6849	39	0.718353	0	0.000876	0	0	0	0	3.0054870623740926	-0.8153120461364214	-0.2664185488180847	-0.5181947662592911	-0.0486736100324013	1.4542353111926969
99607461cdb9c26e2bd5f31b12dcf27a	New Horizon 2 Unit 7	1781	84	0.3105	0.002246	0.09096	0	0	0	3	0.7459187154477174	-0.8117197790966415	-0.2664185488180847	1.735382472725538	-0.0486736100324013	1.4518364702909305
1145a30ff80745b56fb0cecf65305017	冬休みの課題（最大・最小）解答2019	1109	32	0.438233	0.027051	0.025248	0	0	0	2	1.4535791805122054	-0.7720465004137642	-0.2664185488180847	0.9841900597305949	-0.0486736100324013	1.4479778010433526
ab73f542b6d60c4de151800b8abc0a6c	サクセスコーチ 2年（解答）	7854	137	0.444996	0	0.008403	0	0	0	2	1.4910472406472617	-0.8153120461364214	-0.2664185488180847	0.9841900597305949	-0.0486736100324013	1.4421803154557518
30cd1e36baf6f9f1cc50d66e55e09984	2年2章Blineテスト  模範解答	825	104	0.014545	0.081212	0.042424	0	0	0	5	-0.8937175018035847	-0.6854210439838785	-0.2664185488180847	3.2377672987154233	-0.0486736100324013	1.4408838141422768
094bb65ef46d3eb4be0a87877ec333eb	６章空間図形(回転体の体積) 	7721	119	0.53361	0.630747	0.00544	0	0	0	0	1.9819824292925183	0.19350881697136996	-0.2664185488180847	-0.5181947662592911	-0.0486736100324013	1.4395515412189142
3b2acfe2e38102074656ed938abf4ac3	二次関数2 「回転体の体積・二等分する直線」解答例	358	59	0.139665	0.114525	0	0	0	0	4	-0.2005334586129546	-0.6321400146445241	-0.2664185488180847	2.486574885720481	-0.0486736100324013	1.436156473677319
5ad2c993fa4f162c255867250267de48	理科の世界１「単元４　大地の変化」	2016	50	0.303571	0.016369	0.082341	0	0	0	3	0.7075309897822132	-0.7891313608407142	-0.2664185488180847	1.735382472725538	-0.0486736100324013	1.4360371628813535
2fdf132bc31b24922316fa3a6ec7c196	ELEMENT U6 Day 2 授業用	2249	50	0.219653	0.027123	0.053357	0.053357	0	0.104936	1	0.24261236337179684	-0.7719313431444569	1.6823634781367085	0.2329976467356519	-0.0486736100324013	1.4347157551321015
dcae59eb2aed882ae1452bf903cb8263	05_週末課題no.5	371	47	0.169811	0	0	0	0	0	4	-0.03351998222209207	-0.8153120461364214	-0.2664185488180847	2.486574885720481	-0.0486736100324013	1.419997918576284
5a01f0597ac4bdf35c24846734ee9a76	臨時休業中の課題①	3989	47	0.120331	0.605666	0.006017	0.063174	0	0.089245	0	-0.30764679214114876	0.15339410208948162	2.0409142429588534	-0.5181947662592911	-0.0486736100324013	1.4171403966802962
b27c40f1f7fb35fcf65d89dc29748e29	総復習テスト③解答用紙	464	89	0.00431	0.101293	0.008621	0	0	0	5	-0.9504209759248771	-0.6533033616927737	-0.2664185488180847	3.2377672987154233	-0.0486736100324013	1.4162980223120891
2107931de60c5a7c5d526bd1d6a8a34d	40_確率テスト解答例	764	79	0.302356	0.007853	0	0	0	0	3	0.7007997029177903	-0.8027519067493367	-0.2664185488180847	1.735382472725538	-0.0486736100324013	1.415685330108308
1ee942c6b182d0f041a2312947385b23	夏休み課題（仮）	461	33	0.572668	0.008677	0	0	0	0	1	2.198369756330079	-0.8014339957783756	-0.2664185488180847	0.2329976467356519	-0.0486736100324013	1.412188468501672
376c6b9ff3bedbbea56751a84fffc10c	02_前期中間数学解答例	618	75	0.168285	0	0	0	0	0	4	-0.041974256917655536	-0.8153120461364214	-0.2664185488180847	2.486574885720481	-0.0486736100324013	1.4115436438807205
2adafb1b5d684e6c15a2d063367be012	改［STEP中3］第5章 相似	61889	270	0.132156	0.403351	0.001583	0.070061	0	0.069738	0	-0.24213447348122866	-0.17018982763139356	2.292451282515756	-0.5181947662592911	-0.0486736100324013	1.4106058251762439
2b1905b5d4641830901acf76c957cfb1	多項式とその計算	1151	103	0.254561	0.149435	0.022589	0.062554	0	0	0	0.43600805214815963	-0.5763047330956732	2.0182697004112597	-0.5181947662592911	-0.0486736100324013	1.4084518632368563
597073e68fcefaa6bdf39ca6b399c28c	R5 冬休みの演習課題（解答）	3682	41	0.299837	0.010592	0.003259	0	0	0	3	0.6868440555009329	-0.7983711322961056	-0.2664185488180847	1.735382472725538	-0.0486736100324013	1.4061104571446819
b7c0c7d6ce233d0fe18625ea3cd5bdb1	R04_3年冬休みの課題プリント解答例	3378	41	0.302842	0	0.001184	0	0	0	3	0.7034922176635594	-0.8153120461364214	-0.2664185488180847	1.735382472725538	-0.0486736100324013	1.4058177054669925
d9a849054248cb8a75faa6faadb62507	令和５年度　全国学力・学習状況調査	897	38	0.510591	0.688963	0	0	0	0	0	1.8544536290191398	0.28661986683238116	-0.2664185488180847	-0.5181947662592911	-0.0486736100324013	1.4051337908065469
8383f931b0cefcc631f070480ef340e1	211201直線に関する演習	1259	38	0.141382	1.498014	0	0	0	0	1	-0.19102101454199624	1.5806213097535868	-0.2664185488180847	0.2329976467356519	-0.0486736100324013	1.404853003161559
a2f04745390fd6897d09772b2cd1f581	改・未来へひろがる数学3_入試問題	3830	165	0.555875	0.06188	0	0	0	0	1	2.1053339536022957	-0.7163407707928842	-0.2664185488180847	0.2329976467356519	-0.0486736100324013	1.4042458907593798
8e200fc779d0a8e7eaba42e877f0a5c0	0214 関数y=ax2「変域についての習熟を図る」	756	42	0.439153	0.465608	0	0	0	0	1	1.4586761220062543	-0.07061557603051115	-0.2664185488180847	0.2329976467356519	-0.0486736100324013	1.4033132539257116
76c7c563b32ad9d8d09c72a2d17c90e1	二次関数1「定義域・値域」解答	570	55	0.166667	0	0	0	0	0	4	-0.05093822576262377	-0.8153120461364214	-0.2664185488180847	2.486574885720481	-0.0486736100324013	1.4025796750357524
b42a32350172cd36370226a103aae213	徹底演習テキスト中3理科[問題]R6	21777	115	0.598797	0.381733	0.018184	0	0	0	0	2.3431284349148616	-0.2047657977409054	-0.2664185488180847	-0.5181947662592911	-0.0486736100324013	1.4024229321289818
e45c2dc8d9e5b215ea141f2f609100f9	★二次関数「面積二等分の習熟を図る」 解答例	349	43	0.166189	0	0	0	0	0	4	-0.05358641927801001	-0.8153120461364214	-0.2664185488180847	2.486574885720481	-0.0486736100324013	1.399931481520366
fbf6e9ffad68f73e466198206987dedc	中2_R5夏休みの演習課題	28508	127	0.17118	0.179213	0.0047	0.052968	0	0.049776	1	-0.02593551167279556	-0.5286776057980026	1.6681558538608794	0.2329976467356519	-0.0486736100324013	1.3952139931581342
db4a1766c395480fd973a96c6105f86e	【解答編】シリウス	3117	35	0.705807	0	0	0	0	0	0	2.935980292825901	-0.8153120461364214	-0.2664185488180847	-0.5181947662592911	-0.0486736100324013	1.3847285416445054
1aa057313c28fa4a40c5bc084b11d276	［STEP中3］第1章 式の計算	48816	119	0.42019	0.583866	0.005326	0.01774	0	0.016798	0	1.3536181855370732	0.11852703999366523	0.38150755568887834	-0.5181947662592911	-0.0486736100324013	1.3841316249927271
50d2d2262762648589b1943078712aa6	0115自宅学習課題01	15701	127	0.000637	1.737214	0	0.030826	0	0.031208	0	-0.970769960824487	1.9631993488966724	0.8594534972659988	-0.5181947662592911	-0.0486736100324013	1.3823617291112946
87d2df31d91c857ffb1a3d5caf45f766	コネコネコミック 3年2年1年	1787	85	0.415781	0.062675	0	0	0	0	2	1.3291916474422245	-0.7150692426109495	-0.2664185488180847	0.9841900597305949	-0.0486736100324013	1.3805675257761865
36920c7628b5bc6824378f3411bbfa34	1213二次方程式（面積に関する問題2）	9866	114	0.611798	0.322623	0	0	0	0	0	2.4151559744410873	-0.29930671702914863	-0.2664185488180847	-0.5181947662592911	-0.0486736100324013	1.3799095523669644
a928731e103dfc64c0027fa84709689e	青チャート数Ⅱ_第5章 指数関数と対数関数mixR	1550	39	0.570968	0.049677	0	0.018065	0	0.014839	0	2.188951494873685	-0.7358583285339505	0.39337767879850427	-0.5181947662592911	-0.0486736100324013	1.3769496889113488
d80b7040b773199015de6d3b4293c8ff	0123自宅学習課題	27586	121	0.000798	1.719858	0.000145	0.03132	0	0.04582	0	-0.9698779960630284	1.9354400493675448	0.8774960843926303	-0.5181947662592911	-0.0486736100324013	1.373536981470257
f5e536083a438cec5b64a4954abc17f1	Let\'s Read 2	3823	39	0.130787	0.248496	0.84384	0.055454	0	0.044991	1	-0.24971894403052516	-0.41786592400055117	1.758953164785587	0.2329976467356519	-0.0486736100324013	1.3730395535225637
a7d4c5e52848263151f75565644e7367	1章_正の数負の数_解答例	1402	71	0.636234	0.232525	0.002853	0	0	0	0	2.55053517264606	-0.44341004550203206	-0.2664185488180847	-0.5181947662592911	-0.0486736100324013	1.3711854220990538
0680e1f35026262317cb7cec207e04c5	第20・21時 図形と相似Bライン復習①②解説	744	63	0.294355	0.00672	0	0	0	0	3	0.6564729323809596	-0.8045640343344084	-0.2664185488180847	1.735382472725538	-0.0486736100324013	1.3695464319864057
99e7e6ce097324aceb45f98299ceb621	27_週末課題No27	404	61	0.294554	0	0	0	0	0	3	0.6575754229867375	-0.8153120461364214	-0.2664185488180847	1.735382472725538	-0.0486736100324013	1.3599009107901707
cdf66a6a7a04d87d865335701790c3e3	夏休み課題（仮）	1680	38	0.205952	1.136905	0.00119	0.004762	0	0	1	0.16670671618705568	1.003061221388535	-0.0924938526702742	0.2329976467356519	-0.0486736100324013	1.3589453416733697
57aeee35c98205091e18d1140e9f38cf	NEW HORIZON 3	14668	38	0.495364	0.24216	0.10799	0	0	0	1	1.7700937071388352	-0.42799976369959214	-0.2664185488180847	0.2329976467356519	-0.0486736100324013	1.3573466513892114
6fbb698655e6b0fdd299a543951c27ec	R05_3年冬休みの課題プリント	5749	84	0.219864	0.070447	0.000174	0.028701	0	0.023134	2	0.24378133582314943	-0.7026386551518355	0.7818411538569067	0.9841900597305949	-0.0486736100324013	1.3558475042912168
1c208ee88299e7d6d6eff86e6879384e	w04_0501「GW課題」	134247	119	0.026131	1.760114	0.000149	0.025155	0	0.029811	0	-0.8295292799013576	1.999825758162461	0.6523289798669579	-0.5181947662592911	-0.0486736100324013	1.3531043019011715
325eaeac5bef34937cfdc1bd73034d17	211115相加相乗	1962	46	0.105505	1.589195	0	0	0	0	1	-0.3897851123485039	1.726456795485634	-0.2664185488180847	0.2329976467356519	-0.0486736100324013	1.3519243910870984
595373f017b659cb7743291e920a8857	改・青チャート数Ⅰ 第1章 数と式（問＆解答）	1923	58	0.373895	0.24285	0.016121	0.018201	0	0.039002	1	1.0971367654642614	-0.42689617320206397	0.39834486877668607	0.2329976467356519	-0.0486736100324013	1.3502567178069367
b035d6563a2adac9f822940c145263ce	⑪11月16日	7276	31	0.009896	1.841121	0	0.023914	0	0.01182	0	-0.9194736768099246	2.129388881978782	0.6070033713160481	-0.5181947662592911	-0.0486736100324013	1.3473974202580157
c4bfbf68f5d8d0f8b9a0752ca08ea01d	２年２章連立方程式の利用(係数と解・2元1次の整数解)解答例	340	50	0.155882	0	0	0	0	0	4	-0.11068878447274971	-0.8153120461364214	-0.2664185488180847	2.486574885720481	-0.0486736100324013	1.3428291163256263
213b9c781a1cb3740d204492e6ce20c0	令和5年度　後期期末テスト(数Ｓ)模範解答	891	104	0.005612	0.050505	0	0	0	0	5	-0.9432076956800385	-0.7345340199369167	-0.2664185488180847	3.2377672987154233	-0.0486736100324013	1.3422806443127848
3401a4cd973f3f886f48e73974c0cd67	英語科新２年春休み課題	11833	41	0.075889	1.214907	0.074537	0	0	0	2	-0.5538623072264907	1.1278181286177946	-0.2664185488180847	0.9841900597305949	-0.0486736100324013	1.3404009423362153
6f75e53f7550af83f27709d87ab7ab43	0212 関数y=ax2「線分の比」	760	41	0.15	0.957895	0	0	0	0	2	-0.14327596911187443	0.7167514605733021	-0.2664185488180847	0.9841900597305949	-0.0486736100324013	1.339920612406339
1d41974ae0796141ff60a9845c9964b4	令和5年度　後期中間テスト(数学)模範解答	311	39	0.019293	0	0	0	0	0	5	-0.8674128515712548	-0.8153120461364214	-0.2664185488180847	3.2377672987154233	-0.0486736100324013	1.337297462222064
ed7ebf1d0e87774f12b2102e2cba4476	【問題編】シリウス	4781	33	0.496549	0.694206	0	0	0	0	0	1.7766587893893218	0.2950055552070768	-0.2664185488180847	-0.5181947662592911	-0.0486736100324013	1.3357246395514244
d27bf4d538d65711468835f9daef576e	春課題A（３年生になる前の確認編）	6695	123	0.151606	0.243913	0.006572	0.03062	0	0.024795	2	-0.13437848211248066	-0.4251960040732634	0.8519296653872822	0.9841900597305949	-0.0486736100324013	1.3252188489645342
5e98d23afe19a774d1b2dcbefd5103eb	Let\'s Read 2	2696	41	0.130564	0.316024	0.718843	0.051187	0	0.049703	1	-0.25095439832745203	-0.3098612006424647	1.6031075792201297	0.2329976467356519	-0.0486736100324013	1.3239632370182661
273f5064dc00c682c73b05f36d00f2a1	R04_3年冬休みの課題プリント解答例	3024	36	0.287037	0	0	0	0	0	3	0.6159300868880805	-0.8153120461364214	-0.2664185488180847	1.735382472725538	-0.0486736100324013	1.3182555746915137
0c2bcf2ee48c024117f6a057105ead45	春課題A（２年生になる前の確認編）	1272	35	0.144654	0.222484	0	0.011792	0	0.01022	3	-0.17289363131533592	-0.45946968635084356	0.16426604105486395	1.735382472725538	-0.0486736100324013	1.3159588061466236
d6cf4da5ced8580c991e16fb54faa1b6	⑪11月16日	7107	32	0.013226	1.827213	0	0.023076	0	0.013226	0	-0.9010249646629873	2.107144336124258	0.5763967154210742	-0.5181947662592911	-0.0486736100324013	1.3129949306554554
a16741d0aac91b0ca73b5bb17b3f4e36	英語科新２年春休み課題 答えあり	2176	34	0.278952	0.024357	0.014246	0	0	0	3	0.5711379434322281	-0.7763553015736784	-0.2664185488180847	1.735382472725538	-0.0486736100324013	1.3124201757984044
fc5dda17bef960b7c200e7d8063142ec	７章データの活用(場合の数)	686	32	0.38484	0.590379	0	0	0	0	1	1.157773748782048	0.12894397464641988	-0.2664185488180847	0.2329976467356519	-0.0486736100324013	1.3019704313784362
abdf6bdb7570e8f9d4338f84bd169130	70_二次方程式	903	72	0.220377	0.219269	0.008859	0	0	0	3	0.2466234347214613	-0.4646117783067174	-0.2664185488180847	1.735382472725538	-0.0486736100324013	1.2996491903545986
a35fe7f7fe8217b4369a0af4244d1fca	0130自宅学習課題	42310	116	0.010494	1.788419	0	0.024817	0	0.034176	0	-0.9161606648387929	2.0450969596588866	0.6399840518329469	-0.5181947662592911	-0.0486736100324013	1.2993991904261508
1bd4b29a8e0afccd9923fe29cecb4b29	シリウス21発展中2	33198	98	0.653714	0.126574	0.080848	0	0	0	0	2.6473770610329868	-0.6128687655072539	-0.2664185488180847	-0.5181947662592911	-0.0486736100324013	1.2985685904807587
5717490cd17470a679e7b314ba139a95	1121後期中間テスト	934	88	0.646681	0.149893	0	0	0	0	0	2.608413159372503	-0.5755722049103574	-0.2664185488180847	-0.5181947662592911	-0.0486736100324013	1.2969012494171712
d185c5ed37536ac0063f735f7a15dd24	07_３年数学「円の性質」週末課題0531_松本先生_only	1509	41	0.148443	0.703777	0	0.090789	0.510949	0	0	-0.15190198857517218	0.3103134749923547	3.049509472719833	-0.5181947662592911	1.3962222156613928	1.293503977216332
2adcfc3929e7c03fac3100d3ad51da26	空間図形Bライン	744	30	0.192204	0.782258	0	0	0	0	2	0.09054068177381422	0.43583649794381163	-0.2664185488180847	0.9841900597305949	-0.0486736100324013	1.2928223006625374
d99fa3a9dd5df426e62b19597322920a	サクセスコーチ英語2年（解答）	14919	99	0.688451	0.000268	0	0	0	0	0	2.8398253835099125	-0.8148834051895554	-0.2664185488180847	-0.5181947662592911	-0.0486736100324013	1.289002273275383
85d6e9c8255c0364fb67b5ac8a25eea3	w04_0501「GW課題」解答例	1240	41	0.687097	0	0	0	0	0	0	2.832324015267584	-0.8153120461364214	-0.2664185488180847	-0.5181947662592911	-0.0486736100324013	1.2810722640861882
662a2e96162905620397b19c9d249781	［STEP中1］第1章 正の数と負の数	111219	416	0.165538	0.794792	0.007661	0.044309	0	0.045559	0	-0.057193059400429354	0.4558834592423879	1.3518992507647243	-0.5181947662592911	-0.0486736100324013	1.2810684943797932
24389bfe4fe2eba8bf9aa9203a44cdad	0705三平方の定理（18円柱と6つの球）解答例	337	78	0.008902	0	0	0	0	0	5	-0.9249805896850164	-0.8153120461364214	-0.2664185488180847	3.2377672987154233	-0.0486736100324013	1.279729724108302
9e197158c200ebaaca22dd182b6f2a1c	ELEMENT U6 Day 4 text	1144	68	0.199301	0	0.020105	0.053322	0	0.149476	1	0.129859153277362	-0.8153120461364214	1.6810851571864411	0.2329976467356519	-0.0486736100324013	1.2773035210954349
57696f4c6d8a92b1eb18308677a59ca2	コネコネコミック 3年2年1年	828	49	0.414251	0	0	0	0	0	2	1.3207152121314694	-0.8153120461364214	-0.2664185488180847	0.9841900597305949	-0.0486736100324013	1.2718482869399594
6616758da438b02b8d360ad83a5b3d77	未来へひろがる数学1	36658	45	0.641633	0.151672	0.175787	0	0	0	0	2.5804464630008095	-0.5727268607145566	-0.2664185488180847	-0.5181947662592911	-0.0486736100324013	1.2717798972412784
55312eec654a75a08dc83de96adde735	改［STEP中2］第7章 確率	13403	184	0.142058	0.228904	0.000746	0.072372	0	0.077147	0	-0.18727587057463008	-0.4492014965042775	2.3768569886891266	-0.5181947662592911	-0.0486736100324013	1.2708584653833295
4f20f7f5d2e7a1b640ebc8244428558c	R04_3年冬休みの課題プリント解答例	2900	37	0.278276	0	0	0	0	0	3	0.5673927994648622	-0.8153120461364214	-0.2664185488180847	1.735382472725538	-0.0486736100324013	1.2697182872682953
31c49b512f199bc6f8734034a87dd9fa	【問題編】シリウス	7873	40	0.379398	0.118887	0.003938	0	0	0	2	1.12762423181399	-0.6251634034123243	-0.2664185488180847	0.9841900597305949	-0.0486736100324013	1.268905949346577
06b1338ba02add2b5d2da67663b19ebe	箱ひげ図で考える＜宿題＞	8292	30	0.005548	1.879884	0	0	0	0.011095	1	-0.9435622655231027	2.1913866768420904	-0.2664185488180847	0.2329976467356519	-0.0486736100324013	1.2630771192689563
48c49b993e040952bd64cf8362e5068b	【問題編】シリウス	5941	33	0.371486	1.073893	0.007743	0.000337	0	0	0	1.0837905349651706	0.9022794178664442	-0.2541101442397957	-0.5181947662592911	-0.0486736100324013	1.2624386523649294
c0cccc24dd23ded67404f5e511c342b0	二次方程式「二次方程式の利用8」（共通解）	539	67	0.109462	0.109462	0	0	0	0	4	-0.3678627237702964	-0.6402378098459515	-0.2664185488180847	2.486574885720481	-0.0486736100324013	1.2607294133185498
4bf9cd0c47aeb311049c6f5bafd85269	【解答編】シリウス	4793	37	0.411225	0.002712	0.005007	0	0	0	2	1.3039507067390874	-0.8109744556591804	-0.2664185488180847	0.9841900597305949	-0.0486736100324013	1.2594213720248184
fbfe5ba2ce3309f522c335e949435612	01_夏休み明けテスト	620	34	0.677419	0.019355	0.016129	0	0	0	0	2.77870640681171	-0.7843555329774983	-0.2664185488180847	-0.5181947662592911	-0.0486736100324013	1.2584111687892376
d6539d3b57159babf6a72e106beb45bd	0124解答二次関数 （接線の式）	421	78	0.004751	0	0	0	0	0	5	-0.9479777681000123	-0.8153120461364214	-0.2664185488180847	3.2377672987154233	-0.0486736100324013	1.2567325456933063
975e6107778ce7a40b9878bfb96a16a7	未来へひろがる数学2	96522	243	0.676996	0.019022	0.013427	0	0	0	0	2.7763629217552075	-0.7848881353480445	-0.2664185488180847	-0.5181947662592911	-0.0486736100324013	1.2555350813621888
a3ec6dd8d538712a581e5b24726ce062	比例，反比例の利用（交点の座標、図形問題）	7673	118	0.441157	0.834876	0.021374	0	0	0	0	1.469778590217204	0.5199940701161814	-0.2664185488180847	-0.5181947662592911	-0.0486736100324013	1.2538329552884109
b5ecbbf5782cc7fe9e453f3a2f26f24b	改［STEP中2］第6章 データの活用	5932	144	0.096089	0.370364	0	0.072657	0	0.07468	0	-0.44195120050933334	-0.22294945044582898	2.3872661735698752	-0.5181947662592911	-0.0486736100324013	1.252844366387823
881317e81cbf9521edf4df205a545eb8	9_生徒解答	351	59	0.139601	0	0	0	0	0	4	-0.20088802845601889	-0.8153120461364214	-0.2664185488180847	2.486574885720481	-0.0486736100324013	1.2526298723423575
2407dc29cf2ab352752d288c15d812b2	R6toR7 春休みの演習課題(解答)	13738	114	0.272456	0.008517	0	0	0	0	3	0.5351491043612057	-0.8016899008212807	-0.2664185488180847	1.735382472725538	-0.0486736100324013	1.2510967374797797
b7892fb3c2f009c65f686f6355c895b5	R01夏休み課題説明P	363	42	0	0.011019	0.192837	0	0	0	5	-0.9742990387937359	-0.7976881857128526	-0.2664185488180847	3.2377672987154233	-0.0486736100324013	1.2480351354231514
3efb1003f82eed4b02d0f13cfc5d1da3	R6_1年春休みの演習課題A 解答	3827	117	0.269924	0.003397	0.001045	0.000523	0	0	3	0.521121434944976	-0.8098788621942431	-0.2473167814755175	1.735382472725538	-0.0486736100324013	1.2479818740331547
0a5c79b1eaf15445da252ada718857e9	シリウス21発展中1[解答]	25388	118	0.680873	7.9e-05	0.001654	0	0	0	0	2.797842098029584	-0.8151856930214869	-0.2664185488180847	-0.5181947662592911	-0.0486736100324013	1.246716699963123
1cb524b5a3f3f82be4a7d954063c07e2	No.27解答例	357	105	0.002801	0	0.056022	0	0	0	5	-0.9587810680058766	-0.8153120461364214	-0.2664185488180847	3.2377672987154233	-0.0486736100324013	1.245929245787442
9d38e6eab92b2aeb0a83b570188d5a1a	合唱曲「ぜんぶ」	829	33	0	0.00965	0	0	0	0	5	-0.9742990387937359	-0.7998777732362091	-0.2664185488180847	3.2377672987154233	-0.0486736100324013	1.2458455478997947
